800 60 90000 45 1500
71 19 58 29 21 50 107 99 58 94 93 28 101 83 27 113 154 60 17 150 176 138 60 174 118 83 128 147 157 140 177 42 18 162 121 24 78 58 159 118 153 155 160 136 62 56 169 53 25 45 145 93 111 107 21 59 59 20 123 41 134 171 21 167 130 83 58 115 44 19 57 91 107 12 10 42 126 147 69 50 109 44 56 40 98 50 143 108 161 77 108 78 48 15 56 67 12 179 158 173 49 99 38 146 92 80 126 130 154 148 77 172 29 62 37 124 158 113 134 43 180 152 82 151 82 59 171 26 76 176 23 123 53 139 82 160 132 174 92 36 160 23 39 23 45 150 147 70 64 78 131 175 23 107 85 89 163 125 45 10 73 16 106 25 26 125 60 79 154 122 89 170 109 57 137 179 111 97 108 119 151 31 156 52 113 108 139 28 100 158 82 40 117 180 163 126 97 67 71 145 146 146 135 140 145 40 138 21 27 13 180 37 11 86 48 136 141 165 55 124 50 80 50 97 19 55 12 88 90 108 112 90 164 159 127 117 128 153 15 82 60 162 78 111 160 40 115 27 61 155 14 55 66 130 104 27 128 156 166 178 161 165 170 155 36 147 54 60 66 114 153 34 43 115 63 170 103 47 172 28 178 157 43 72 47 18 16 32 23 50 115 24 77 74 36 150 131 174 117 140 114 63 49 35 99 105 115 40 20 144 109 89 83 37 88 23 78 121 20 66 141 126 60 157 129 160 144 104 66 56 120 55 41 70 72 153 134 20 126 94 72 73 80 15 34 142 21 41 77 114 106 133 51 97 158 21 61 104 127 149 34 120 68 136 90 52 176 128 180 168 44 135 65 15 126 133 126 82 118 31 133 48 161 66 15 114 112 131 74 112 61 59 18 156 27 17 153 37 85 106 149 132 27 161 92 80 74 173 170 131 65 178 29 136 116 114 160 82 116 39 47 143 52 54 15 169 163 132 112 137 134 85 121 144 52 134 40 93 85 164 133 117 150 149 86 60 30 128 161 55 167 178 173 94 122 128 112 90 51 18 30 151 109 157 76 122 26 172 118 87 75 66 123 174 118 172 152 39 177 11 73 156 122 30 15 142 175 21 75 36 109 139 166 29 145 71 130 135 117 37 149 140 52 161 53 175 30 70 139 96 40 86 142 157 116 172 76 160 147 137 133 133 21 129 115 127 25 89 92 88 43 39 135 27 178 177 113 114 86 108 85 70 20 33 46 136 69 62 14 90 133 41 66 30 18 151 12 76 172 95 156 93 166 89 104 47 27 176 150 111 77 19 158 89 57 111 33 149 140 175 122 143 25 158 10 51 115 145 20 108 15 80 102 61 114 152 117 64 132 140 134 43 12 155 49 123 107 165 135 14 29 69 38 169 62 117 119 77 24 73 36 135 24 47 77 140 138 120 81 64 13 104 79 179 19 109 178 90 131 115 124 96 165 42 35 161 11 146 91 43 150 106 51 178 155 132 66 55 94 119 55 141 88 20 136 155 34 45 148 116 108 20 55 82 33 180 23 143 117 75 180 133 118 84 100 67 160 156 180 21 79 48 89 49 130 115 121 104 49 59 170 133 171 78 163 38 88 174 170 77 34 146 135 133 56 140 153 114 146 116 81 52 72 24 32 11 123 167 180 109 145 164 180 35 23 168 111 94 19 149 159 101 159 102 41 161 26 45 129 126 116 32 150 122 11 147 115 23 39 70 70 21 116 165 79 125 16 52 84 88 109 141 138 151 48 60 91 93 77 27 156 49 144 104 55 125 50 154 115 48 16 29 109 90 148 66 95 123 154 30
893 45
0 93
1 159
2 113
3 93
4 94
5 200
6 151
7 95
8 190
9 160
10 80
11 184
12 104
13 129
14 46
15 118
16 67
17 146
18 120
19 61
20 193
21 172
22 164
23 93
24 183
25 174
26 109
27 77
28 121
29 87
30 48
31 140
32 80
33 84
34 102
35 93
36 153
37 129
38 189
39 157
40 161
41 154
42 96
43 75
44 190
528 45
0 118
1 139
2 122
3 68
4 169
5 82
6 174
7 148
8 87
9 98
10 80
11 105
12 190
13 54
14 108
15 84
16 138
17 68
18 130
19 103
20 115
21 44
22 153
23 45
24 178
25 78
26 153
27 165
28 93
29 146
30 76
31 188
32 95
33 109
34 167
35 46
36 62
37 99
38 159
39 145
40 185
41 165
42 173
43 42
44 138
871 45
0 106
1 184
2 162
3 48
4 126
5 40
6 65
7 109
8 76
9 85
10 116
11 160
12 193
13 81
14 84
15 121
16 97
17 102
18 153
19 142
20 111
21 175
22 52
23 89
24 171
25 199
26 193
27 188
28 133
29 183
30 126
31 55
32 146
33 175
34 132
35 96
36 78
37 129
38 102
39 112
40 138
41 192
42 69
43 72
44 101
814 45
0 189
1 182
2 69
3 86
4 197
5 52
6 91
7 189
8 190
9 109
10 99
11 83
12 182
13 61
14 162
15 100
16 161
17 157
18 88
19 104
20 175
21 74
22 49
23 146
24 62
25 66
26 155
27 142
28 193
29 117
30 189
31 96
32 45
33 171
34 122
35 190
36 41
37 139
38 152
39 88
40 189
41 74
42 118
43 92
44 93
797 45
0 200
1 120
2 132
3 180
4 158
5 166
6 92
7 97
8 189
9 75
10 42
11 126
12 177
13 88
14 154
15 52
16 79
17 47
18 181
19 57
20 118
21 110
22 112
23 158
24 111
25 53
26 79
27 68
28 174
29 65
30 126
31 60
32 82
33 199
34 183
35 94
36 144
37 132
38 121
39 167
40 143
41 62
42 43
43 58
44 197
557 45
0 74
1 57
2 113
3 158
4 84
5 86
6 98
7 178
8 153
9 41
10 183
11 163
12 192
13 146
14 46
15 92
16 171
17 111
18 115
19 131
20 90
21 135
22 182
23 55
24 145
25 46
26 56
27 71
28 102
29 46
30 41
31 122
32 118
33 156
34 66
35 187
36 121
37 101
38 65
39 99
40 68
41 197
42 77
43 197
44 88
472 45
0 72
1 44
2 122
3 51
4 80
5 135
6 56
7 175
8 160
9 87
10 110
11 188
12 147
13 57
14 102
15 100
16 40
17 51
18 153
19 144
20 102
21 110
22 151
23 114
24 100
25 195
26 165
27 121
28 61
29 186
30 118
31 192
32 86
33 158
34 95
35 132
36 119
37 142
38 77
39 120
40 148
41 88
42 164
43 93
44 106
681 45
0 155
1 128
2 145
3 200
4 109
5 160
6 115
7 170
8 166
9 154
10 108
11 140
12 107
13 190
14 110
15 42
16 192
17 57
18 84
19 91
20 102
21 170
22 120
23 77
24 132
25 120
26 102
27 74
28 175
29 67
30 112
31 68
32 140
33 59
34 165
35 197
36 75
37 129
38 182
39 160
40 40
41 109
42 183
43 130
44 142
891 45
0 126
1 51
2 88
3 80
4 138
5 72
6 69
7 45
8 71
9 185
10 75
11 190
12 146
13 176
14 120
15 169
16 54
17 117
18 52
19 78
20 56
21 181
22 120
23 149
24 145
25 161
26 172
27 146
28 173
29 126
30 158
31 86
32 69
33 74
34 48
35 49
36 143
37 178
38 197
39 197
40 145
41 186
42 197
43 47
44 161
871 45
0 139
1 90
2 178
3 103
4 99
5 170
6 186
7 78
8 62
9 112
10 93
11 64
12 177
13 167
14 69
15 183
16 84
17 196
18 134
19 69
20 140
21 188
22 159
23 92
24 67
25 129
26 90
27 40
28 108
29 97
30 112
31 194
32 142
33 162
34 143
35 124
36 188
37 192
38 95
39 138
40 98
41 97
42 141
43 189
44 144
402 45
0 109
1 184
2 64
3 62
4 124
5 46
6 134
7 40
8 73
9 113
10 67
11 179
12 106
13 190
14 43
15 124
16 70
17 193
18 165
19 54
20 115
21 101
22 52
23 89
24 164
25 137
26 134
27 85
28 167
29 93
30 78
31 123
32 122
33 169
34 135
35 98
36 193
37 167
38 142
39 151
40 51
41 52
42 142
43 66
44 80
780 45
0 181
1 120
2 92
3 106
4 200
5 101
6 73
7 45
8 133
9 40
10 76
11 106
12 169
13 76
14 159
15 61
16 143
17 55
18 188
19 136
20 179
21 103
22 199
23 155
24 130
25 200
26 190
27 44
28 181
29 97
30 187
31 65
32 188
33 177
34 149
35 101
36 92
37 50
38 58
39 134
40 100
41 163
42 163
43 128
44 104
882 45
0 182
1 187
2 178
3 176
4 156
5 90
6 103
7 125
8 62
9 76
10 195
11 84
12 110
13 112
14 78
15 156
16 200
17 173
18 191
19 81
20 91
21 156
22 181
23 44
24 171
25 69
26 130
27 165
28 148
29 144
30 187
31 150
32 99
33 153
34 188
35 160
36 47
37 161
38 51
39 94
40 41
41 169
42 73
43 124
44 53
601 45
0 70
1 43
2 198
3 75
4 167
5 174
6 174
7 164
8 196
9 121
10 91
11 79
12 83
13 84
14 166
15 159
16 112
17 156
18 200
19 145
20 113
21 199
22 67
23 110
24 192
25 132
26 126
27 153
28 87
29 75
30 56
31 185
32 118
33 192
34 144
35 48
36 52
37 78
38 59
39 183
40 66
41 120
42 90
43 165
44 125
838 45
0 150
1 116
2 42
3 48
4 192
5 172
6 171
7 69
8 59
9 142
10 122
11 189
12 159
13 148
14 151
15 109
16 42
17 92
18 180
19 98
20 110
21 191
22 137
23 85
24 151
25 135
26 198
27 84
28 162
29 183
30 49
31 131
32 56
33 178
34 60
35 142
36 129
37 144
38 195
39 152
40 107
41 66
42 177
43 126
44 139
727 45
0 55
1 60
2 47
3 76
4 62
5 64
6 114
7 152
8 140
9 134
10 94
11 90
12 192
13 191
14 97
15 191
16 166
17 196
18 80
19 147
20 40
21 162
22 66
23 138
24 164
25 131
26 150
27 52
28 125
29 59
30 63
31 183
32 79
33 54
34 187
35 158
36 57
37 178
38 60
39 46
40 112
41 122
42 153
43 85
44 195
834 45
0 129
1 91
2 165
3 101
4 141
5 143
6 64
7 192
8 118
9 176
10 115
11 83
12 95
13 144
14 187
15 103
16 93
17 55
18 169
19 73
20 163
21 68
22 135
23 58
24 48
25 99
26 79
27 75
28 189
29 89
30 131
31 173
32 167
33 132
34 199
35 187
36 159
37 145
38 50
39 132
40 68
41 103
42 83
43 182
44 158
668 45
0 48
1 177
2 150
3 77
4 92
5 142
6 178
7 60
8 57
9 148
10 160
11 180
12 146
13 72
14 181
15 76
16 173
17 104
18 49
19 118
20 47
21 102
22 168
23 188
24 132
25 126
26 50
27 88
28 50
29 109
30 156
31 89
32 135
33 121
34 78
35 175
36 64
37 132
38 175
39 165
40 65
41 161
42 163
43 146
44 63
723 45
0 51
1 65
2 69
3 128
4 79
5 146
6 91
7 46
8 156
9 56
10 55
11 70
12 198
13 118
14 126
15 140
16 54
17 69
18 122
19 141
20 63
21 91
22 187
23 146
24 87
25 115
26 63
27 60
28 47
29 137
30 45
31 49
32 98
33 156
34 176
35 47
36 111
37 175
38 77
39 184
40 80
41 164
42 61
43 64
44 176
598 45
0 62
1 90
2 174
3 41
4 105
5 113
6 167
7 56
8 140
9 129
10 145
11 78
12 121
13 176
14 48
15 100
16 187
17 99
18 115
19 111
20 189
21 58
22 91
23 44
24 115
25 54
26 118
27 179
28 173
29 136
30 132
31 145
32 71
33 169
34 146
35 55
36 59
37 80
38 149
39 50
40 164
41 171
42 107
43 93
44 140
757 45
0 143
1 77
2 98
3 96
4 188
5 81
6 135
7 41
8 107
9 105
10 118
11 41
12 45
13 187
14 45
15 138
16 149
17 188
18 174
19 194
20 141
21 52
22 140
23 154
24 45
25 55
26 94
27 178
28 136
29 132
30 194
31 156
32 90
33 105
34 80
35 164
36 102
37 91
38 123
39 101
40 61
41 180
42 127
43 88
44 173
621 45
0 149
1 89
2 51
3 57
4 190
5 174
6 128
7 72
8 56
9 71
10 145
11 77
12 169
13 47
14 188
15 85
16 159
17 185
18 191
19 150
20 190
21 162
22 49
23 97
24 178
25 137
26 71
27 184
28 195
29 192
30 52
31 154
32 45
33 121
34 144
35 160
36 155
37 107
38 110
39 76
40 189
41 108
42 85
43 176
44 191
805 45
0 164
1 187
2 179
3 177
4 43
5 54
6 186
7 151
8 139
9 99
10 100
11 110
12 167
13 103
14 167
15 45
16 71
17 159
18 113
19 150
20 130
21 136
22 168
23 126
24 89
25 92
26 164
27 56
28 185
29 151
30 64
31 139
32 148
33 83
34 92
35 46
36 97
37 46
38 115
39 125
40 86
41 130
42 55
43 139
44 50
788 45
0 90
1 179
2 81
3 152
4 173
5 127
6 128
7 170
8 198
9 196
10 130
11 66
12 147
13 179
14 66
15 64
16 185
17 150
18 106
19 189
20 148
21 174
22 57
23 43
24 189
25 76
26 155
27 179
28 149
29 70
30 194
31 136
32 148
33 156
34 98
35 113
36 97
37 68
38 60
39 122
40 148
41 190
42 120
43 59
44 195
688 45
0 133
1 97
2 155
3 47
4 84
5 57
6 77
7 180
8 114
9 115
10 170
11 176
12 122
13 40
14 164
15 152
16 46
17 188
18 74
19 184
20 88
21 86
22 86
23 169
24 183
25 133
26 139
27 49
28 73
29 183
30 126
31 143
32 175
33 125
34 74
35 125
36 180
37 75
38 95
39 139
40 135
41 185
42 63
43 144
44 46
855 45
0 68
1 80
2 85
3 45
4 112
5 172
6 135
7 121
8 106
9 139
10 128
11 130
12 99
13 55
14 68
15 57
16 105
17 123
18 87
19 126
20 183
21 65
22 79
23 128
24 93
25 82
26 40
27 78
28 42
29 45
30 173
31 133
32 107
33 188
34 89
35 157
36 134
37 168
38 107
39 57
40 46
41 172
42 57
43 157
44 155
871 45
0 96
1 82
2 43
3 95
4 160
5 126
6 120
7 94
8 181
9 187
10 179
11 48
12 51
13 87
14 157
15 144
16 166
17 73
18 129
19 99
20 126
21 99
22 165
23 90
24 139
25 131
26 146
27 92
28 186
29 54
30 46
31 152
32 40
33 60
34 70
35 61
36 169
37 74
38 152
39 63
40 84
41 56
42 125
43 105
44 132
463 45
0 121
1 81
2 104
3 133
4 185
5 93
6 53
7 59
8 116
9 132
10 127
11 131
12 191
13 61
14 104
15 49
16 186
17 185
18 132
19 118
20 107
21 55
22 59
23 127
24 130
25 145
26 181
27 97
28 67
29 141
30 100
31 143
32 185
33 49
34 128
35 136
36 191
37 54
38 107
39 96
40 53
41 186
42 118
43 112
44 65
640 45
0 72
1 47
2 127
3 54
4 61
5 177
6 174
7 183
8 123
9 181
10 145
11 70
12 160
13 161
14 118
15 57
16 196
17 168
18 99
19 86
20 71
21 53
22 89
23 173
24 185
25 138
26 163
27 196
28 85
29 126
30 116
31 94
32 47
33 91
34 169
35 169
36 174
37 180
38 180
39 172
40 152
41 188
42 154
43 68
44 58
864 45
0 145
1 188
2 76
3 159
4 100
5 114
6 174
7 45
8 129
9 81
10 68
11 120
12 178
13 155
14 200
15 122
16 83
17 120
18 98
19 53
20 142
21 111
22 179
23 60
24 78
25 91
26 200
27 40
28 140
29 102
30 125
31 60
32 157
33 179
34 192
35 106
36 191
37 135
38 153
39 150
40 106
41 160
42 89
43 171
44 176
435 45
0 82
1 87
2 169
3 117
4 150
5 78
6 43
7 52
8 165
9 94
10 45
11 142
12 114
13 111
14 60
15 163
16 156
17 173
18 137
19 200
20 98
21 108
22 166
23 194
24 119
25 164
26 120
27 170
28 192
29 172
30 133
31 160
32 97
33 121
34 71
35 195
36 158
37 195
38 168
39 74
40 87
41 111
42 68
43 73
44 58
728 45
0 125
1 150
2 102
3 184
4 114
5 99
6 178
7 40
8 40
9 141
10 164
11 158
12 80
13 171
14 152
15 90
16 125
17 94
18 127
19 66
20 152
21 117
22 164
23 134
24 40
25 103
26 169
27 74
28 101
29 194
30 111
31 107
32 107
33 157
34 64
35 55
36 90
37 121
38 135
39 196
40 134
41 48
42 174
43 49
44 197
612 45
0 75
1 69
2 54
3 48
4 46
5 75
6 170
7 139
8 117
9 66
10 101
11 70
12 185
13 129
14 89
15 46
16 82
17 64
18 65
19 190
20 198
21 174
22 135
23 152
24 132
25 171
26 103
27 186
28 71
29 129
30 155
31 89
32 145
33 57
34 58
35 84
36 72
37 97
38 139
39 147
40 136
41 110
42 149
43 127
44 199
477 45
0 136
1 69
2 189
3 170
4 136
5 75
6 122
7 186
8 98
9 85
10 76
11 196
12 143
13 186
14 146
15 41
16 162
17 113
18 102
19 66
20 92
21 124
22 43
23 191
24 128
25 90
26 189
27 171
28 136
29 118
30 129
31 78
32 96
33 196
34 100
35 101
36 52
37 160
38 191
39 139
40 125
41 150
42 63
43 157
44 98
700 45
0 153
1 162
2 103
3 125
4 152
5 111
6 181
7 64
8 42
9 146
10 138
11 136
12 198
13 54
14 63
15 131
16 156
17 171
18 100
19 80
20 84
21 118
22 162
23 85
24 135
25 121
26 185
27 76
28 122
29 173
30 141
31 77
32 93
33 135
34 77
35 43
36 43
37 100
38 118
39 101
40 185
41 167
42 191
43 172
44 163
647 45
0 171
1 54
2 79
3 119
4 147
5 78
6 79
7 145
8 163
9 110
10 94
11 107
12 64
13 49
14 108
15 131
16 165
17 131
18 103
19 74
20 91
21 156
22 110
23 124
24 46
25 128
26 125
27 176
28 166
29 97
30 51
31 93
32 118
33 100
34 109
35 136
36 136
37 133
38 125
39 193
40 145
41 162
42 140
43 190
44 81
434 45
0 99
1 157
2 145
3 91
4 128
5 61
6 194
7 159
8 102
9 133
10 154
11 66
12 112
13 191
14 185
15 160
16 77
17 48
18 129
19 51
20 102
21 63
22 105
23 117
24 157
25 127
26 83
27 149
28 191
29 185
30 72
31 84
32 155
33 179
34 134
35 77
36 176
37 45
38 165
39 128
40 166
41 153
42 156
43 75
44 101
647 45
0 118
1 132
2 176
3 42
4 81
5 198
6 146
7 162
8 58
9 172
10 155
11 170
12 49
13 148
14 155
15 148
16 182
17 150
18 150
19 155
20 82
21 85
22 88
23 164
24 58
25 200
26 147
27 94
28 51
29 88
30 121
31 183
32 40
33 120
34 121
35 170
36 162
37 101
38 55
39 71
40 147
41 176
42 131
43 94
44 154
603 45
0 116
1 125
2 190
3 76
4 106
5 51
6 92
7 97
8 171
9 103
10 42
11 102
12 136
13 109
14 168
15 152
16 100
17 133
18 189
19 99
20 177
21 73
22 173
23 97
24 101
25 52
26 137
27 68
28 197
29 67
30 71
31 106
32 83
33 41
34 88
35 67
36 173
37 161
38 115
39 166
40 179
41 104
42 88
43 172
44 59
627 45
0 62
1 50
2 130
3 141
4 78
5 118
6 85
7 200
8 43
9 136
10 103
11 141
12 105
13 56
14 162
15 40
16 168
17 63
18 51
19 54
20 121
21 79
22 78
23 153
24 137
25 51
26 141
27 126
28 198
29 141
30 56
31 195
32 59
33 133
34 96
35 153
36 107
37 193
38 144
39 119
40 164
41 122
42 185
43 90
44 41
649 45
0 43
1 140
2 183
3 199
4 139
5 200
6 164
7 168
8 114
9 62
10 182
11 180
12 191
13 167
14 188
15 87
16 188
17 190
18 112
19 64
20 136
21 155
22 46
23 106
24 191
25 66
26 165
27 178
28 150
29 125
30 93
31 74
32 156
33 192
34 82
35 57
36 176
37 139
38 165
39 95
40 73
41 126
42 175
43 134
44 185
636 45
0 44
1 187
2 175
3 196
4 190
5 41
6 65
7 123
8 60
9 104
10 189
11 175
12 110
13 151
14 64
15 199
16 83
17 57
18 59
19 61
20 107
21 164
22 130
23 66
24 51
25 40
26 101
27 180
28 81
29 103
30 112
31 155
32 150
33 85
34 48
35 92
36 118
37 154
38 113
39 196
40 149
41 152
42 81
43 51
44 169
673 45
0 150
1 113
2 57
3 174
4 151
5 193
6 161
7 138
8 101
9 159
10 101
11 186
12 56
13 43
14 153
15 67
16 129
17 92
18 70
19 84
20 70
21 112
22 76
23 141
24 169
25 155
26 180
27 53
28 180
29 143
30 195
31 133
32 122
33 66
34 179
35 177
36 162
37 69
38 76
39 123
40 100
41 171
42 75
43 142
44 190
773 45
0 194
1 99
2 71
3 78
4 45
5 137
6 76
7 132
8 52
9 118
10 197
11 101
12 117
13 166
14 194
15 74
16 84
17 111
18 181
19 70
20 176
21 148
22 94
23 69
24 155
25 97
26 160
27 152
28 172
29 118
30 140
31 196
32 178
33 164
34 75
35 154
36 114
37 60
38 154
39 155
40 146
41 59
42 53
43 68
44 125
822 45
0 88
1 99
2 66
3 109
4 62
5 72
6 92
7 72
8 146
9 132
10 63
11 137
12 88
13 134
14 53
15 175
16 47
17 72
18 41
19 69
20 122
21 53
22 127
23 167
24 151
25 138
26 77
27 46
28 99
29 90
30 158
31 169
32 48
33 141
34 105
35 121
36 94
37 94
38 57
39 71
40 46
41 74
42 200
43 126
44 197
595 45
0 43
1 88
2 84
3 161
4 98
5 180
6 150
7 67
8 173
9 161
10 66
11 58
12 159
13 76
14 40
15 113
16 136
17 182
18 133
19 73
20 55
21 146
22 176
23 47
24 93
25 41
26 131
27 104
28 55
29 169
30 123
31 88
32 73
33 200
34 63
35 100
36 95
37 185
38 177
39 166
40 193
41 102
42 63
43 64
44 93
658 45
0 63
1 68
2 105
3 97
4 131
5 184
6 64
7 159
8 185
9 106
10 164
11 171
12 173
13 78
14 169
15 96
16 180
17 181
18 108
19 66
20 152
21 73
22 97
23 176
24 82
25 76
26 140
27 118
28 74
29 70
30 101
31 161
32 193
33 50
34 63
35 199
36 123
37 152
38 108
39 157
40 67
41 168
42 97
43 113
44 44
673 45
0 90
1 43
2 83
3 150
4 154
5 124
6 149
7 146
8 58
9 129
10 59
11 172
12 148
13 178
14 161
15 58
16 102
17 136
18 50
19 147
20 52
21 196
22 43
23 100
24 59
25 126
26 122
27 69
28 94
29 134
30 101
31 170
32 64
33 171
34 73
35 161
36 89
37 187
38 156
39 135
40 163
41 97
42 146
43 194
44 196
437 45
0 127
1 188
2 153
3 153
4 59
5 41
6 96
7 67
8 159
9 148
10 154
11 69
12 150
13 61
14 60
15 119
16 158
17 67
18 182
19 78
20 88
21 44
22 186
23 84
24 120
25 116
26 137
27 87
28 142
29 137
30 182
31 92
32 147
33 64
34 189
35 120
36 123
37 179
38 112
39 122
40 46
41 95
42 65
43 153
44 164
568 45
0 71
1 65
2 90
3 191
4 105
5 87
6 105
7 94
8 140
9 161
10 47
11 109
12 40
13 53
14 146
15 44
16 173
17 138
18 193
19 158
20 152
21 64
22 108
23 92
24 99
25 160
26 141
27 117
28 118
29 70
30 119
31 190
32 64
33 63
34 99
35 194
36 51
37 84
38 186
39 78
40 64
41 130
42 74
43 56
44 85
616 45
0 99
1 193
2 51
3 104
4 110
5 184
6 45
7 117
8 91
9 51
10 157
11 140
12 172
13 81
14 70
15 61
16 159
17 112
18 185
19 197
20 127
21 85
22 60
23 89
24 190
25 121
26 48
27 200
28 112
29 78
30 74
31 45
32 159
33 110
34 58
35 191
36 65
37 65
38 58
39 118
40 192
41 184
42 150
43 135
44 151
424 45
0 53
1 81
2 200
3 90
4 64
5 165
6 190
7 93
8 83
9 66
10 78
11 71
12 42
13 46
14 189
15 90
16 179
17 65
18 128
19 117
20 156
21 182
22 123
23 77
24 124
25 84
26 162
27 61
28 73
29 177
30 151
31 196
32 125
33 181
34 137
35 62
36 130
37 118
38 174
39 156
40 197
41 185
42 55
43 84
44 115
650 45
0 143
1 145
2 121
3 170
4 68
5 139
6 143
7 91
8 89
9 128
10 129
11 161
12 152
13 103
14 60
15 89
16 188
17 138
18 115
19 141
20 168
21 50
22 47
23 46
24 142
25 118
26 77
27 50
28 197
29 84
30 62
31 120
32 127
33 166
34 45
35 121
36 169
37 99
38 168
39 132
40 84
41 64
42 142
43 179
44 199
562 45
0 191
1 105
2 155
3 196
4 147
5 56
6 173
7 45
8 118
9 73
10 178
11 146
12 168
13 175
14 126
15 97
16 109
17 60
18 166
19 148
20 149
21 151
22 90
23 96
24 183
25 45
26 68
27 133
28 146
29 121
30 178
31 146
32 65
33 193
34 91
35 168
36 200
37 44
38 79
39 170
40 70
41 145
42 149
43 61
44 97
806 45
0 132
1 165
2 139
3 117
4 191
5 100
6 191
7 149
8 54
9 155
10 43
11 153
12 172
13 150
14 109
15 131
16 172
17 113
18 89
19 63
20 72
21 131
22 186
23 154
24 126
25 197
26 194
27 140
28 108
29 51
30 148
31 153
32 40
33 176
34 155
35 41
36 157
37 159
38 195
39 122
40 136
41 45
42 44
43 75
44 179
783 45
0 55
1 94
2 55
3 127
4 180
5 194
6 59
7 79
8 82
9 48
10 151
11 192
12 142
13 156
14 170
15 63
16 143
17 149
18 199
19 189
20 149
21 199
22 145
23 57
24 73
25 98
26 189
27 129
28 63
29 87
30 106
31 140
32 200
33 91
34 80
35 45
36 45
37 106
38 146
39 137
40 81
41 109
42 122
43 152
44 45
633 45
0 173
1 166
2 48
3 148
4 113
5 67
6 72
7 136
8 171
9 54
10 106
11 173
12 177
13 160
14 171
15 59
16 190
17 188
18 156
19 186
20 179
21 149
22 129
23 74
24 114
25 66
26 49
27 144
28 152
29 180
30 156
31 84
32 51
33 94
34 175
35 154
36 68
37 42
38 46
39 143
40 187
41 55
42 46
43 46
44 191
721 45
0 174
1 135
2 82
3 139
4 153
5 63
6 84
7 153
8 47
9 93
10 154
11 120
12 171
13 46
14 93
15 70
16 68
17 105
18 136
19 138
20 193
21 81
22 130
23 143
24 42
25 186
26 60
27 101
28 134
29 87
30 50
31 159
32 174
33 154
34 41
35 128
36 139
37 116
38 146
39 57
40 49
41 84
42 175
43 64
44 45
691 45
0 116
1 92
2 134
3 105
4 159
5 80
6 170
7 193
8 179
9 146
10 112
11 74
12 159
13 165
14 108
15 45
16 185
17 42
18 190
19 195
20 50
21 186
22 187
23 118
24 111
25 112
26 85
27 47
28 158
29 137
30 200
31 99
32 171
33 174
34 61
35 174
36 57
37 77
38 50
39 73
40 75
41 81
42 177
43 197
44 96
563 45
0 193
1 155
2 111
3 105
4 65
5 93
6 120
7 145
8 89
9 138
10 151
11 157
12 50
13 116
14 188
15 149
16 122
17 74
18 58
19 148
20 150
21 196
22 169
23 167
24 93
25 188
26 91
27 92
28 122
29 199
30 92
31 111
32 55
33 81
34 92
35 169
36 93
37 161
38 110
39 119
40 199
41 93
42 93
43 187
44 66
4 58 22
16 6 12
62 26 86
1 51 126
0 6 84
0 2 40
15 44 66
1 24 44
2 46 153
3 56 82
6 16 194
34 40 137
2 18 159
0 23 146
166 13 102
0 40 77
1 30 110
3 41 91
0 51 69
5 58 9
3 13 33
8 27 131
2 3 58
7 46 146
767 58 185
491 27 188
4 37 118
42 59 196
2 42 109
1 9 170
0 14 158
0 20 68
0 9 112
34 23 9
2 28 86
4 55 92
190 7 118
0 21 31
9 20 134
0 51 5
3 6 156
1 11 143
0 6 121
1 55 175
3 8 98
2 38 193
18 35 95
0 17 93
4 33 199
0 54 28
0 12 115
0 53 169
3 5 184
39 18 153
0 10 164
212 17 103
1 49 44
3 18 118
0 59 108
1 8 48
0 35 32
0 50 121
3 43 68
20 11 191
0 30 69
5 33 78
2 34 185
1 38 186
0 15 192
0 59 45
0 33 4
0 26 134
1 49 152
0 34 7
10 13 7
0 12 112
0 51 54
0 54 41
2 38 92
12 22 74
0 13 194
3 16 93
1 50 80
0 6 139
0 17 35
2 48 78
179 16 27
0 51 184
13 3 91
6 10 41
10 5 116
1 5 25
191 59 163
4 27 83
0 5 16
0 32 67
1 16 195
1 8 154
0 4 153
0 36 12
36 32 110
0 19 171
1 50 126
1 25 14
91 36 153
0 35 183
0 29 55
0 17 81
3 16 14
20 55 175
627 33 60
14 50 120
0 17 145
0 44 119
1 9 83
0 40 8
0 17 126
6 53 82
0 28 97
1 9 138
139 53 179
5 13 94
2 47 10
3 25 10
0 27 76
0 35 177
0 23 38
2 14 123
0 19 22
2 33 92
0 45 178
0 5 188
0 31 128
204 4 31
0 59 147
16 8 105
1 13 83
0 56 106
0 35 42
0 1 72
2 51 91
1 27 180
2 26 115
239 26 96
231 39 61
17 23 106
7 49 65
267 34 157
0 25 34
9 39 191
4 18 184
214 28 192
1 44 78
0 39 29
0 21 191
2 44 26
184 43 134
0 17 130
0 35 94
0 35 196
8 56 77
0 19 101
6 13 45
1 32 14
0 22 100
11 17 61
56 51 43
513 35 11
4 8 137
1 18 61
0 16 111
0 2 8
54 27 18
0 7 102
114 3 18
258 3 180
0 14 60
10 58 32
0 17 193
69 9 106
3 24 78
1 33 75
0 56 92
0 5 38
2 6 172
0 47 104
2 35 95
3 2 199
363 19 104
39 9 175
0 51 24
0 16 148
4 34 55
0 6 149
12 13 143
36 37 107
1 28 68
1 52 183
7 14 154
15 45 69
24 1 114
3 59 178
0 38 22
0 8 90
1 25 78
28 21 37
36 16 82
5 57 57
2 1 13
0 41 28
0 31 41
4 41 36
9 49 123
0 52 192
19 13 152
12 33 48
0 59 166
0 59 69
1 7 65
0 13 148
52 35 105
4 26 98
0 12 177
0 38 119
1 26 23
141 0 81
0 30 57
15 40 1
61 6 164
0 10 92
2 8 165
1 9 160
25 11 14
0 55 43
3 46 121
0 9 98
0 56 184
1 5 97
22 10 127
51 28 2
22 11 23
239 35 135
3 7 31
0 59 57
18 39 26
1 49 117
0 29 9
1 7 164
1 49 3
0 11 55
0 16 21
0 2 51
4 1 30
24 33 102
0 34 150
1 20 47
0 11 187
1 9 136
1 45 199
0 57 137
202 43 196
13 35 38
0 20 21
1 51 60
1 37 103
11 52 50
0 25 80
0 3 87
9 40 77
3 12 100
1 21 157
47 22 86
0 23 91
3 40 25
706 50 108
0 51 101
0 5 80
0 22 88
4 1 64
4 2 121
1 44 106
3 30 41
330 34 46
119 39 11
1 40 38
3 49 185
2 7 42
26 46 12
0 1 21
0 4 38
4 45 96
2 40 10
128 51 112
44 7 54
1 17 24
15 26 55
0 41 157
0 50 36
58 7 82
0 52 52
2 21 41
0 32 195
1 9 61
0 29 167
560 18 110
0 9 54
0 22 111
0 14 89
0 8 131
2 30 173
0 32 111
0 1 156
0 12 136
215 1 190
79 33 145
0 21 105
1 19 155
768 1 169
3 42 148
1 44 182
1 6 138
2 52 187
2 21 195
18 7 1
1 4 46
62 9 153
0 17 78
74 24 169
15 4 70
9 59 180
2 43 78
18 32 105
310 55 63
0 58 128
13 14 56
2 58 132
0 26 14
11 10 85
0 46 3
643 33 22
181 29 12
22 8 57
36 39 186
0 37 28
51 55 56
0 59 173
6 18 137
0 33 25
3 40 81
8 14 21
10 27 133
0 46 37
2 13 122
1 20 53
0 38 42
0 31 179
0 2 116
49 31 1
0 10 164
329 47 138
0 38 175
1 32 115
5 10 156
0 18 31
1 20 29
22 18 29
24 8 165
3 27 180
80 5 12
2 45 18
3 29 47
0 12 12
20 36 77
0 2 63
5 40 28
85 41 177
10 11 129
1 41 16
465 47 169
0 32 72
2 26 1
9 47 165
5 56 38
1 31 125
0 30 12
1 28 168
71 41 144
0 8 76
16 45 31
1 58 98
261 35 83
0 42 105
16 50 93
5 29 30
1 18 34
6 48 88
3 24 101
1 45 123
0 57 111
0 20 3
0 40 21
1 45 155
35 36 140
3 12 169
25 4 50
3 2 149
2 30 100
1 57 164
0 54 146
0 23 8
0 34 176
5 34 6
2 32 59
140 10 167
0 2 68
14 1 147
87 22 146
0 20 5
0 57 79
2 5 106
0 8 36
4 25 180
113 47 79
16 3 159
0 1 157
0 35 32
1 32 172
249 29 103
2 53 32
17 57 112
2 35 102
586 1 101
33 7 68
1 9 145
23 32 118
0 29 25
0 14 181
2 29 170
116 38 40
0 24 46
1 24 39
0 9 18
0 15 110
36 43 175
4 23 187
5 20 182
0 34 146
0 21 69
3 51 131
33 11 85
62 40 104
1 36 140
328 57 181
92 34 12
16 16 167
2 11 56
4 42 71
1 33 84
9 26 154
0 10 33
2 5 10
4 43 8
0 36 193
4 4 34
5 7 152
18 32 41
7 20 150
0 8 122
0 48 14
1 28 67
1 59 66
254 3 132
17 31 193
1 47 17
0 23 91
8 17 3
330 11 59
0 50 29
4 24 9
2 33 170
14 25 91
62 49 168
1 0 1
1 53 62
0 48 160
4 32 91
7 42 161
0 43 67
0 6 135
0 40 141
0 15 87
0 26 131
0 43 196
2 2 26
0 15 49
0 24 129
2 35 95
215 39 97
10 11 177
3 43 34
12 16 6
2 48 186
0 4 133
137 22 159
11 26 56
0 38 62
2 21 15
3 54 33
16 11 34
5 41 168
0 23 114
0 54 103
0 4 140
2 35 194
3 3 147
80 22 125
6 58 120
2 45 157
3 7 173
0 32 65
2 12 6
0 10 44
0 35 57
4 23 77
12 25 189
0 7 134
16 2 169
1 17 86
4 22 150
11 44 20
46 51 106
2 51 164
31 41 35
248 47 185
1 15 183
2 34 88
0 59 161
3 1 4
0 46 115
26 38 8
517 4 74
6 8 94
2 35 34
66 59 78
1 32 143
0 9 100
0 46 181
21 45 55
1 40 181
290 14 159
5 49 165
1 12 71
4 13 106
1 27 163
165 30 199
0 17 144
0 20 174
2 40 185
17 55 25
1 54 19
0 9 194
1 13 10
2 9 168
0 31 35
0 18 163
1 34 48
11 46 113
0 34 116
2 8 135
10 29 18
28 23 128
0 56 88
324 54 101
20 8 86
2 12 23
0 40 58
0 31 6
18 22 61
3 29 166
27 41 16
1 28 17
21 33 32
4 18 139
0 29 167
2 16 122
0 35 12
1 15 106
56 52 93
0 40 47
12 18 7
1 20 182
0 39 105
42 26 15
0 7 165
0 8 78
2 0 122
1 15 186
0 50 112
18 31 189
0 15 32
4 52 14
3 20 1
0 11 166
19 25 160
1 30 72
0 18 28
2 53 98
1 14 21
1 4 191
3 18 116
109 4 65
1 24 140
0 31 49
0 56 95
2 20 51
34 32 121
0 13 149
7 36 152
461 45 167
3 19 44
4 25 45
108 22 120
0 55 16
1 32 185
4 53 20
4 5 195
5 17 83
0 9 98
0 3 116
4 36 191
4 40 186
361 58 180
0 4 45
0 33 140
4 30 31
0 49 115
0 15 194
1 21 34
0 9 174
5 47 82
0 39 135
2 37 58
1 39 122
38 48 181
1 1 48
0 28 136
0 10 152
0 7 116
7 53 103
1 44 26
3 47 91
0 19 64
1 56 1
0 53 132
1 1 64
0 20 62
0 35 165
3 19 186
0 21 80
1 21 127
3 4 37
0 28 161
29 10 95
2 54 126
4 25 30
0 18 167
2 30 173
26 54 62
2 59 56
0 40 150
0 17 91
39 50 186
6 3 198
28 37 180
0 27 200
1 25 12
2 22 172
5 37 6
1 54 118
1 24 40
0 15 28
6 49 154
5 0 106
1 43 82
0 23 190
1 56 55
1 41 64
64 29 92
19 46 32
4 56 146
20 17 36
0 9 174
0 57 63
368 38 103
3 13 33
1 53 15
0 41 147
0 8 172
0 36 141
0 5 14
0 44 3
0 32 174
17 10 11
0 20 131
28 27 52
0 51 189
46 48 110
0 13 123
8 17 12
3 19 183
230 8 3
4 29 180
6 55 8
2 25 114
1 3 168
1 19 100
417 40 166
0 45 33
1 39 39
2 59 198
0 18 85
1 4 53
14 55 107
1 21 192
4 0 155
0 42 46
1 13 131
0 56 48
10 27 145
0 37 12
75 43 130
19 15 118
0 18 68
2 15 32
0 26 144
0 15 172
6 45 200
0 59 102
18 35 182
0 49 103
0 3 143
11 5 175
682 6 126
41 46 199
49 42 163
1 10 89
0 0 53
0 16 102
2 10 127
0 43 129
4 33 156
3 52 195
5 56 6
5 37 39
0 37 1
0 38 194
0 26 99
0 58 122
0 2 41
38 3 56
0 42 48
0 1 171
1 53 111
22 51 15
1 26 121
0 32 72
1 17 73
3 30 107
23 24 15
1 42 197
1 37 22
1 36 88
5 15 26
1 52 101
0 48 109
489 27 56
0 15 182
0 53 192
3 29 77
8 59 107
0 0 163
8 13 25
0 24 191
0 30 199
2 32 163
0 53 166
7 41 141
0 41 34
6 36 153
0 38 74
54 11 46
37 37 20
0 19 195
0 29 81
1 58 157
1 31 162
73 44 92
7 46 60
4 50 13
0 50 129
3 29 28
0 24 192
4 33 84
0 54 71
0 53 34
4 28 63
1 13 2
0 47 146
0 35 74
1 50 14
333 49 46
0 3 177
4 35 53
194 17 142
0 57 44
4 58 57
0 59 168
0 14 9
0 32 115
18 53 10
7 29 21
106 44 32
113 45 128
12 33 194
5 34 112
0 13 68
0 51 73
0 12 29
77 8 129
0 0 91
39 51 73
0 24 144
0 22 130
2 48 169
0 8 128
4 15 186
2 49 40
24 1 130
2 19 86
5 57 169
9 23 138
9 24 31
1 58 177
0 48 66
193 54 89
0 7 15
7 40 42
2 2 7
1 42 185
0 37 103
0 23 195
1 26 11
1 57 191
0 42 72
189 43 174
3 43 12
50 57 133
447 45 57
32 47 166
0 0 163
5 58 79
0 29 68
3 8 151
0 27 110
0 38 128
0 19 97
0 10 41
2 53 178
0 10 10
7 2 41
15 5 195
12 25 200
6 28 52
1 0 33
41 42 62
0 40 72
1 12 161
0 8 146
7 52 113
2 29 71
0 40 165
43 49 44
0 50 168
0 14 17
0 39 22
2 31 57
1 0 63
37 41 141
8 51 77
0 50 160
0 25 190
651 8 180
153 25 22
5 11 41
0 44 56
34 56 116
0 55 76
0 20 131
0 25 129
0 42 17
149 30 178
85 30 101
0 37 184
10 41 137
743 33 31
0 9 189
244 53 26
39 28 59
206 25 93
0 14 143
31 12 151
17 39 64
7 12 124
0 3 135
11 0 144
243 57 173
3 47 30
265 56 164
4 1 59
5 52 8
0 19 89
137 45 79
4 53 129
12 36 118
1 52 168
0 55 162
0 29 130
36 22 83
2 12 102
0 44 66
42 52 73
41 36 193
0 12 137
0 1 93
1 36 127
21 14 25
682 54 33
0 17 98
48 27 47
1 50 161
1 24 93
0 2 70
54 17 194
7 50 134
144 21 75
1 27 155
11 26 158
464 23 27
5 16 110
250 29 154
1 17 63
1 31 151
1 32 40
23 1 132
1 6 121
2 25 85
0 50 123
71 55 116
1 57 174
25 33 104
3 29 69
0 17 5
38 13 184
15 24 80
18 8 80
88 35 128
0 48 171
0 24 184
8 6 20
0 1 152
4 48 78
6 4 198
0 23 79
1 27 148
3 13 81
2 43 38
0 7 129
627 30 7
219 23 163
16 21 146
9 7 185
225 36 157
16 7 82
202 0 165
17 22 185
36 7 50
1 27 74
0 0 153
323 56 160
3 12 28
1 38 78
58 57 71
4 21 191
0 5 61
6 39 129
20 52 197
2 58 151
2 27 145
10 55 157
0 56 110
16 55 86
0 35 59
177 11 101
0 21 114
64 52 137
11 51 6
47 1 119
2 9 186
0 21 178
182 35 176
11 9 160
6 11 11
0 48 170
6 25 17
0 21 96
5 24 14
266 9 58
0 3 138
125 12 29
0 50 163
231 7 72
1 12 165
0 10 9
52 29 53
11 31 90
226 6 142
1 17 131
1 54 186
0 46 99
0 5 134
15 18 80
1 24 164
723 27 54
0 55 197
77 22 121
6 31 183
1 47 72
2 15 21
0 43 19
58 41 75
233 35 26
0 43 29
0 44 141
485 20 157
151 40 141
0 59 55
49 54 128
0 21 187
0 56 66
24 6 1
0 30 174
109 28 99
1 22 190
1 18 74
1 27 27
25 59 121
0 49 192
0 19 141
0 22 132
36 21 191
10 48 6
13 11 131
11 43 20
0 36 41
3 16 192
1 30 104
0 55 11
31 1 1
132 36 92
19 19 194
0 49 171
0 55 3
6 2 52
274 7 26
1 39 71
0 8 107
0 15 89
11 21 103
1 53 128
4 37 164
0 29 143
0 34 92
5 59 71
6 10 171
441 19 174
1 0 52
5 6 83
1 32 11
38 43 118
7 46 85
0 22 151
0 27 115
1 29 160
2 19 101
1 29 99
57 41 93
5 10 146
0 26 193
1 9 16
5 1 101
3 16 23
659 1 64
2 13 11
1 49 156
1 24 164
1 3 113
11 48 133
1 35 198
49 5 155
364 37 173
6 26 175
4 15 124
1 35 124
7 33 137
1 59 194
2 44 58
8 14 154
0 2 22
0 28 172
1 14 166
1 22 175
2 26 1
107 42 177
0 12 146
0 29 97
1 21 58
5 56 34
0 43 129
7 14 118
0 40 15
0 13 3
42 36 117
0 6 164
562 7 43
1 16 60
0 15 16
6 46 156
0 13 125
17 2 79
2 12 148
118 0 140
0 5 14
0 41 24
0 34 132
0 17 78
3 16 102
19 11 199
0 5 137
8 53 106
6 1 184
0 33 14
423 24 47
1 19 195
739 0 142
2 44 158
26 50 106
0 34 128
0 55 192
3 46 91
3 30 55
2 30 195
10 53 41
2 6 49
1 51 153
28 34 79
3 35 128
1 37 104
0 52 66
17 24 189
4 14 6
6 40 136
25 54 7
5 36 198
10 7 161
0 51 11
2 14 120
0 15 128
14 1 8
0 20 81
0 43 140
5 57 123
0 20 188
51 49 111
5 39 108
13 11 156
168 44 180
0 39 80
49 52 103
2 38 88
1 56 66
24 14 25
3 56 139
0 38 94
9 29 124
4 37 98
3 11 50
3 32 149
0 20 189
0 12 81
72 53 47
0 39 13
13 14 44
0 9 136
2 47 1
52 16 34
1 12 192
1 20 119
239 8 187
259 34 119
5 3 111
0 32 114
5 29 154
5 37 45
7 32 165
3 41 6
11 11 151
3 56 173
1 0 46
12 34 51
634 50 107
0 18 7
16 10 198
1 1 117
1 32 2
1 35 71
126 34 195
1 20 111
4 35 161
0 48 199
165 54 30
0 57 9
16 55 49
221 1 27
36 52 148
27 4 64
19 55 186
33 25 155
8 39 88
267 44 162
1 57 94
12 14 107
5 23 66
10 56 166
1 17 145
0 49 58
100 40 34
6 45 190
0 34 129
8 6 32
24 28 38
0 52 19
2 45 168
313 10 88
5 9 151
282 47 30
1 19 33
15 26 28
2 4 168
57 4 115
0 19 110
321 16 164
18 25 167
296 24 74
4 28 135
0 15 199
0 31 160
2 8 171
0 24 39
0 11 145
1 35 46
233 38 3
0 58 199
105 35 42
43 0 10
0 8 91
3 43 121
24 15 76
22 15 106
0 34 36
20 23 200
724 33 159
0 15 69
0 36 139
10 26 42
3 11 90
1 45 108
129 25 98
2 28 125
1 41 40
0 40 125
1 26 157
2 20 86
0 48 153
200 46 106
0 3 104
0 6 34
2 52 106
0 58 73
0 9 66
11 20 109
0 41 25
1 18 160
0 53 113
5 33 79
5 11 123
14 6 112
6 44 28
1 12 153
2 16 127
1 49 31
0 7 178
0 26 164
7 35 114
0 53 41
1 3 198
0 0 84
0 59 111
3 9 50
0 12 113
0 38 103
303 13 57
5 46 167
1 40 67
2 49 106
17 50 135
1 18 135
29 4 138
0 0 98
4 54 170
66 28 79
52 32 39
9 35 60
48 7 10
0 9 114
2 48 38
0 1 115
0 43 115
17 43 163
0 47 184
0 50 116
0 46 101
1 57 20
4 54 27
1 43 84
5 11 159
709 35 185
6 34 37
0 34 19
1 4 66
0 41 142
559 56 11
7 54 66
2 10 38
0 30 27
1 51 153
6 30 186
2 44 98
101 52 58
2 33 142
0 52 122
36 50 139
5 14 15
73 2 164
1 32 86
0 33 185
0 44 94
0 35 103
28 34 150
13 53 106
0 24 188
1 3 147
123 51 178
0 23 102
14 25 144
18 21 118
0 49 69
0 27 67
0 4 119
2 54 33
3 10 100
0 11 14
92 15 8
4 7 35
0 21 72
5 22 3
34 51 70
0 30 123
1 54 32
40 4 185
10 33 134
168 17 144
53 37 133
0 38 54
0 37 83
0 5 198
0 44 26
2 16 192
360 22 76
0 43 101
5 16 145
0 58 186
1 24 162
0 40 149
4 51 71
13 14 109
0 57 186
113 48 194
92 17 187
11 53 131
0 56 100
4 24 200
1 17 35
50 14 43
10 4 48
2 20 71
251 42 111
0 6 38
3 45 69
0 53 55
0 36 146
13 50 56
2 10 164
0 50 40
1 21 98
0 33 5
1 11 106
21 36 174
0 47 97
84 23 153
4 23 112
0 35 82
4 27 10
143 45 1
0 22 199
0 29 6
20 5 36
0 4 194
27 13 181
38 51 140
8 52 200
4 19 161
1 24 168
0 57 83
14 35 151
0 2 39
71 18 85
58 34 60
1 58 173
2 53 13
0 39 15
6 25 153
2 31 172
0 26 13
15 24 128
1 5 47
0 19 58
58 58 65
289 49 166
37 1 162
0 59 103
96 30 69
28 40 33
2 43 112
0 40 18
4 32 38
0 52 125
4 53 49
14 48 41
2 51 16
23 58 149
2 40 102
36 26 87
40 2 179
9 56 65
0 20 114
0 52 113
7 10 53
51 12 123
0 22 111
0 47 199
0 57 120
404 55 1
3 43 66
10 8 200
3 6 129
0 38 30
0 36 71
1 49 200
1 38 49
3 12 154
0 43 157
0 44 145
12 38 65
1 57 109
9 9 70
127 34 107
1 35 143
6 17 82
52 17 103
0 12 32
1 28 187
0 15 5
12 32 69
0 56 171
3 49 64
1 20 70
0 20 21
23 11 118
33 56 115
6 5 130
0 9 16
2 59 94
0 13 39
0 3 69
6 51 113
11 59 21
4 22 58
0 11 139
1 28 115
0 52 140
133 48 1
1 52 78
0 21 155
0 32 95
0 19 143
3 9 32
0 49 72
162 33 80
8 35 67
2 52 25
0 49 172
0 53 103
1 28 1
0 51 1
7 12 80
1 44 198
2 3 51
1 8 110
0 19 3
0 36 13
0 7 173
13 47 33
6 23 7
1 12 33
0 0 193
0 54 124
0 8 60
0 2 98
0 7 43
70 51 13
0 26 119
6 20 60
18 45 45
1 56 63
0 4 149
1 29 7
1 50 195
444 29 143
3 24 41
1 28 122
0 0 93
1 43 129
0 4 5
4 46 105
0 54 145
0 25 20
14 53 129
157 19 17
11 46 93
0 30 178
1 41 167
0 23 187
22 2 180
51 0 74
30 1 71
0 14 37
0 11 56
0 16 59
1 5 93
1 43 94
4 49 187
46 27 144
28 28 104
59 45 130
1 19 39
1 5 99
1 59 34
20 2 44
13 10 187
31 21 17
0 58 138
0 28 27
7 44 166
6 41 167
76 38 21
3 28 160
0 49 190
0 28 194
572 57 175
2 29 46
4 26 74
1 5 188
5 15 41
189 59 102
0 52 34
30 25 56
2 0 55
2 41 54
1 54 24
164 47 131
0 15 3
1 55 8
0 12 113
5 26 191
4 25 169
1 47 199
35 18 75
2 11 69
33 19 3
5 54 121
0 10 134
0 46 171
0 42 33
0 49 106
4 59 10
0 42 106
1 13 146
0 54 65
1 31 81
0 26 129
0 46 123
177 43 154
0 14 73
5 8 41
0 42 134
1 26 116
0 11 168
4 29 173
210 29 31
0 2 116
0 59 181
0 7 95
7 13 76
2 21 115
22 57 127
2 41 47
0 22 21
5 14 52
0 35 82
2 9 35
122 32 34
0 30 46
0 0 101
0 53 2
0 52 41
5 19 155
0 59 190
1 46 126
11 17 60
16 45 64
19 55 103
0 35 160
0 34 137
304 34 66
0 33 168
1 15 59
0 5 56
0 42 135
1 59 182
6 7 119
1 18 180
16 26 154
14 37 4
0 58 68
1 42 141
550 9 90
0 48 3
277 39 71
27 31 44
19 59 113
0 52 52
0 57 69
0 36 45
0 50 62
2 48 13
0 26 5
2 56 127
19 36 165
3 43 183
0 33 165
2 30 86
1 41 88
3 0 181
1 32 70
1 39 159
0 57 109
0 0 65
2 47 127
27 20 30
0 36 178
1 48 20
105 35 132
3 36 17
245 50 191
2 48 58
9 2 37
44 21 90
1 14 16
17 52 75
0 53 104
1 58 147
0 45 87
0 29 94
0 3 181
0 51 78
0 0 145
541 11 102
0 58 74
2 2 39
4 13 133
0 20 187
1 22 96
2 18 165
103 5 48
2 55 17
39 26 67
0 12 9
0 19 89
2 12 163
0 55 138
23 33 11
0 59 156
6 17 96
665 45 153
2 7 27
22 40 174
0 49 105
0 10 133
7 46 178
54 21 59
2 55 194
0 44 71
85 22 112
8 46 184
46 1 151
1 37 153
0 11 43
3 13 36
0 7 55
0 22 105
24 14 40
0 45 175
0 44 174
345 54 114
7 43 88
0 47 77
355 18 70
5 53 90
0 45 120
11 44 174
108 29 110
31 57 37
22 35 77
80 5 121
0 42 186
3 41 146
0 0 18
4 58 29
1 10 5
0 35 190
1 17 73
8 30 147
0 41 44
0 49 147
22 30 108
0 5 140
5 59 66
75 34 141
1 33 36
9 9 94
5 22 27
3 40 119
1 12 195
0 6 17
2 59 156
1 32 31
0 2 130
27 42 53
2 52 118
155 23 110
102 14 151
3 13 174
0 8 103
5 1 143
0 12 179
3 29 158
53 2 167
622 40 167
0 28 119
0 42 22
1 49 1
0 21 168
0 18 100
2 20 197
80 55 194
0 14 63
3 3 154
0 45 169
0 56 160
10 7 30
120 54 55
45 12 190
0 29 153
2 20 89
2 47 138
0 18 31
10 17 176
3 59 16
0 6 1
16 8 137
100 22 135
0 30 46
1 4 87
15 3 102
1 45 4
298 23 159
0 6 173
17 43 47
2 9 131
6 7 1
0 57 73
691 14 163
0 7 99
0 23 75
0 5 160
14 19 15
36 15 3
38 17 6
0 25 155
0 37 36
0 58 2
8 27 8
22 20 90
3 56 109
4 12 140
0 50 86
3 51 90
4 21 70
70 45 172
1 59 170
8 42 94
0 21 105
1 51 140
2 55 116
1 12 172
0 11 69
0 6 11
17 32 69
26 16 83
26 47 50
0 56 140
3 4 100
31 55 81
528 24 40
15 32 131
140 13 115
3 47 167
14 45 93
13 27 49
4 14 170
2 2 7
11 56 61
1 8 70
1 59 127
7 13 143
0 34 152
33 46 11
0 53 150
1 45 190
0 48 139
0 56 3
32 12 195
2 39 152
0 44 46
0 19 26
3 42 174
0 50 62
0 44 1
54 27 123
1 16 160
1 36 74
1 11 168
5 22 9
90 59 59
1 35 71
63 20 144
0 25 169
0 18 173
0 15 69
0 15 50
2 7 126
119 39 4
5 40 59
0 3 51
9 54 123
82 36 81
5 46 160
6 28 80
3 44 90
3 55 83
13 19 130
283 11 137
0 2 178
3 59 34
1 9 18
44 16 138
0 17 175
0 22 63
1 2 97
157 14 124
95 20 133
0 30 118
1 46 182
0 3 197
3 58 27
69 56 43
8 24 82
0 10 190
23 35 63
1 7 187
0 27 157
0 28 31
44 45 3
0 47 12
0 22 77
3 10 178
7 57 77
37 33 99
1 47 187
7 24 67
0 38 83
5 49 18
1 52 111
0 25 165
8 23 162
21 41 52
95 36 187
1 11 32
54 38 8
9 19 104
4 13 187
24 53 75
0 18 176
1 49 33
3 51 138
3 15 11
69 22 151
0 25 145
0 34 43
7 19 87
12 48 90
0 42 100
57 49 116
0 17 67
9 43 57
0 9 81
23 31 20
0 23 12
0 21 19
0 29 180
0 35 168
0 8 173
0 37 191
0 37 186
0 39 188
25 38 141
1 14 42
40 54 126
2 1 133
5 45 33
3 54 155
4 36 51
0 20 32
1 21 176
1 38 192
0 50 43
10 28 148
0 14 22
405 22 81
23 22 76
25 58 178
0 12 3
0 0 78
0 5 33
1 21 22
0 10 83
16 18 161
9 49 195
0 42 135
7 25 184
2 17 6
167 48 27
1 34 116
195 32 31
0 16 140
1 12 27
0 57 70
2 29 132
0 42 163
76 24 191
5 20 143
0 40 9
0 14 54
12 4 154
1 22 160
2 7 45
145 16 28
0 51 151
36 49 9
245 45 186
0 18 164
0 17 146
1 21 40
259 5 99
0 32 9
0 19 114
0 5 195
0 19 194
1 44 75
0 15 199
1 10 171
0 54 75
2 56 162
1 49 150
1 52 142
1 28 128
0 1 194
22 25 130
0 50 171
34 22 8
11 27 48
0 43 122
5 49 51
22 19 114
1 29 70
30 6 54
11 7 187
1 55 189
2 47 105
0 22 145
6 24 178
0 41 54
38 16 103
1 46 96
0 13 53
310 46 7
289 1 168
0 8 199
1 7 124
7 34 172
8 34 190
0 6 78
2 27 120
0 5 54
0 30 136
0 43 113
449 13 56
0 49 105
1 38 98
1 22 65
6 6 99
0 33 125
1 29 40
3 15 26
0 4 53
0 38 40
0 2 48
1 36 5
382 57 101
4 12 73
0 9 81
0 42 128
3 52 194
0 48 190
0 15 182
8 10 81
3 13 82
1 33 91
378 11 61
1 44 82
2 4 172
5 2 70
2 52 130
2 5 79
0 19 54
1 56 80
51 49 54
5 54 137
0 58 25
1 46 167
1 29 158
0 17 162
0 21 48
0 1 48
3 13 4
0 28 64
0 3 128
4 33 46
11 0 8
0 57 111
29 7 158
0 57 188
0 25 105
38 14 107
20 45 132
1 15 36
1 52 199
10 11 187
1 9 143
134 31 88
2 35 123
191 57 34
0 27 55
0 27 154
690 29 122
0 4 108
1 54 116
0 8 65
3 14 32
1 45 65
0 10 4
54 33 71
2 20 181
32 31 104
1 33 174
25 59 24
7 8 37
288 57 107
20 16 5
6 8 59
0 51 173
0 40 76
42 26 168
7 26 87
28 29 140
2 39 123
1 39 118
3 29 188
2 3 125
0 51 152
0 30 143
3 33 13
205 7 107
0 44 28
0 33 132
0 59 53
7 12 184
5 51 89
0 43 5
38 22 62
4 5 90
0 45 86
15 47 189
1 1 74
0 51 176
4 6 196
0 37 83
8 25 23
0 23 156
5 33 83
0 4 11
1 50 109
33 17 11
5 1 53
37 53 56
2 52 183
6 11 36
39 38 55
0 5 78
3 36 182
2 42 28
0 4 93
0 47 37
0 43 40
2 46 33
0 54 7
0 2 76
0 40 85
5 16 7
0 41 90
5 15 150
0 32 41
0 51 54
0 39 92
2 19 189
0 37 120
3 25 189
10 24 28
1 47 112
463 14 188
0 11 30
0 22 18
0 35 76
4 12 124
0 46 198
6 2 91
31 16 24
8 17 84
53 38 3
1 45 127
2 57 6
0 2 135
0 53 51
4 32 88
3 13 63
0 6 160
420 24 120
2 59 57
0 29 108
179 56 57
10 37 160
0 47 108
285 30 104
0 3 60
0 45 187
1 15 4
174 49 8
4 7 55
3 29 54
13 44 158
4 2 187
10 27 115
2 49 61
21 55 60
2 48 83
0 22 6
8 32 92
0 43 8
5 31 160
0 15 43
9 41 31
25 59 160
0 27 38
0 56 150
0 23 145
118 45 32
0 17 56
0 31 7
39 3 136
14 22 34
1 10 126
0 57 10
0 58 111
184 58 84
0 4 95
2 20 25
0 1 145
15 34 179
0 55 134
0 44 71
9 59 48
0 28 170
1 25 190
3 9 22
0 45 61
0 29 160
51 41 51
1 8 110
6 53 162
18 58 180
0 21 114
1 57 174
1 40 109
9 52 197
6 52 179
0 21 55
650 29 13
21 3 130
44 36 169
31 45 189
2 59 72
2 52 55
0 29 58
4 56 73
0 6 44
1 53 43
0 48 126
0 47 39
1 27 18
0 11 174
0 5 190
13 46 132
499 3 37
599 47 136
6 26 29
0 26 78
3 49 7
5 26 188
8 15 52
13 39 66
136 29 55
0 4 161
6 52 116
14 30 174
5 26 93
1 11 122
0 13 24
23 17 155
17 52 1
10 1 3
0 16 144
42 16 200
0 41 11
115 24 40
6 55 120
51 35 58
10 38 13
2 42 71
14 31 15
0 42 180
7 28 96
17 50 22
154 13 20
15 36 118
3 37 36
3 32 73
0 28 154
202 28 172
10 14 198
2 0 88
0 28 184
71 6 25
4 25 162
0 51 157
0 54 178
0 6 93
5 37 110
57 37 160
0 6 38
0 9 18
3 49 138
1 50 139
10 24 164
3 58 186
19 45 164
5 34 139
0 23 35
0 46 122
0 51 2
0 7 196
0 23 89
1 10 181
0 29 63
228 17 137
13 35 90
3 21 66
0 44 153
1 44 8
0 9 158
4 50 38
0 25 52
47 20 44
0 3 42
10 6 180
602 6 59
0 2 49
3 31 39
4 54 70
0 45 15
0 47 102
0 2 134
0 39 58
9 13 67
219 17 105
0 50 21
5 58 40
3 13 72
8 29 3
0 18 196
8 40 73
10 25 114
84 17 19
6 2 163
2 48 57
0 2 121
0 20 8
476 13 30
0 34 43
9 45 134
0 4 162
4 13 68
0 15 70
0 25 36
38 34 198
0 15 107
177 33 69
0 15 145
2 36 26
86 20 82
0 2 88
0 56 41
1 45 41
3 18 86
0 9 127
208 29 62
2 21 169
0 23 59
1 17 1
6 25 178
9 10 130
0 32 133
152 3 16
9 45 197
12 43 154
1 12 197
0 0 181
0 12 54
33 53 168
12 31 135
0 31 16
60 45 86
2 29 119
0 19 183
1 41 8
18 34 23
1 25 178
0 46 127
227 18 29
1 15 71
24 18 91
31 31 73
1 20 97
44 57 188
153 1 20
1 11 133
5 38 123
4 8 76
5 22 124
0 27 176
16 31 126
12 54 51
16 13 83
0 32 187
11 24 147
0 52 92
0 47 84
1 14 50
1 31 170
0 21 74
0 48 195
4 52 142
1 26 134
5 53 55
8 54 1
0 26 183
0 40 25
6 59 21
9 0 165
0 41 123
28 0 191
6 18 198
0 21 59
0 16 187
45 54 163
0 14 160
3 38 157
1 12 124
122 57 93
2 24 86
30 28 118
0 45 184
19 52 71
5 40 43
34 19 193
1 3 101
0 5 20
64 11 30
48 53 53
6 51 193
36 50 105
22 35 17
4 3 71
0 50 52
0 26 117
1 36 31
0 57 46
76 9 127
0 40 164
622 31 107
5 29 40
0 36 15
8 15 108
0 23 131
1 11 97
0 53 10
50 35 3
0 59 145
0 35 23
0 53 105
0 40 185
0 22 5
4 42 81
3 41 41
24 29 26
0 26 144
39 9 192
0 11 125
0 13 14
3 14 132
17 50 129
0 54 183
0 5 21
0 42 48
3 24 104
11 22 166
4 41 29
3 2 42
81 17 99
0 45 116
0 10 145
4 43 87
3 31 146
46 46 169
2 37 157
28 20 20
2 53 53
1 15 138
12 29 152
0 34 42
3 53 159
17 32 52
3 55 82
11 9 185
0 20 1
4 47 61
1 52 195
0 37 40
1 48 108
0 38 186
205 44 87
6 40 161
51 2 188
0 44 29
0 34 113
0 43 57
9 36 196
1 13 188
0 55 74
0 56 142
0 19 184
1 36 7
1 22 87
2 6 61
1 50 134
1 11 75
6 26 109
4 44 132
6 23 95
11 47 103
65 24 118
5 20 200
0 52 43
635 45 58
0 55 139
0 7 196
25 6 144
11 14 153
0 18 102
2 4 16
152 30 167
8 51 180
1 23 113
4 32 146
1 33 105
170 57 153
2 47 12
1 15 16
0 5 56
0 8 104
3 23 117
1 8 110
235 16 111
1 21 96
13 25 14
3 57 183
17 22 155
0 19 91
0 47 168
6 4 139
1 56 155
0 3 8
0 31 152
1 25 18
0 6 8
3 55 160
1 14 172
2 30 174
1 8 22
1 20 77
0 48 184
3 43 15
500 52 70
464 34 197
0 18 199
7 3 113
13 48 136
13 44 102
0 19 175
0 7 132
40 1 173
44 58 162
2 33 73
2 15 35
4 49 51
0 6 176
2 0 21
22 31 142
0 3 171
2 55 147
7 54 194
8 26 199
4 37 102
0 21 51
2 20 53
0 40 12
0 29 98
4 56 47
0 19 108
8 38 172
10 9 30
0 30 75
7 16 24
242 4 45
2 20 108
0 2 84
10 26 6
0 5 142
1 49 66
0 31 28
7 0 140
1 5 171
0 22 46
325 13 95
1 2 14
0 18 57
0 38 5
2 58 105
3 43 91
11 28 189
0 57 20
7 31 9
10 55 130
7 40 153
1 23 91
0 17 47
0 53 57
94 49 99
37 8 28
47 1 185
5 52 4
17 28 52
4 34 193
31 58 189
0 24 11
27 59 120
1 37 179
4 21 116
0 51 119
51 28 97
0 16 124
0 36 152
1 38 127
5 57 108
2 29 143
1 41 139
0 12 147
55 34 168
2 33 72
13 56 23
34 35 42
11 51 2
0 8 101
0 4 64
3 1 179
1 16 137
464 17 161
6 45 129
6 53 52
3 30 40
8 3 184
0 39 52
6 19 26
6 29 19
13 50 38
1 32 142
22 11 94
0 0 116
1 19 16
16 7 131
1 33 111
12 28 65
3 4 58
0 44 163
2 10 85
3 30 47
46 49 15
2 38 19
1 39 2
55 7 45
3 52 188
37 4 199
3 42 21
186 6 120
0 3 164
107 30 179
0 4 57
2 5 27
0 57 200
1 59 18
15 23 51
2 57 175
1 44 115
35 4 173
17 48 78
101 30 177
3 0 8
275 41 12
0 57 62
3 18 71
2 58 74
1 42 62
9 0 6
88 58 40
0 49 138
0 13 94
0 56 86
0 55 191
0 46 156
53 14 13
0 9 2
11 19 25
0 34 2
569 30 118
3 11 91
1 43 59
15 24 13
1 20 100
26 35 165
3 14 181
1 50 118
0 43 99
777 14 198
1 9 99
4 50 18
0 53 91
1 32 195
20 45 78
10 32 174
6 18 107
70 16 83
0 4 3
1 2 180
0 8 115
3 54 118
0 56 21
1 34 82
443 20 156
0 30 70
2 36 32
6 46 12
0 57 122
122 50 158
105 26 35
7 22 30
2 39 42
0 29 1
0 30 1
45 26 82
33 6 69
0 28 183
2 35 131
328 59 146
148 33 18
3 41 13
0 8 28
0 14 52
0 24 81
0 9 47
0 49 55
0 0 151
0 53 172
29 41 49
1 57 20
4 14 1
0 27 143
0 19 177
704 11 53
1 47 183
0 34 83
17 8 141
3 58 153
0 43 73
42 10 90
274 45 88
1 36 91
0 47 180
2 45 168
6 26 54
73 11 192
3 52 22
17 47 127
373 3 188
5 41 177
0 35 117
0 41 3
15 17 33
4 21 2
0 11 129
5 41 41
16 39 190
739 39 28
0 59 96
9 20 8
0 22 190
0 19 188
19 59 116
11 28 136
1 53 46
0 26 153
10 59 141
0 30 25
0 50 64
0 1 189
12 12 63
1 30 191
11 27 117
8 28 166
0 19 79
130 10 132
149 25 126
1 4 71
2 26 143
0 11 12
102 50 178
1 17 78
0 29 46
6 10 95
1 49 161
1 22 146
0 52 110
0 49 187
10 57 177
6 7 183
2 58 77
7 43 68
4 27 145
0 49 141
272 54 136
71 59 104
0 31 78
3 38 151
392 41 106
33 20 101
70 34 138
1 28 92
198 27 122
4 59 78
85 5 150
22 27 172
4 27 186
0 41 68
0 52 69
6 42 116
0 48 180
0 11 155
0 32 121
2 21 176
5 0 56
5 5 96
3 3 121
13 43 165
0 10 113
0 41 150
1 39 46
3 21 49
5 36 110
0 58 108
0 58 138
0 12 193
0 37 59
3 14 102
4 44 159
3 10 177
0 16 195
4 14 12
144 17 128
8 16 130
0 33 166
0 7 106
0 41 47
2 30 109
0 24 97
2 57 154
3 19 159
0 33 133
1 33 43
0 49 196
0 10 33
0 3 196
3 36 102
15 9 46
260 34 120
0 26 129
53 22 163
30 16 81
0 25 174
1 53 122
0 25 95
1 17 157
1 43 163
0 20 47
22 9 20
9 43 44
0 43 126
0 29 167
17 53 170
0 10 193
0 19 53
6 55 133
176 51 87
2 35 119
0 44 2
1 47 106
9 46 105
0 12 90
6 28 122
2 32 145
0 22 169
5 38 198
3 49 36
10 1 170
5 44 84
1 9 37
0 8 166
0 8 14
0 46 35
0 9 150
0 50 136
29 5 66
15 0 104
25 1 31
25 16 26
0 29 80
0 41 6
8 51 24
12 46 31
0 2 131
3 47 31
1 35 119
0 2 35
1 41 46
0 59 63
15 10 177
0 57 80
42 55 192
5 53 72
0 51 127
0 42 79
0 9 74
35 37 49
5 2 56
1 42 139
2 2 160
0 24 92
0 50 42
22 15 81
375 52 55
0 47 112
0 24 87
4 44 2
0 38 32
2 16 194
696 49 97
2 35 57
0 50 19
0 9 26
1 19 104
2 37 133
5 19 17
27 37 25
0 51 51
591 4 5
250 23 199
1 52 162
1 25 70
5 51 44
1 29 67
0 59 141
5 35 198
6 14 102
183 23 95
165 51 24
0 1 200
0 54 8
0 54 139
5 50 143
56 14 153
0 51 53
4 37 192
13 46 126
0 32 16
0 36 151
5 26 153
12 38 175
13 33 182
19 4 8
3 39 160
0 22 154
75 17 57
13 13 71
0 50 15
2 52 30
0 13 26
5 12 1
14 30 77
0 27 99
0 46 187
9 32 124
14 27 23
0 14 199
1 41 77
0 32 77
225 8 107
0 15 162
3 4 115
0 19 52
59 54 6
68 33 5
18 42 54
0 21 175
0 10 148
0 46 68
17 13 198
0 22 49
12 29 103
0 38 39
0 20 1
0 37 94
0 40 151
20 12 26
0 15 163
0 31 169
2 57 59
0 3 89
8 36 157
0 30 24
1 8 31
42 55 166
25 51 127
418 1 103
20 11 179
4 5 33
0 6 62
1 9 56
13 15 7
0 37 47
0 12 52
0 37 198
3 13 9
5 2 28
5 6 187
0 36 148
7 15 10
3 21 11
16 43 67
15 36 129
4 2 55
0 21 190
16 58 50
12 27 33
17 14 30
1 59 175
1 59 130
25 21 125
15 56 98
3 6 59
0 4 178
0 20 171
114 52 131
1 3 80
5 39 2
4 43 161
22 20 140
0 20 40
30 5 140
64 54 61
18 34 191
516 47 152
5 43 9
4 34 187
14 7 9
1 1 60
0 43 85
0 12 143
0 17 58
0 15 7
0 3 180
13 48 28
0 56 60
2 13 24
13 7 190
1 54 142
7 19 180
0 16 55
289 12 159
2 27 123
0 26 105
3 51 47
0 20 171
0 43 128
0 13 75
2 50 124
1 37 150
9 53 149
2 42 26
3 14 75
0 39 38
20 56 31
0 23 134
8 47 102
10 52 85
2 5 31
0 36 25
0 43 46
1 1 70
0 14 38
6 47 30
4 42 200
4 17 160
1 47 190
3 33 151
1 37 19
0 23 97
1 36 48
0 9 112
0 3 101
10 59 137
3 39 136
1 44 2
271 52 162
1 1 139
6 35 91
27 7 113
22 25 156
16 34 59
5 45 72
0 1 101
0 57 112
0 9 47
0 44 49
31 53 143
1 16 169
1 18 128
5 4 33
0 4 79
122 8 133
0 59 30
0 30 97
2 30 112
111 43 68
1 46 12
2 54 177
0 41 175
95 23 164
27 8 20
2 58 150
14 9 127
0 22 167
2 23 181
0 59 116
9 46 168
2 50 141
1 59 159
2 41 160
0 32 60
1 19 125
18 11 40
2 12 127
1 14 137
1 35 132
21 53 164
0 3 78
7 20 64
1 24 76
0 45 95
0 13 197
145 25 197
3 2 53
224 48 44
0 27 34
1 58 117
0 11 9
10 57 164
0 33 147
96 23 198
4 48 124
1 15 87
0 1 87
0 7 14
0 25 135
7 59 46
5 15 116
15 33 122
6 16 50
48 10 100
0 3 157
4 16 95
7 9 177
0 18 162
1 20 82
4 18 177
0 51 118
0 44 162
1 2 124
0 57 11
1 18 70
0 46 166
22 38 87
6 27 124
13 43 151
0 7 140
23 34 100
0 8 23
0 44 115
18 17 88
30 35 174
60 55 185
3 49 6
1 38 143
0 29 64
0 46 18
641 54 82
1 24 30
0 34 6
1 18 171
3 7 160
0 11 181
0 41 152
4 23 118
38 48 66
16 2 104
1 40 29
2 45 189
0 13 115
9 17 199
11 28 94
0 12 95
5 26 126
57 32 31
0 21 25
2 23 99
84 13 8
4 28 66
3 15 33
0 12 18
488 9 136
1 43 184
1 25 150
2 21 103
6 11 45
328 41 136
0 56 134
0 3 176
1 32 97
1 55 199
29 55 114
11 7 58
1 35 106
1 34 190
0 9 152
0 28 105
16 7 63
2 53 199
0 43 114
0 57 175
1 5 182
0 40 143
3 2 100
4 21 44
1 41 80
4 3 64
0 16 126
1 47 36
0 53 75
7 13 86
1 28 38
2 15 103
19 5 83
3 51 77
0 18 172
106 40 100
3 38 108
0 36 29
0 32 98
6 25 173
5 30 14
0 15 90
0 59 167
7 13 143
1 45 133
0 23 63
16 25 147
0 47 27
2 2 40
2 47 80
1 19 148
0 17 26
0 10 106
1 31 174
0 50 131
171 45 15
0 52 86
10 8 64
4 8 117
9 0 198
4 40 60
0 18 120
1 56 195
3 44 107
9 3 119
7 13 181
0 44 143
3 15 107
1 27 146
0 54 173
2 46 34
6 8 145
1 35 1
3 24 137
5 5 137
0 37 200
49 26 121
9 28 146
4 31 157
4 56 63
0 2 90
2 4 179
0 39 40
4 8 20
667 54 144
3 33 51
9 36 88
0 33 144
1 51 55
0 54 125
0 8 134
20 59 162
1 12 171
3 49 102
1 24 34
0 5 153
4 9 133
1 21 53
4 21 53
0 25 199
0 41 185
0 20 38
95 19 105
1 17 152
8 3 148
0 51 99
5 1 149
0 19 6
514 21 138
4 15 2
1 30 95
13 48 140
127 0 142
0 3 114
1 40 189
9 44 84
0 34 45
23 5 73
268 11 107
0 20 60
9 51 149
0 30 109
51 28 98
22 57 72
3 4 167
2 10 163
0 4 15
0 18 54
0 28 51
0 35 138
0 22 34
61 16 11
1 33 2
0 37 72
0 34 85
0 35 183
21 35 144
483 9 187
0 6 7
16 19 82
0 16 50
16 23 128
2 21 79
2 16 118
0 4 114
2 44 89
4 7 131
29 14 142
4 8 29
22 42 138
16 9 21
52 26 38
17 7 197
184 15 97
1 3 67
6 45 158
0 57 196
0 20 200
2 55 9
3 15 38
6 22 183
0 15 72
0 9 153
0 34 85
83 1 98
0 56 103
3 19 122
3 35 77
0 57 9
11 24 134
1 49 170
157 55 173
3 15 127
289 40 23
0 14 79
1 46 163
215 40 162
0 42 184
0 53 151
107 32 121
0 27 199
0 59 185
0 14 61
0 25 82
0 29 134
0 39 97
152 46 101
0 50 10
2 30 58
0 19 166
0 37 74
119 59 157
2 36 76
134 28 90
21 40 168
18 28 121
2 46 49
130 17 169
64 28 131
0 21 50
0 52 146
0 24 12
2 57 114
1 39 40
397 9 125
0 4 158
6 29 79
0 20 130
0 20 5
9 11 85
4 54 27
91 21 156
1 33 199
52 48 161
1 19 108
1 29 88
19 31 8
167 15 115
119 15 163
2 22 143
1 52 66
6 46 59
5 6 62
0 56 99
0 39 61
0 5 43
1 7 38
0 42 178
0 34 115
0 43 199
12 43 158
0 9 142
28 21 38
2 17 164
725 3 186
25 13 75
138 47 32
3 41 181
19 50 32
40 5 112
19 21 100
1 56 52
0 58 195
31 34 154
30 36 42
6 59 121
3 26 96
8 53 40
0 5 92
0 45 78
4 13 128
1 37 45
1 55 71
3 34 124
27 55 173
14 45 14
101 15 162
0 18 132
0 14 152
67 29 134
60 36 136
3 56 126
14 11 165
3 31 10
6 3 53
1 19 77
0 36 199
8 24 88
6 21 181
0 32 133
13 25 9
7 59 81
63 17 151
9 41 194
0 23 161
3 40 75
0 32 12
107 19 111
13 14 140
0 7 138
680 44 66
14 38 140
1 33 60
3 20 52
0 8 125
14 5 44
80 37 26
0 3 196
1 49 86
0 23 105
15 57 166
9 27 2
0 4 24
0 11 162
2 18 77
11 21 86
0 52 141
5 12 60
4 20 148
12 36 32
0 41 38
16 9 163
4 30 196
3 17 160
11 9 62
2 50 155
6 16 24
0 52 133
11 9 44
2 30 38
7 33 103
0 6 52
1 4 159
59 50 120
0 23 107
0 49 103
20 1 5
1 16 132
273 27 74
11 10 118
1 49 15
2 59 94
0 55 79
5 34 135
1 53 162
125 39 184
0 20 53
10 2 34
53 23 102
0 49 110
57 38 157
11 54 87
0 59 157
0 51 123
0 50 176
1 42 111
23 47 170
8 31 137
2 35 129
3 6 94
0 31 143
0 24 98
0 9 113
0 58 114
0 9 114
19 28 28
0 18 96
82 38 124
0 31 146
0 1 52
0 28 185
9 24 145
0 0 175
0 47 131
11 18 184
4 37 110
5 45 186
0 1 24
99 25 121
0 18 55
0 39 180
1 5 52
0 18 82
4 49 67
1 26 110
0 47 133
0 14 185
16 57 175
0 59 157
0 55 149
1 4 169
6 12 101
0 48 113
1 53 110
5 32 177
6 44 57
17 0 23
9 23 64
1 46 67
0 8 61
143 1 19
0 4 67
2 49 13
1 41 141
0 14 120
5 14 153
0 13 12
4 35 89
6 37 105
0 41 53
2 6 131
4 57 183
449 32 137
11 45 104
4 43 4
16 58 83
1 8 167
2 27 93
0 1 127
8 20 32
0 22 64
22 50 164
0 56 73
3 30 89
2 24 186
0 39 64
27 45 147
0 35 68
4 13 16
0 27 104
2 30 101
9 38 3
0 44 66
3 6 75
1 55 157
26 36 17
334 2 109
0 1 153
70 16 115
31 33 91
0 39 35
3 2 195
0 11 186
12 13 93
7 34 65
4 39 4
0 57 136
612 2 200
102 49 79
8 56 15
1 6 86
99 47 180
8 38 175
11 1 27
1 9 91
1 39 106
1 4 53
0 24 161
0 14 197
1 37 26
17 18 129
0 40 9
0 0 95
0 2 40
7 17 98
9 16 22
4 53 164
4 33 42
3 49 41
0 36 117
0 26 196
84 16 72
0 45 12
6 48 171
12 40 159
22 37 39
7 23 146
0 57 89
1 0 35
1 39 64
42 15 143
344 55 74
0 55 92
13 8 54
0 42 127
0 25 86
0 57 84
0 17 170
0 19 1
2 27 63
10 37 1
1 52 65
2 57 16
1 46 145
0 18 132
17 57 195
4 53 90
0 52 88
0 36 131
7 42 191
3 47 139
0 47 170
2 45 142
47 10 182
1 12 157
136 31 155
3 8 86
0 2 26
0 23 171
1 30 124
1 42 180
298 42 39
0 12 70
29 43 8
7 18 94
0 26 96
19 14 35
0 27 198
36 16 93
3 45 87
1 45 85
35 28 24
1 15 175
5 1 67
17 35 78
6 1 48
2 37 111
14 38 89
16 13 198
0 55 56
8 11 127
35 39 60
2 23 169
3 11 50
23 51 170
0 32 107
1 48 66
0 33 160
7 42 39
140 20 110
11 3 16
8 30 137
5 39 191
0 53 14
0 21 34
93 9 21
2 13 55
0 45 88
302 3 18
0 44 187
1 49 154
2 54 106
1 26 9
1 10 48
58 43 108
0 47 1
1 41 63
14 30 116
1 49 7
0 43 34
2 30 36
2 25 91
0 17 122
6 24 195
58 53 28
3 4 146
26 28 97
9 24 99
10 47 141
110 17 119
22 53 7
2 43 100
0 52 34
0 49 66
0 9 145
0 51 27
0 24 11
1 6 57
12 38 49
5 40 15
1 53 20
52 47 111
0 9 96
12 27 72
0 58 196
379 14 31
4 36 70
2 10 86
0 44 185
1 7 127
0 4 174
0 6 9
9 8 37
1 49 55
2 26 25
62 15 84
19 13 59
0 21 96
0 26 180
4 17 139
0 52 173
0 46 170
0 49 29
0 45 124
24 17 170
1 36 91
1 45 41
0 23 46
6 42 16
19 45 188
0 50 52
45 44 40
1 29 39
42 47 176
0 38 111
1 15 74
4 3 99
5 43 131
0 5 46
0 20 76
16 30 99
0 33 109
1 7 173
2 0 77
0 13 68
7 14 135
0 46 190
0 54 195
0 51 15
21 31 86
0 29 154
0 22 139
2 28 5
4 6 27
15 3 84
0 55 13
11 16 105
1 50 45
3 26 46
0 43 170
2 46 187
0 38 118
3 34 134
0 55 147
698 59 52
1 16 122
6 1 194
1 22 146
1 46 144
11 55 100
2 43 81
1 49 6
5 15 73
93 43 17
21 13 4
0 56 24
2 16 183
390 14 176
1 59 143
0 25 123
60 45 146
1 15 187
3 17 2
638 0 139
0 59 31
1 23 53
1 25 77
228 43 7
6 18 96
26 48 74
25 22 41
0 44 16
0 47 198
0 25 179
35 30 114
6 39 60
8 55 136
32 9 104
0 22 183
0 30 103
1 13 148
6 53 200
0 24 90
0 21 111
442 44 175
3 22 43
1 17 99
491 20 194
15 4 172
0 33 24
97 24 72
0 36 141
0 42 179
1 2 32
0 50 172
1 53 41
41 50 20
16 17 143
12 57 68
35 2 114
172 2 104
0 29 9
2 51 173
11 54 61
1 34 123
0 52 116
4 24 80
0 3 185
3 21 8
102 36 2
0 45 198
3 8 187
0 28 144
32 46 97
57 5 177
0 46 137
0 18 53
117 35 7
0 13 43
0 37 63
544 34 174
24 19 81
27 20 70
1 33 69
2 59 182
1 23 65
223 52 64
1 22 104
0 13 48
44 49 27
2 12 72
281 7 144
0 20 193
1 48 184
23 48 70
0 54 29
0 21 123
0 56 56
1 2 35
0 31 87
0 32 129
0 12 118
1 26 160
0 31 167
0 24 62
10 0 143
590 46 39
41 25 197
0 57 1
3 20 75
8 53 38
2 19 166
1 56 117
1 54 114
168 46 186
2 20 70
4 41 138
231 14 171
1 52 200
4 31 195
0 53 44
0 57 163
0 24 108
36 27 95
216 21 139
4 51 48
6 3 25
0 5 39
4 48 54
167 51 16
3 49 183
10 42 49
0 3 54
8 11 28
1 28 129
36 48 123
0 27 149
0 16 157
6 37 178
19 54 178
3 17 180
226 21 80
37 36 40
100 50 127
10 37 138
3 38 26
1 46 4
3 50 52
285 4 61
0 49 144
5 5 85
0 17 79
517 30 196
241 14 146
60 24 73
756 40 93
2 28 188
0 14 146
550 10 3
4 35 49
14 52 13
2 46 118
0 33 91
34 31 20
141 59 7
3 39 75
0 3 192
0 8 159
4 43 8
3 15 153
8 52 185
560 35 133
5 56 107
54 54 163
37 54 87
1 34 170
159 21 8
0 5 59
1 34 132
62 11 94
0 28 104
1 22 148
1 56 80
3 53 61
3 26 148
8 59 80
18 13 102
0 53 57
8 41 175
0 15 196
0 43 194
0 8 61
0 16 149
2 14 7
53 38 163
1 59 28
6 23 137
2 16 98
38 20 91
0 29 46
3 48 161
0 52 104
8 4 178
5 49 73
1 53 41
1 33 126
0 43 112
5 51 5
0 31 200
4 32 57
11 6 108
0 13 101
0 39 15
0 48 106
1 44 100
0 46 151
1 37 135
0 13 62
1 44 129
4 42 140
1 17 126
1 38 136
1 35 138
2 11 123
0 56 5
0 44 139
0 27 154
0 14 135
0 53 93
427 44 13
2 59 31
18 53 95
35 59 56
465 6 161
3 7 65
24 30 173
0 22 100
0 33 76
6 42 164
3 40 84
4 55 189
184 0 176
2 34 60
9 20 134
9 36 14
0 56 25
384 58 52
0 28 16
9 43 146
4 10 128
28 56 65
0 59 120
0 51 34
0 12 27
17 33 87
13 57 45
0 19 194
1 16 110
1 44 13
9 2 123
0 46 29
15 35 178
5 51 81
249 34 124
3 39 174
262 21 132
0 44 114
4 44 5
4 9 170
552 39 50
1 26 5
1 22 41
2 59 19
0 28 45
14 36 128
1 6 98
96 52 65
0 22 55
0 16 154
0 55 134
1 40 104
0 52 182
1 59 71
17 9 157
1 41 102
0 42 62
1 18 185
0 31 184
0 5 43
2 49 184
0 8 178
1 40 116
5 17 141
4 20 92
23 31 154
0 4 152
50 22 130
0 25 36
614 22 43
52 48 63
0 15 177
0 54 76
22 33 18
6 24 88
0 22 63
31 38 155
0 5 76
8 19 106
0 24 54
26 35 36
0 53 61
1 50 91
2 36 96
8 24 26
1 29 103
3 38 55
0 2 62
0 17 121
386 56 20
10 25 137
3 7 15
1 51 121
12 39 30
71 33 118
25 49 95
0 49 9
109 33 113
0 41 145
0 25 16
4 43 145
0 1 160
0 59 119
172 6 105
0 32 173
0 43 43
3 2 175
1 29 92
1 36 5
0 14 80
1 46 98
23 39 131
20 19 126
205 33 52
0 59 106
8 19 142
69 6 102
45 13 184
0 23 96
0 33 180
2 43 108
0 2 123
0 21 33
0 38 31
0 57 15
0 12 12
7 53 120
51 42 175
0 8 115
11 25 182
0 26 17
0 7 73
0 27 119
0 14 93
1 6 59
0 33 38
36 59 128
362 34 40
4 54 200
0 59 32
0 51 109
4 32 148
4 32 71
5 22 28
0 13 49
0 31 11
5 34 123
147 32 24
54 57 46
0 32 45
29 51 88
169 59 119
0 7 168
0 2 95
0 47 14
24 25 105
57 13 59
12 9 152
0 4 160
20 45 158
0 48 108
5 44 59
0 28 190
1 43 181
6 32 197
3 55 102
48 24 187
0 53 57
0 55 192
4 31 187
0 37 28
1 16 194
1 3 180
4 46 185
0 48 155
5 25 3
3 14 181
0 29 130
13 50 40
1 35 65
2 42 173
3 33 118
16 33 177
2 33 14
0 33 40
1 10 86
8 56 46
0 46 34
132 12 56
35 54 112
0 54 189
1 48 158
0 6 129
5 29 125
0 53 101
2 12 21
0 6 187
0 55 192
1 17 11
8 38 166
3 34 185
0 2 80
40 6 181
334 27 27
0 47 73
2 9 169
66 41 97
1 3 5
0 20 117
2 6 19
3 16 96
0 14 2
1 37 7
24 27 183
0 1 67
0 14 175
59 5 7
78 58 39
0 45 183
3 58 137
0 40 149
132 16 47
11 51 137
5 22 24
1 1 126
13 53 176
24 8 147
55 38 112
2 43 139
0 12 126
123 39 86
2 45 77
79 26 55
2 45 186
4 46 47
27 59 31
23 34 6
58 58 83
0 15 67
9 9 55
0 11 136
51 20 180
1 56 100
1 46 14
7 28 155
0 2 8
1 17 91
1 0 18
290 20 5
158 35 165
0 40 198
8 4 79
0 48 150
3 13 113
0 14 167
0 35 130
4 54 34
1 52 105
1 31 37
0 4 36
0 17 150
45 7 182
58 25 51
0 5 144
1 19 58
0 15 135
3 38 21
0 8 91
0 22 3
4 24 54
582 46 92
3 15 87
0 22 124
1 2 13
42 31 98
0 7 125
67 45 119
355 53 56
0 7 193
0 33 156
11 0 7
1 0 8
2 35 171
1 1 69
0 42 138
8 50 70
0 30 181
1 38 91
0 41 69
0 58 8
2 37 122
0 49 131
20 11 184
83 58 89
0 53 189
68 10 32
3 24 6
1 32 60
17 18 91
4 56 178
0 34 141
0 34 33
4 19 176
120 36 51
80 36 178
11 10 102
1 26 161
6 54 24
2 15 20
11 20 34
6 7 34
14 46 156
10 29 134
6 35 43
0 58 184
0 16 96
2 54 28
0 40 16
2 0 76
4 55 119
0 31 162
8 38 72
2 37 14
6 16 71
6 2 126
4 12 5
1 11 80
5 39 76
0 18 155
11 52 106
3 27 117
0 50 90
1 4 117
1 44 65
9 36 131
0 0 146
11 5 61
2 19 196
2 45 97
2 39 30
73 51 90
3 26 79
4 55 181
2 17 173
2 34 48
0 13 141
1 35 122
0 55 190
2 23 127
0 37 105
8 17 47
10 22 158
1 41 188
21 3 150
5 11 141
1 12 192
150 25 18
3 39 34
0 28 19
0 59 41
161 5 153
0 35 188
81 8 83
2 5 172
3 0 52
5 11 42
6 15 87
30 52 119
18 48 123
0 39 153
1 47 99
0 59 94
19 20 20
87 58 155
0 43 77
2 13 66
17 8 71
14 53 40
12 38 168
10 32 122
1 33 151
8 39 179
0 9 171
104 51 187
5 45 170
0 13 161
13 31 168
0 35 103
6 54 97
28 0 85
0 50 70
4 11 140
37 32 97
1 34 100
0 16 87
1 27 40
12 6 116
3 39 145
0 45 67
1 17 149
4 2 27
102 36 87
9 16 174
71 55 83
0 48 52
35 39 121
0 27 198
0 34 14
0 40 45
16 56 29
6 44 122
0 49 54
0 39 163
1 4 128
0 36 11
0 28 49
0 47 98
2 35 198
1 25 58
3 54 85
4 28 12
723 40 112
0 31 29
0 12 108
0 35 29
49 28 92
2 19 82
7 13 68
669 40 25
0 22 61
1 58 195
0 1 49
16 10 94
0 29 99
0 47 28
2 19 57
10 33 121
486 16 82
19 50 181
4 57 37
241 49 145
1 51 176
8 33 124
2 54 6
115 27 67
137 38 21
6 47 106
23 27 32
5 56 173
308 33 44
4 11 118
0 30 90
0 58 105
39 24 154
0 58 111
0 12 91
20 21 7
3 3 113
3 21 177
1 11 90
0 48 135
2 11 13
49 44 160
0 51 60
3 4 145
5 44 174
1 10 17
0 20 125
0 1 200
0 35 143
3 45 187
48 3 196
11 13 169
6 31 134
243 15 184
0 42 44
0 53 106
0 28 165
3 29 171
1 37 88
198 38 182
0 16 141
2 12 24
0 46 137
48 45 35
8 45 121
2 55 131
1 22 155
2 35 196
0 10 99
2 52 75
3 33 145
26 0 151
13 50 41
22 18 132
5 50 80
0 39 150
5 51 3
0 19 114
1 13 194
300 57 46
0 59 150
2 44 99
0 2 176
86 26 23
0 42 113
3 36 110
1 41 85
4 11 75
0 35 22
15 33 158
7 21 43
85 2 111
96 50 24
7 8 124
7 37 115
0 0 40
4 17 188
13 47 142
3 40 112
16 30 60
38 13 175
1 36 29
1 32 106
10 43 143
0 13 114
7 12 180
1 14 90
9 9 109
81 45 151
0 38 72
0 1 128
11 37 194
0 34 38
0 15 20
25 16 33
73 23 58
2 29 179
99 7 53
6 52 91
69 7 182
0 23 40
23 3 43
0 33 10
0 34 37
9 8 109
14 54 141
5 54 54
111 58 101
1 6 29
0 37 62
0 4 20
0 35 47
0 20 158
1 29 198
3 33 6
1 15 104
4 3 50
2 46 109
22 59 184
4 38 127
4 17 82
0 54 46
1 26 122
17 54 19
13 9 23
0 19 196
2 40 89
0 42 183
22 24 40
1 33 5
7 54 188
22 43 121
0 40 149
3 42 64
1 51 85
8 28 189
1 54 193
2 55 176
799 16 154
0 11 83
1 45 48
1 48 88
0 21 5
0 22 101
44 21 141
113 49 76
0 9 106
0 13 151
7 49 81
0 31 146
0 29 188
57 44 171
4 44 168
0 52 58
3 47 146
6 16 149
64 45 76
306 50 184
1 10 22
0 41 164
18 42 178
9 27 180
0 17 179
1 50 78
2 39 96
0 48 197
2 9 155
0 9 31
2 4 69
12 10 71
0 57 157
1 21 122
54 17 158
5 27 137
1 44 33
34 38 75
0 36 91
69 52 34
0 56 175
5 52 78
4 3 122
0 28 141
3 34 59
4 49 181
7 59 178
0 26 116
0 14 128
0 22 141
0 42 186
66 5 177
0 48 51
1 54 165
11 50 143
0 2 41
12 29 72
1 48 157
5 42 111
0 28 84
2 53 29
5 31 52
8 37 183
0 7 23
20 11 13
0 51 175
4 37 127
0 38 57
2 20 198
0 49 42
2 2 174
799 52 117
0 19 151
2 54 102
0 12 19
5 1 179
14 13 119
1 38 22
237 35 19
3 11 139
0 41 138
0 8 35
0 24 60
0 7 101
56 3 175
3 0 47
16 42 76
0 19 182
2 52 123
1 35 20
0 3 27
2 46 87
137 16 50
14 8 121
0 44 94
0 0 149
0 50 184
0 57 148
14 40 167
0 1 143
0 44 92
1 23 54
5 43 152
0 49 10
0 43 36
0 5 195
0 40 99
0 58 145
0 47 160
3 24 174
1 9 113
0 25 67
1 54 72
0 26 45
2 15 144
54 30 56
0 3 4
1 57 142
9 10 56
0 56 46
0 27 61
0 50 33
3 52 1
7 6 137
0 38 19
4 23 31
0 25 82
19 42 46
12 43 135
6 23 30
7 3 54
73 59 65
6 56 27
15 35 88
4 30 134
251 43 183
0 2 86
37 8 193
1 29 166
460 43 130
0 54 6
749 43 11
19 40 199
0 16 27
1 20 61
24 21 42
0 56 75
0 28 135
3 9 139
3 9 176
0 9 14
1 33 151
35 24 76
42 37 27
33 57 97
53 55 126
0 9 81
0 41 162
217 40 100
2 16 30
1 18 52
0 28 108
0 47 139
502 53 43
4 10 74
133 14 85
0 33 122
313 52 108
0 25 87
6 55 195
0 41 144
31 10 26
0 41 70
23 3 200
87 1 187
0 25 51
0 35 112
57 19 193
25 47 105
1 5 51
0 7 177
0 35 6
4 14 174
0 54 22
3 2 186
92 58 165
215 39 120
61 26 24
2 46 21
1 22 108
0 8 127
0 24 182
0 21 37
1 28 123
5 35 197
3 59 4
0 21 69
1 7 56
11 7 64
0 58 185
0 38 19
0 45 59
17 19 172
1 53 118
6 7 165
1 30 85
0 0 47
1 44 16
1 50 54
1 52 188
0 33 182
9 2 64
0 53 49
1 32 103
0 3 153
392 43 139
2 43 131
1 40 150
6 29 161
2 0 198
290 58 131
0 33 88
0 47 151
0 51 15
5 9 164
12 20 127
0 9 100
0 34 118
4 41 124
3 55 2
0 0 11
2 7 156
67 3 96
318 37 145
2 4 165
0 35 187
0 40 126
0 6 52
0 25 169
3 34 171
5 31 39
0 50 145
1 23 58
0 14 183
0 30 43
15 20 177
1 33 32
15 34 16
4 46 138
0 20 109
1 21 90
0 48 40
7 2 162
3 52 125
18 28 72
2 28 83
2 6 94
47 39 187
15 44 135
50 6 122
2 6 145
0 24 189
2 58 71
0 19 83
0 9 194
0 19 152
3 42 64
36 54 168
4 39 50
3 54 102
0 27 67
0 53 51
1 52 89
0 28 85
0 52 104
84 33 172
47 55 111
0 35 56
21 10 95
1 26 96
0 48 63
14 4 75
0 46 86
3 38 29
0 53 178
0 10 156
41 36 59
0 1 142
17 25 29
5 0 59
0 4 148
1 49 191
0 48 55
16 41 33
248 48 158
0 59 31
0 37 174
11 57 20
2 14 101
7 4 136
0 3 148
2 33 35
0 25 113
20 29 19
9 50 86
6 4 156
0 53 27
0 55 53
4 49 20
1 23 190
0 44 75
1 46 199
0 6 115
1 27 27
0 28 75
0 3 10
0 23 126
22 52 156
0 27 1
0 12 176
3 35 124
33 31 90
0 6 110
300 53 112
5 5 41
0 6 120
0 24 167
5 19 86
2 20 32
3 45 1
3 42 47
4 12 188
0 30 109
0 56 76
30 18 108
0 31 161
0 6 123
0 56 49
0 37 171
24 13 154
314 13 68
2 12 89
2 30 49
10 26 126
10 4 167
0 58 65
0 19 60
4 46 200
0 2 21
93 3 190
381 2 2
241 49 62
2 31 17
0 11 40
0 2 184
0 55 111
4 7 68
10 1 39
166 3 68
0 45 168
4 8 183
1 16 112
0 16 117
16 51 140
0 37 200
265 46 3
3 57 61
1 27 60
0 28 149
8 10 60
1 24 6
6 35 148
1 48 135
0 43 23
12 0 105
2 45 28
3 13 138
7 9 183
0 32 26
6 12 67
4 57 57
0 25 80
53 57 73
2 40 25
7 43 189
6 37 89
1 41 125
43 6 152
29 18 35
5 48 29
132 42 52
29 0 75
46 58 96
2 1 82
1 40 153
0 9 146
0 20 189
1 43 111
2 55 1
2 4 196
3 57 135
0 10 148
0 28 137
292 21 26
10 29 139
0 12 184
0 47 31
1 13 182
0 52 41
1 26 154
63 10 96
29 21 19
3 26 186
0 0 64
83 57 183
6 11 103
2 31 56
2 44 178
9 42 74
4 29 131
29 46 186
12 42 70
0 29 30
423 5 180
0 46 43
2 52 173
1 47 1
54 10 138
0 56 20
0 39 106
55 3 145
37 17 188
1 43 133
18 56 144
175 37 200
0 1 72
0 18 78
2 37 57
2 28 131
157 52 87
5 15 81
6 55 66
0 41 138
1 38 130
0 32 126
0 3 142
5 46 22
0 53 43
0 25 102
10 20 137
1 21 157
3 1 197
0 21 175
2 34 117
0 10 140
18 24 195
4 8 55
3 20 69
0 5 98
2 52 4
1 54 156
0 18 147
10 7 120
0 30 66
1 23 26
1 26 138
39 23 3
12 19 123
20 26 16
0 4 154
0 32 46
0 43 100
0 54 191
0 15 87
5 0 33
7 28 72
138 40 21
7 19 44
217 57 66
8 52 78
4 22 69
8 16 136
3 37 139
184 47 126
24 42 100
24 8 170
0 19 172
0 11 153
2 25 124
0 4 37
0 23 80
12 10 173
159 31 172
0 48 70
2 35 38
2 53 98
8 42 183
137 4 200
1 13 181
0 28 14
0 1 130
0 13 22
1 56 116
2 2 76
0 44 187
6 22 41
1 47 16
14 7 141
1 10 106
1 8 150
0 7 148
0 59 135
0 44 105
2 1 25
1 30 139
1 36 138
2 5 40
7 59 199
1 1 158
72 28 35
49 29 106
2 18 185
10 13 39
0 20 116
0 11 165
5 57 121
3 5 24
9 50 9
0 25 8
1 21 84
3 54 2
0 3 183
2 18 136
70 58 64
0 53 178
2 38 75
0 50 105
225 33 152
4 37 160
0 43 156
245 36 11
29 39 132
10 16 160
274 36 127
3 20 36
1 47 153
2 14 16
3 10 153
0 32 155
1 50 67
215 49 184
3 2 50
10 46 183
27 34 199
1 28 100
3 45 88
1 46 75
18 16 156
5 58 13
0 16 167
2 1 180
0 33 120
25 53 6
24 33 85
6 18 161
22 23 21
86 48 192
2 43 44
3 7 171
0 26 178
0 9 40
20 43 44
2 40 63
0 38 180
0 50 175
0 55 127
0 46 110
328 23 76
0 25 130
1 3 127
1 46 55
6 33 85
2 36 34
29 36 46
0 56 60
3 57 90
0 21 157
0 50 198
18 48 59
2 49 194
3 30 94
0 31 62
1 46 154
58 12 152
1 26 23
0 40 176
4 2 36
4 15 144
1 45 139
3 26 81
45 19 2
8 23 66
147 49 188
14 29 144
0 33 115
1 11 69
4 49 16
12 30 118
0 11 69
0 38 119
4 49 30
0 33 25
0 16 3
17 7 168
1 51 162
4 5 46
144 14 22
1 33 98
51 17 171
0 25 182
73 59 181
1 4 198
57 3 163
0 44 65
1 6 90
1 30 43
0 54 139
0 34 23
89 31 159
0 26 124
1 41 175
0 18 157
0 47 52
1 13 63
21 48 177
43 7 176
0 11 179
15 36 74
16 40 138
400 26 163
1 1 193
15 54 26
4 0 139
1 51 158
0 3 115
0 2 59
0 50 187
1 9 23
3 29 1
10 7 22
119 45 110
2 38 48
0 0 51
0 1 107
38 4 91
6 26 70
4 19 149
284 29 14
200 45 154
18 17 103
0 4 80
142 30 198
1 20 151
1 23 87
1 57 196
0 40 85
0 59 49
4 56 159
0 46 159
0 22 73
1 56 195
0 43 53
86 38 146
2 50 182
56 22 80
80 4 8
24 2 95
4 18 61
0 40 28
0 56 15
2 11 166
0 31 6
29 13 194
5 43 148
7 43 191
3 1 186
241 10 165
1 42 168
0 40 151
1 31 65
0 9 44
2 43 12
9 45 125
34 47 47
3 16 163
0 3 2
5 24 63
58 50 197
186 14 20
2 35 64
1 15 101
11 27 39
0 37 190
12 39 120
0 15 127
39 0 43
0 32 47
2 38 167
0 40 16
0 55 152
0 37 41
0 33 89
0 51 11
0 22 186
0 35 110
70 34 181
0 25 183
0 4 131
226 8 109
3 54 10
22 14 42
1 8 114
1 22 111
0 29 26
19 12 73
1 24 185
1 55 54
4 20 65
2 57 174
0 3 150
0 34 154
0 38 75
48 26 26
28 32 61
1 14 130
3 12 41
29 30 33
0 29 62
66 4 70
2 29 173
3 53 26
0 34 66
89 56 40
0 6 157
1 15 54
3 19 49
0 26 115
9 34 176
12 33 110
16 36 93
3 50 80
5 41 27
15 49 150
0 3 55
16 7 120
10 22 101
6 16 31
0 57 108
9 37 197
196 23 177
1 52 16
62 25 28
6 27 89
1 41 145
1 48 123
0 2 174
5 55 154
9 27 191
1 12 151
40 59 85
7 41 117
0 31 143
0 19 71
0 52 51
1 24 90
1 39 130
5 56 109
0 44 140
51 23 129
0 16 34
7 44 162
2 35 136
0 9 1
24 43 18
7 55 39
0 38 180
33 34 61
1 28 123
8 33 129
8 6 5
209 9 40
1 18 150
11 3 33
3 40 115
0 7 195
5 37 109
41 23 70
0 9 179
0 31 55
1 48 76
10 57 38
9 4 131
1 15 130
17 36 111
2 7 126
1 58 20
0 28 191
1 4 71
175 37 48
0 25 16
0 30 70
47 39 83
47 14 180
8 53 8
0 12 31
0 38 151
29 9 134
2 37 142
11 48 43
150 1 153
308 24 125
0 10 43
1 7 33
17 57 105
23 30 74
2 8 33
0 14 54
0 13 71
93 28 197
4 34 174
47 17 13
2 47 134
2 35 110
93 10 84
578 11 142
0 33 103
4 26 23
83 42 75
41 4 2
0 46 87
0 14 135
3 19 30
19 2 54
16 23 105
1 17 196
0 10 146
1 29 45
0 58 196
24 23 189
0 15 138
0 37 18
0 41 113
0 44 147
1 18 154
4 20 137
374 30 10
0 14 110
0 23 25
0 5 188
0 26 101
1 31 18
5 38 73
0 56 29
2 42 4
1 11 27
0 28 196
0 35 119
5 17 51
12 1 47
40 9 122
0 15 58
0 0 65
66 5 143
18 18 1
97 2 168
7 11 189
39 54 73
7 16 126
0 13 50
5 8 179
0 18 194
9 44 122
0 10 12
72 52 61
45 55 55
71 1 11
419 19 192
116 16 139
6 46 15
2 31 24
15 34 155
15 24 39
0 33 146
0 8 4
16 45 117
33 43 145
2 42 176
2 50 127
0 35 72
0 13 164
4 45 7
0 8 162
1 50 44
42 54 49
2 9 134
23 20 67
4 12 198
269 40 83
2 26 145
0 44 67
15 7 56
9 17 24
5 4 114
48 34 99
1 36 195
0 44 198
1 41 146
2 36 155
130 14 166
0 12 198
1 27 89
1 36 48
3 13 39
8 25 118
0 19 72
6 16 179
1 41 1
1 30 155
0 22 139
0 35 62
5 49 19
13 50 15
10 31 127
0 23 14
1 43 130
3 14 109
3 29 79
0 18 132
0 47 32
1 23 159
12 11 165
67 55 37
184 10 83
2 3 187
1 1 6
109 52 145
0 17 189
0 56 148
2 55 107
4 26 145
4 23 4
1 52 18
8 42 96
1 31 54
1 23 8
0 58 74
0 47 51
10 3 51
0 28 77
3 36 76
1 46 37
0 42 131
17 19 90
1 49 64
10 9 161
6 31 55
6 45 196
0 55 84
7 46 93
0 47 127
2 30 107
1 0 141
5 28 97
24 18 74
2 27 63
0 53 94
116 16 112
6 35 60
3 50 182
58 36 193
0 23 94
1 44 140
2 52 37
0 47 60
148 0 82
0 0 2
0 36 16
2 27 126
1 21 73
0 34 21
0 40 159
0 37 104
0 0 146
2 55 132
1 14 61
1 30 196
320 30 99
1 26 23
40 21 57
9 57 37
1 5 30
9 9 20
0 38 133
1 21 88
0 9 116
4 6 60
0 38 193
2 50 131
39 57 1
14 51 58
1 30 124
6 22 92
10 34 96
2 40 99
0 28 188
2 23 189
0 35 103
0 28 148
0 40 39
3 29 123
2 36 106
2 36 149
0 40 110
42 1 26
0 53 58
1 37 47
1 21 132
46 8 11
0 2 139
4 17 102
12 15 39
0 39 180
5 28 27
2 47 158
14 49 141
0 17 21
13 6 52
53 27 18
2 53 194
9 20 112
79 50 127
1 52 80
0 8 130
0 18 130
0 3 162
0 2 165
0 11 64
54 40 132
121 27 17
0 48 129
5 27 78
8 9 83
463 46 61
19 24 193
0 59 11
8 12 50
45 43 47
33 12 55
1 18 168
8 26 197
1 21 54
0 50 162
0 59 157
0 43 141
8 7 169
0 30 107
1 45 104
23 40 42
0 46 45
0 26 113
1 12 101
5 34 160
21 15 82
1 5 11
0 55 110
2 2 196
0 28 198
226 8 13
8 54 185
0 51 101
1 35 159
0 3 41
0 18 12
0 26 132
0 19 73
9 55 63
44 34 43
16 15 197
1 15 110
1 1 92
2 35 26
1 41 70
4 53 160
61 56 163
1 27 1
0 33 194
9 37 49
0 36 67
29 35 105
16 5 175
71 22 13
2 54 140
31 28 196
0 27 146
4 38 73
2 49 5
1 31 73
5 13 180
0 1 107
2 14 147
58 33 113
29 50 26
11 23 152
0 1 179
0 26 148
4 8 180
3 13 69
2 49 49
0 53 194
2 48 156
1 1 77
0 18 169
0 21 62
2 54 140
1 48 67
3 36 126
231 20 157
28 18 13
4 10 118
5 36 154
5 33 122
1 36 193
1 21 160
6 30 42
0 6 81
4 12 200
4 54 133
22 39 43
1 21 136
0 21 133
0 2 31
0 46 124
7 29 145
2 3 189
1 57 92
0 17 60
8 25 34
0 21 91
18 53 96
0 25 158
0 35 75
2 51 182
1 58 7
1 54 154
1 25 65
0 5 183
291 56 128
38 32 112
532 57 109
9 47 134
2 34 67
11 27 25
0 11 141
3 55 29
30 35 199
0 57 43
1 32 121
0 2 37
0 13 4
48 50 114
147 36 41
10 24 79
0 50 74
1 48 182
0 15 96
0 13 68
1 18 189
1 29 71
244 47 192
28 43 144
0 25 140
4 0 175
499 22 159
1 38 30
8 47 138
2 45 86
0 18 182
0 15 142
2 43 173
5 59 149
1 50 16
0 21 53
0 5 70
0 32 95
96 0 77
3 47 116
0 47 138
302 10 166
36 7 11
0 31 171
0 7 83
0 38 43
54 54 4
124 35 123
1 50 132
0 42 7
0 24 132
5 6 108
22 52 52
4 21 139
133 34 199
0 10 118
0 29 144
0 52 130
0 14 167
35 41 76
4 11 70
6 39 12
0 11 83
16 58 149
3 35 92
8 18 67
0 14 67
0 23 92
508 43 81
4 50 19
7 3 131
7 4 134
35 19 162
0 36 155
0 30 25
2 3 107
0 27 185
0 6 111
3 48 165
0 2 199
4 19 62
25 56 61
7 18 149
3 30 128
0 46 65
0 4 134
4 38 37
5 47 48
2 46 92
0 40 152
0 59 167
20 35 125
4 18 199
0 51 61
0 23 166
1 22 135
0 37 74
5 10 88
8 34 9
2 33 65
8 19 117
1 1 13
0 28 10
0 54 185
18 11 175
16 5 132
28 0 16
15 18 135
2 54 22
0 51 94
0 22 160
0 48 80
0 11 69
129 16 63
29 58 121
5 46 23
0 37 179
0 59 36
3 0 29
0 48 127
0 39 47
1 54 65
1 35 147
0 59 63
3 15 88
0 20 138
56 3 21
0 37 26
4 16 179
0 27 174
2 58 15
0 26 167
0 57 180
0 39 173
0 26 169
11 54 137
0 12 122
0 42 166
7 39 141
1 37 145
792 45 87
24 58 127
2 28 137
81 44 188
6 7 139
0 56 184
1 30 110
0 57 85
0 12 116
2 52 51
13 52 61
1 23 178
39 53 96
9 41 147
4 18 184
277 20 138
7 56 146
4 48 6
0 42 6
2 7 25
0 20 43
371 2 191
1 15 194
0 3 41
0 57 51
0 50 68
9 42 197
21 32 172
0 7 199
0 0 138
0 15 112
0 28 188
99 5 147
498 2 169
0 32 97
271 39 148
0 23 7
0 38 77
0 48 73
0 2 86
13 37 133
0 50 9
0 7 85
0 48 31
1 52 104
0 51 140
9 18 28
36 1 134
0 18 121
10 51 57
0 29 90
1 57 103
4 22 124
1 44 152
16 46 6
1 51 120
2 53 180
211 34 15
306 3 143
0 40 91
10 3 27
0 17 84
2 47 187
1 27 159
0 43 79
165 15 78
3 22 66
2 45 11
0 4 161
0 49 118
3 29 118
5 23 99
9 7 10
0 27 51
0 21 147
1 21 9
0 21 120
2 37 151
23 20 80
1 35 196
0 56 187
18 8 173
3 17 55
10 17 97
3 2 156
6 43 139
2 54 198
2 55 69
0 50 24
1 59 86
32 21 47
0 15 105
36 47 42
0 32 108
0 22 182
427 29 144
3 51 42
0 53 139
0 24 47
3 52 78
2 45 144
7 25 13
5 58 35
3 49 43
131 44 166
0 32 23
6 1 61
2 2 72
2 34 139
3 22 200
0 34 7
1 54 42
19 27 143
7 51 113
0 29 197
0 5 168
2 7 48
4 54 164
0 28 76
101 46 105
534 21 18
11 33 52
0 33 139
148 23 112
2 38 13
1 8 150
0 57 10
0 32 56
0 49 88
19 24 6
380 2 84
0 38 137
97 6 162
0 24 166
13 14 18
0 45 22
82 55 183
1 14 21
3 32 1
2 36 124
0 0 94
0 22 29
67 34 90
3 37 6
27 30 136
11 40 3
403 43 192
0 2 191
0 57 73
24 47 45
0 18 82
0 7 78
1 6 30
12 14 31
11 17 29
2 16 138
12 50 29
10 44 80
0 46 10
27 7 48
26 57 155
0 25 36
0 29 17
1 3 131
0 13 21
0 20 172
0 13 64
537 54 64
73 38 21
29 38 67
0 5 36
0 40 7
62 5 28
0 52 16
0 20 102
1 7 38
0 14 49
35 22 159
2 30 181
1 52 174
37 44 157
0 23 195
3 24 100
65 40 42
11 22 84
0 46 36
4 44 126
54 42 27
14 39 178
45 0 84
99 19 122
8 8 24
2 19 87
0 14 166
3 32 126
0 30 84
161 4 91
0 2 19
551 41 98
3 49 81
0 2 196
38 29 109
0 42 110
157 32 76
27 48 57
0 23 171
1 30 14
50 39 147
114 43 31
0 0 135
1 47 184
6 57 95
4 59 178
0 49 104
2 6 179
0 51 130
1 46 54
5 55 72
0 55 68
2 8 110
52 7 27
11 32 162
35 35 30
2 34 87
0 15 140
0 25 177
0 27 70
54 15 32
12 3 181
0 52 55
0 3 12
5 26 112
493 44 124
5 40 115
371 42 110
10 43 100
2 5 14
1 50 97
156 2 72
21 7 173
3 8 16
0 31 129
0 10 112
0 10 172
3 35 137
2 15 134
2 44 136
2 56 106
70 7 53
1 43 8
0 50 31
97 45 113
502 39 70
2 4 23
3 16 124
0 34 29
3 8 104
0 27 70
0 13 110
7 2 86
6 52 12
2 46 195
19 17 197
20 9 123
3 53 37
0 29 30
57 7 28
46 6 147
3 11 124
8 12 97
119 8 173
1 18 117
249 9 168
1 0 24
74 20 34
0 9 136
4 20 78
39 44 38
7 18 187
42 14 21
0 24 43
0 33 116
0 31 116
0 6 88
16 18 176
17 54 79
6 15 200
1 40 39
0 46 72
1 40 174
0 44 134
2 11 139
26 49 155
0 6 79
632 49 184
0 56 133
0 43 99
6 22 30
87 28 44
0 54 163
4 45 59
0 6 89
0 45 166
0 58 154
2 46 193
7 39 144
42 23 195
50 25 33
0 14 81
52 51 139
2 52 58
0 9 23
4 21 159
4 12 67
19 55 169
30 22 140
6 43 108
11 39 147
2 58 190
0 57 39
25 31 74
0 46 102
73 16 137
0 38 110
184 28 98
8 41 146
0 33 40
1 14 185
3 0 70
12 57 101
0 6 116
0 52 89
8 2 115
42 56 120
248 57 98
0 26 191
12 21 86
2 56 97
6 32 161
19 15 156
17 29 89
0 21 140
0 9 74
15 13 51
65 51 21
0 10 145
492 56 58
4 43 8
1 56 135
3 17 120
1 30 133
0 15 118
1 43 58
12 32 164
207 51 53
4 56 127
3 1 68
34 5 7
18 41 75
49 10 152
102 49 51
0 24 8
0 16 21
0 41 152
0 40 191
2 53 200
0 32 184
1 40 144
0 4 174
29 17 69
1 20 55
0 44 115
38 28 153
2 21 5
0 34 38
2 34 88
14 24 133
124 53 26
16 16 118
3 41 30
0 18 90
5 38 75
2 30 23
3 27 30
729 33 20
72 21 180
1 5 94
22 25 138
0 36 110
0 1 94
2 13 1
127 58 167
0 28 111
341 13 41
9 11 160
26 30 175
26 14 112
3 46 42
221 52 199
11 40 163
0 46 28
132 56 115
6 35 40
0 41 112
2 33 142
0 16 75
2 21 118
4 25 57
0 7 126
0 2 66
3 44 156
1 22 192
0 54 142
0 29 130
23 34 92
25 28 130
0 10 79
0 30 197
11 0 16
0 9 140
0 11 197
0 57 162
0 39 142
127 16 159
28 21 102
0 51 104
0 40 115
45 54 151
15 45 3
0 18 135
2 25 92
2 9 152
2 5 128
1 0 53
1 20 200
2 55 97
7 18 106
1 53 82
56 51 128
0 21 115
0 28 93
2 19 73
5 51 158
0 14 22
56 20 182
100 44 141
1 4 137
6 47 128
109 7 42
22 52 11
0 15 179
31 18 42
2 16 50
1 13 87
3 20 7
0 26 87
553 57 45
28 4 5
0 28 6
6 53 87
0 47 78
0 24 176
0 38 24
1 19 88
80 52 60
0 56 30
0 57 30
1 41 138
12 32 147
4 17 143
0 1 91
0 13 152
7 12 141
2 43 142
4 6 81
1 30 157
0 22 183
0 31 18
0 52 31
1 45 13
9 26 200
0 24 74
1 36 187
3 26 6
3 7 167
51 49 87
0 50 137
37 36 45
10 58 61
0 44 164
24 19 61
1 55 3
11 49 141
24 51 56
2 29 146
2 21 194
1 35 73
1 38 103
1 49 31
4 9 140
7 38 113
0 31 51
0 12 130
8 49 152
8 55 137
9 55 119
0 8 170
1 21 99
4 58 49
0 53 173
4 25 106
0 10 193
0 16 52
0 47 178
8 47 78
4 29 6
26 51 187
1 37 39
40 36 53
0 5 89
1 15 98
30 3 173
0 36 42
12 20 106
0 30 4
6 38 63
0 28 121
0 52 109
0 45 132
86 32 148
21 53 10
0 46 66
454 33 37
2 20 30
0 18 57
6 22 142
10 32 42
0 41 176
1 23 36
18 4 14
0 41 186
6 21 133
0 58 8
0 38 91
24 54 64
548 5 41
645 37 155
11 43 127
134 19 194
2 4 1
172 54 135
3 31 40
1 14 151
1 40 117
18 38 173
2 39 145
330 20 105
4 22 191
55 44 182
10 55 111
0 12 100
94 24 76
0 35 90
2 11 81
4 0 86
10 17 8
124 15 106
7 3 170
0 35 96
460 31 185
1 41 23
0 6 178
36 28 150
6 27 128
1 26 97
0 1 132
7 11 159
5 6 143
9 3 34
37 55 183
0 7 167
6 9 62
1 18 68
6 13 124
0 10 106
0 59 125
0 11 183
17 12 112
12 40 123
296 48 38
2 11 111
7 49 159
143 40 45
1 36 146
58 46 36
1 5 136
52 10 152
0 2 29
1 46 77
0 53 191
2 38 117
1 33 23
0 36 73
365 52 49
16 17 152
3 24 55
1 35 7
264 57 26
0 51 110
1 36 170
0 0 184
32 26 55
0 14 154
0 47 199
0 41 135
26 29 102
4 14 105
1 54 102
70 18 170
151 47 110
1 51 19
0 11 49
17 0 78
1 36 183
1 38 86
2 34 15
18 8 110
0 32 45
113 26 93
3 44 87
4 2 52
0 1 108
1 5 106
6 43 53
0 44 87
0 56 50
0 0 18
50 31 159
208 46 120
3 26 99
2 26 45
0 38 87
4 8 156
0 1 93
17 29 59
1 28 130
13 27 144
1 55 5
1 37 79
5 39 34
1 42 8
0 54 9
1 10 144
2 19 14
0 6 19
2 56 127
1 44 94
10 49 129
65 20 88
0 46 5
1 51 1
1 38 38
11 59 165
48 50 92
0 19 62
0 58 39
4 43 6
3 25 117
4 27 183
16 8 84
21 35 142
9 15 8
1 44 28
263 39 33
3 7 148
128 18 3
6 21 23
0 56 191
427 25 126
1 42 161
2 37 183
0 15 133
21 15 11
0 12 186
0 29 43
0 13 180
0 38 108
0 53 163
13 43 59
0 42 141
0 17 154
1 40 71
0 43 19
0 9 17
46 18 8
0 54 84
38 25 126
227 8 161
16 48 120
2 19 153
33 43 24
18 9 112
17 58 90
4 23 103
6 42 200
404 58 81
2 47 149
14 19 100
116 15 31
5 23 1
1 34 150
4 51 167
0 22 84
10 14 134
25 59 143
0 1 125
3 47 72
29 50 83
0 36 186
0 17 155
2 49 138
63 15 136
1 16 110
1 36 133
0 35 183
0 24 128
1 10 143
1 57 189
3 38 143
97 58 74
265 10 52
0 2 91
20 41 53
735 50 129
0 38 107
62 32 17
0 26 31
0 4 121
0 52 27
3 15 87
0 6 161
0 17 7
3 18 79
0 51 112
1 3 184
0 41 7
0 36 16
76 38 45
1 45 11
0 47 84
87 28 99
18 14 5
14 38 149
35 3 80
3 35 63
2 17 32
9 18 78
2 3 121
684 18 75
32 31 53
41 38 33
2 15 15
0 10 153
7 14 122
16 25 25
1 38 105
5 3 76
13 17 76
0 14 142
4 26 78
1 50 7
4 44 150
1 30 55
0 40 7
101 40 151
1 38 8
0 47 152
21 31 101
2 8 171
0 12 32
2 41 140
5 58 76
9 44 149
311 34 110
4 43 128
1 47 49
6 0 87
0 22 76
0 27 169
149 17 51
0 37 177
11 8 85
2 3 148
218 42 141
9 38 194
0 5 106
107 18 195
75 34 195
371 18 37
9 12 70
0 42 3
0 4 139
1 3 64
0 34 78
5 53 149
0 8 91
0 49 47
58 22 66
17 14 70
10 46 139
0 36 21
9 8 162
28 59 60
2 46 165
3 30 58
0 47 139
1 27 134
0 38 51
5 44 131
0 21 80
169 43 38
15 35 183
509 6 86
1 21 94
9 13 88
1 7 16
0 35 105
68 23 85
1 52 124
7 39 120
1 7 104
0 50 82
9 24 191
0 29 86
1 25 54
0 6 175
0 15 98
0 46 81
0 43 96
0 33 166
0 30 3
181 21 199
14 53 181
100 53 170
0 41 127
0 6 10
0 28 149
0 28 120
0 56 193
1 16 65
5 12 45
0 34 54
9 30 84
0 35 153
81 33 77
0 19 50
19 54 74
88 9 83
0 46 185
0 1 57
22 19 91
6 32 50
2 5 170
2 58 36
1 11 28
10 7 61
1 40 152
60 3 102
114 0 154
13 41 36
0 19 33
1 55 12
1 3 36
6 9 183
1 36 196
1 27 83
1 57 189
0 21 148
2 48 38
6 46 149
86 55 140
0 31 72
1 8 69
5 52 125
18 34 132
0 10 80
0 0 80
0 42 112
0 31 84
52 51 106
10 51 123
47 16 6
0 13 22
54 2 22
0 18 8
293 55 39
1 15 171
9 11 127
33 17 95
0 47 5
0 40 56
3 53 147
15 31 58
30 5 153
0 33 111
0 58 108
8 23 4
263 39 17
1 58 190
74 18 193
1 26 181
10 0 192
0 10 73
0 31 7
0 49 149
1 15 189
18 22 168
0 32 112
2 38 103
44 56 110
364 57 133
6 15 34
0 19 96
0 24 89
0 49 77
264 16 141
1 35 167
5 58 180
4 15 77
0 6 14
15 44 64
3 20 160
405 0 176
0 22 146
27 20 125
59 48 189
2 0 72
0 50 96
0 2 165
38 6 169
47 56 63
0 6 76
0 21 65
1 44 124
5 39 22
2 50 42
2 36 145
51 56 146
201 30 103
4 43 67
21 59 100
0 1 98
4 9 192
0 31 39
0 44 28
0 19 141
2 49 110
0 16 89
4 56 190
4 53 60
15 31 156
11 17 13
1 53 1
8 12 72
1 44 70
43 1 80
0 42 178
38 24 127
0 31 44
0 12 95
4 57 200
6 25 54
20 8 93
3 38 13
0 33 6
5 52 190
1 48 154
0 10 160
0 32 78
0 2 102
0 37 49
61 46 158
9 1 103
1 11 174
3 29 107
295 5 185
240 6 111
2 55 101
3 38 158
0 11 103
3 45 166
106 46 153
0 5 31
3 30 157
1 59 176
1 21 31
20 6 8
2 23 42
0 27 17
2 8 108
13 26 124
23 29 196
6 54 64
9 33 141
2 51 25
3 13 64
4 23 97
0 53 19
6 24 132
86 18 151
0 10 141
50 59 103
0 15 89
0 13 34
0 40 26
5 21 197
7 37 60
4 57 192
0 4 170
1 44 122
1 52 75
24 36 11
1 8 58
14 43 176
0 36 142
2 2 179
1 21 178
0 49 89
3 24 186
1 32 2
8 15 196
0 35 119
2 7 36
26 46 169
624 43 15
14 13 7
1 20 83
4 27 75
478 21 148
0 12 91
40 53 64
0 47 47
12 32 79
1 34 183
0 39 127
0 13 149
21 20 107
0 43 86
38 32 184
14 52 148
0 55 151
10 21 99
5 1 77
7 57 24
0 48 5
257 16 8
9 27 139
2 41 20
46 10 149
9 9 92
2 52 170
6 26 170
18 5 164
10 18 130
3 42 84
0 43 127
6 6 78
757 4 172
0 58 162
0 22 13
1 42 144
77 59 8
135 1 91
7 35 140
392 47 55
35 11 33
4 50 130
0 31 1
0 0 156
0 31 55
0 42 81
88 26 127
5 20 104
41 36 112
2 29 27
1 55 197
1 43 75
8 56 23
0 42 153
1 5 139
2 10 13
0 26 111
2 50 148
42 39 135
1 38 53
2 12 175
4 44 164
7 50 92
6 28 10
0 26 23
89 8 166
0 40 117
4 33 45
0 42 106
0 7 104
3 58 24
161 54 31
1 3 70
0 29 6
129 42 92
2 26 106
0 0 156
32 32 165
0 21 132
0 3 52
0 50 113
1 7 46
7 47 126
0 12 164
18 47 53
0 14 104
6 39 82
2 22 39
0 32 55
0 13 167
1 41 44
1 26 87
1 46 117
8 26 166
4 43 121
52 38 144
1 20 183
1 49 31
0 45 96
3 21 167
0 29 187
0 38 54
0 50 114
16 3 114
0 26 11
2 37 160
0 53 139
23 21 70
0 26 168
2 50 132
9 53 110
0 56 189
6 36 129
17 9 134
0 52 80
1 29 87
25 9 128
4 44 135
0 41 58
0 35 12
34 36 90
0 40 68
0 44 59
629 12 72
12 10 117
600 44 11
0 9 112
4 27 181
0 56 62
6 3 157
1 38 164
2 52 174
0 31 6
318 24 194
0 6 168
1 50 129
13 13 6
4 5 131
6 18 172
1 2 90
2 38 67
0 42 10
5 29 75
32 19 59
0 37 55
0 32 168
5 9 161
0 45 82
239 40 141
1 22 109
10 57 131
8 35 34
8 36 97
0 42 133
3 18 123
5 25 121
4 41 176
0 30 22
0 24 86
57 23 14
10 22 86
5 54 191
419 4 119
27 26 161
10 32 112
13 32 56
0 18 28
0 6 39
42 23 96
0 30 29
86 20 112
0 42 138
0 43 29
1 48 124
73 52 11
0 23 32
1 14 127
4 45 57
9 15 170
4 35 25
1 26 176
0 2 154
13 5 10
1 30 108
1 30 109
0 55 143
104 15 55
5 30 132
1 44 25
2 18 196
9 17 121
1 15 118
7 39 28
0 24 112
0 16 77
1 4 153
1 34 69
0 55 43
0 18 25
0 55 113
0 21 178
524 6 125
1 23 70
0 28 121
6 50 133
15 44 20
0 11 4
0 44 96
0 12 39
0 30 67
0 55 175
1 24 102
10 46 11
0 29 180
0 7 52
21 6 88
74 13 167
4 46 77
9 47 57
0 1 63
11 10 185
1 5 151
7 46 34
25 8 7
3 11 28
70 35 183
60 9 39
16 39 27
0 1 107
2 28 99
0 32 133
88 38 34
3 34 12
9 7 138
202 18 75
2 56 14
12 43 53
0 46 19
0 49 194
0 0 8
0 57 184
18 14 3
0 10 13
0 22 163
1 24 16
5 38 91
2 36 102
0 9 110
0 25 148
0 25 7
1 26 178
0 44 8
0 20 70
10 38 33
1 26 67
4 51 30
1 25 68
2 40 42
1 5 187
0 47 56
4 37 21
1 53 120
1 37 177
0 33 111
2 48 188
3 41 200
0 47 12
0 53 26
8 41 101
59 55 165
0 2 92
0 9 68
352 6 109
0 1 172
1 33 76
0 8 97
2 30 28
0 17 20
92 32 98
0 12 148
277 19 129
5 46 109
27 46 138
0 48 141
1 18 90
209 10 159
0 9 25
4 31 73
0 49 188
5 8 42
0 11 172
96 3 97
3 32 131
0 23 128
1 36 161
0 18 147
57 54 100
0 19 82
13 55 100
2 10 5
7 7 61
4 14 115
0 25 150
18 15 63
0 32 87
0 24 72
1 47 81
2 31 76
2 8 66
5 15 196
2 57 154
0 43 42
0 2 49
1 5 88
7 27 54
1 34 9
8 3 42
0 36 20
0 39 179
0 7 169
0 47 199
3 12 85
0 33 102
5 44 77
0 54 83
13 10 30
0 43 44
1 3 93
195 21 50
0 9 140
0 55 104
73 55 115
32 55 73
109 34 5
0 46 118
412 33 104
15 41 37
1 39 170
0 49 72
84 14 128
24 52 152
0 55 60
0 15 79
0 26 81
0 41 93
4 4 56
4 25 85
27 43 57
6 12 74
21 43 130
1 35 131
45 42 12
0 38 69
1 43 138
1 6 162
0 50 175
0 38 47
5 4 173
640 38 147
0 16 164
7 44 74
0 8 112
9 9 16
0 13 134
190 49 89
4 46 21
0 13 119
613 23 159
0 14 105
580 42 163
0 1 32
11 59 166
0 40 143
7 9 51
19 30 30
0 9 155
23 18 98
7 56 102
13 48 113
350 32 190
8 5 32
14 34 127
35 38 27
29 18 135
56 17 139
11 28 2
7 42 173
2 27 85
1 53 148
1 11 18
2 55 13
1 1 70
436 49 149
143 0 62
2 25 137
4 46 86
0 46 157
6 17 81
11 25 2
4 40 181
0 16 102
0 4 46
0 52 102
0 31 65
14 3 28
187 4 127
33 34 123
1 16 92
8 35 108
0 35 21
1 44 67
0 37 70
4 8 143
0 12 168
7 52 66
5 20 195
3 45 1
4 4 190
53 15 163
24 33 23
4 44 135
0 28 80
4 30 107
0 3 73
0 31 141
20 12 27
2 17 185
10 28 86
0 20 70
9 35 43
57 5 31
75 45 52
0 51 187
40 28 142
0 45 95
12 56 134
11 28 166
27 38 62
7 45 51
5 42 56
0 25 84
2 8 32
1 22 95
0 42 12
2 4 139
22 43 130
0 50 151
20 7 85
0 43 125
6 22 101
21 4 68
1 12 196
211 48 167
10 19 146
26 25 104
2 58 171
56 33 66
0 39 193
5 46 66
0 32 60
1 12 151
3 55 93
8 10 85
53 19 200
2 44 1
4 26 53
0 24 139
2 25 169
3 59 95
0 11 100
0 8 119
4 7 102
20 30 65
2 5 80
0 10 119
0 2 199
0 56 195
1 2 167
0 53 56
0 52 30
97 6 178
0 11 5
4 31 42
2 40 19
0 4 91
216 49 94
0 34 144
2 17 153
0 10 85
0 23 191
740 47 194
11 5 61
0 32 183
1 54 121
2 15 170
22 48 107
59 56 156
3 14 103
0 27 127
122 18 41
0 42 182
4 1 156
0 3 157
6 30 96
250 37 28
0 26 120
8 17 158
1 2 127
0 43 168
0 5 6
126 21 4
0 55 167
0 31 63
3 12 34
2 59 123
0 8 151
0 20 26
2 30 19
0 39 109
4 53 95
0 3 164
1 20 11
693 56 171
0 41 29
0 32 190
1 39 2
4 37 199
0 42 78
11 19 129
0 47 144
773 51 59
0 2 96
3 49 43
2 30 153
2 17 6
0 8 51
0 44 190
0 13 185
0 22 158
0 23 96
8 28 54
555 56 119
5 24 4
3 34 23
109 6 161
2 20 120
0 54 195
1 4 151
2 19 192
4 7 138
5 54 48
9 11 12
0 11 119
42 17 92
0 11 131
1 48 121
5 21 71
3 15 67
9 31 111
1 37 192
3 18 155
2 49 164
0 10 45
0 40 166
0 2 105
4 20 20
2 44 172
106 22 96
0 44 132
33 56 131
3 12 182
0 48 9
15 5 154
0 21 134
20 13 121
0 37 139
0 27 42
0 31 62
0 2 122
0 56 87
0 32 101
2 17 23
534 57 66
0 9 56
0 30 16
13 16 186
35 42 90
0 18 109
1 37 87
0 44 87
9 11 43
9 7 3
194 26 6
0 47 128
3 7 93
7 21 132
1 42 105
14 7 33
1 34 152
260 13 99
663 33 97
10 42 19
11 28 122
0 20 154
3 1 152
3 43 96
0 56 106
1 25 125
4 2 151
1 38 19
14 22 2
4 29 137
0 45 197
89 18 8
1 8 46
0 59 51
12 51 117
1 24 104
0 24 129
2 21 60
0 35 195
11 5 76
54 18 48
4 26 7
0 48 79
8 27 169
0 30 180
0 43 5
0 14 57
0 9 1
25 36 161
0 1 28
1 21 148
0 3 114
6 2 184
1 33 116
74 42 135
6 47 190
1 15 4
6 41 176
2 44 129
0 54 64
0 42 76
0 8 122
0 20 150
7 30 21
0 44 106
0 53 9
0 3 50
1 6 173
9 56 145
6 52 118
0 44 64
33 47 93
0 32 3
6 9 104
0 30 58
0 23 141
2 2 51
0 41 176
0 59 115
1 50 165
82 9 118
2 11 124
2 13 183
0 56 183
1 43 192
1 6 39
0 11 116
26 25 199
32 27 87
166 13 58
0 58 78
0 50 18
11 14 65
3 47 12
0 59 191
0 33 138
0 35 51
599 51 90
44 50 4
0 22 89
39 27 199
1 42 77
1 53 73
0 20 108
0 38 69
0 18 15
0 23 87
19 25 111
4 14 109
15 15 20
53 51 113
0 4 114
0 21 81
0 25 111
1 7 75
3 0 48
0 43 48
2 24 92
0 49 59
2 36 53
2 54 2
94 27 173
2 20 182
0 25 83
0 8 70
0 8 194
102 2 143
9 6 71
3 26 50
0 24 71
4 18 113
191 3 195
1 27 147
50 10 122
26 57 149
5 25 129
2 45 94
0 23 113
0 4 147
0 3 151
0 25 121
3 31 176
15 14 37
27 27 125
64 56 14
5 37 91
1 41 89
1 20 21
4 29 96
1 52 137
0 10 54
2 31 174
0 53 81
31 39 27
0 13 119
52 27 20
0 23 19
7 12 106
0 4 182
1 12 93
0 15 192
0 26 168
2 1 51
0 59 79
5 9 146
0 58 46
33 37 127
0 31 42
1 56 119
90 52 46
1 18 100
9 40 139
0 54 177
0 23 43
0 58 171
1 54 33
13 57 36
0 2 59
2 30 188
1 0 165
1 28 171
105 10 3
2 7 199
0 22 194
13 54 4
2 16 38
147 43 52
59 19 60
0 55 12
1 34 24
0 5 59
7 52 113
0 30 101
0 16 127
1 24 118
9 49 87
47 42 12
0 39 56
325 36 13
5 28 102
2 45 56
177 38 54
8 34 90
37 32 113
0 32 5
0 13 20
0 45 69
135 9 180
0 7 110
0 51 43
0 52 37
0 25 146
1 22 139
0 13 36
2 14 186
1 33 176
0 35 86
0 40 138
0 0 17
3 24 85
0 18 14
0 38 171
1 3 42
0 44 52
10 50 166
0 23 162
10 50 87
2 38 94
18 55 9
0 35 146
9 28 137
10 12 198
27 53 173
0 22 89
2 48 85
15 58 187
0 25 140
0 58 135
0 9 6
23 7 61
0 40 196
1 21 24
1 51 127
4 22 141
0 52 128
0 2 172
0 45 102
9 47 191
15 31 120
30 5 125
8 35 104
1 44 159
40 0 166
0 3 185
3 38 23
0 11 64
4 36 59
1 42 154
9 34 123
0 26 150
0 20 44
16 57 26
4 5 1
9 14 30
11 30 5
1 7 17
1 48 199
175 13 165
0 16 162
0 28 81
0 58 38
0 8 69
0 13 133
0 3 101
300 59 121
24 43 169
0 36 42
0 12 124
7 24 164
4 51 51
7 46 8
6 16 107
0 43 77
103 20 153
0 55 26
0 28 191
19 1 54
4 45 64
1 23 175
0 17 143
1 7 12
0 36 117
0 46 23
292 36 186
13 32 36
11 44 137
1 29 35
0 40 84
0 47 164
0 2 19
0 24 169
409 35 171
15 50 29
0 53 140
393 59 20
93 43 70
1 27 168
0 40 178
1 53 164
0 25 25
270 53 82
0 4 108
30 37 48
0 49 56
1 51 36
6 47 120
0 50 28
1 47 135
17 11 167
1 31 19
6 24 104
7 34 17
5 16 130
0 9 134
0 8 200
0 50 128
0 9 88
56 38 197
368 14 8
4 54 171
0 31 134
49 27 134
66 55 197
0 13 10
190 59 26
1 5 21
0 45 42
0 57 161
3 39 113
14 55 186
5 43 132
0 43 23
0 59 65
0 50 176
0 11 174
4 6 180
0 31 22
0 14 31
32 47 1
1 55 109
13 27 11
3 47 81
26 56 63
183 55 92
0 47 194
18 2 191
49 34 180
16 38 87
10 10 200
4 44 34
5 29 47
72 45 108
1 27 155
0 27 198
1 41 44
266 16 101
0 18 92
0 2 192
82 59 117
0 13 177
0 24 43
1 24 65
4 57 199
2 49 167
0 51 15
5 11 94
0 45 26
1 34 82
1 14 193
0 14 121
2 10 3
2 24 71
3 56 173
15 47 26
0 59 119
30 53 194
0 55 100
276 13 104
7 18 32
4 37 179
0 6 171
11 58 16
94 54 186
2 39 48
1 54 27
0 19 4
0 49 54
1 41 155
6 45 55
4 45 141
26 21 105
14 8 71
29 42 57
0 52 168
95 54 157
6 1 63
419 57 95
0 49 84
0 16 76
0 18 135
0 22 176
2 1 26
15 27 62
2 38 153
0 37 169
5 10 143
0 50 174
10 55 14
0 13 50
3 50 171
296 37 12
1 42 96
1 25 135
1 49 118
1 27 9
4 25 155
0 30 18
10 40 109
92 20 119
0 9 65
0 58 150
0 53 194
2 59 10
2 32 127
38 26 140
0 41 162
26 11 69
5 9 29
330 28 22
3 3 103
0 7 33
0 22 49
98 7 38
1 54 77
642 12 113
2 58 91
47 9 95
2 55 180
0 15 167
3 31 170
6 7 168
129 11 200
1 57 87
4 6 140
1 26 135
0 52 1
7 2 75
0 1 30
18 6 50
1 1 95
10 30 161
2 14 146
4 32 8
339 15 46
1 12 163
0 4 83
0 46 170
0 50 67
0 43 144
1 26 62
5 51 118
305 31 125
3 33 200
330 51 181
0 32 98
12 7 101
0 1 123
1 55 47
0 21 87
1 21 103
1 9 53
1 56 93
24 16 60
9 45 22
2 1 29
0 48 47
0 19 47
57 30 87
7 4 83
55 30 182
794 24 41
4 35 115
0 52 194
2 27 160
2 3 83
31 35 9
1 5 107
0 14 79
49 9 127
2 35 194
21 30 189
1 24 28
0 58 45
0 55 184
644 28 166
0 47 89
1 5 102
4 27 178
18 13 11
20 30 121
1 34 174
3 51 133
1 0 197
0 4 43
27 57 71
0 27 139
44 38 29
2 59 108
10 42 83
14 12 27
164 50 194
1 13 70
0 0 148
16 11 131
0 39 49
0 12 29
432 29 184
42 11 97
2 8 46
1 42 146
6 20 16
35 34 190
5 22 85
0 20 125
490 26 150
31 11 195
0 57 156
4 17 15
0 35 183
0 47 28
2 8 87
7 45 46
0 2 9
1 53 56
0 40 8
15 18 98
0 51 87
7 32 190
15 5 196
39 6 68
1 46 112
15 53 183
0 1 179
2 37 143
7 16 123
1 42 4
23 1 24
53 5 174
0 48 38
6 43 2
0 6 151
7 7 183
3 17 104
0 48 78
15 42 43
631 53 62
3 49 117
0 53 105
3 25 195
2 40 182
0 16 128
3 26 98
3 31 130
0 40 115
14 24 167
0 30 60
0 41 131
0 36 168
34 38 134
0 22 41
1 38 93
46 19 141
17 48 114
0 30 158
0 58 4
0 46 121
0 24 62
9 21 59
16 38 174
38 6 67
0 47 31
34 34 186
0 49 101
54 34 133
2 20 174
0 49 26
17 45 173
15 51 8
0 37 89
0 57 173
0 30 12
0 22 89
3 50 45
0 9 28
0 50 141
1 13 153
3 41 51
35 58 61
347 55 17
8 37 126
14 37 115
41 5 149
4 43 67
5 36 168
0 4 151
2 1 103
0 58 15
1 49 96
10 34 7
2 21 130
3 3 192
0 11 55
0 52 80
22 1 15
14 17 68
208 22 24
0 44 110
2 42 151
1 14 128
0 43 132
1 4 195
1 26 162
0 16 54
0 8 105
0 13 133
0 30 162
1 51 26
0 46 195
17 32 181
0 36 179
1 12 14
18 19 126
1 43 18
19 33 13
9 14 87
1 42 124
1 25 133
1 5 108
32 50 147
0 15 116
9 29 32
0 47 200
6 17 35
20 50 160
51 45 48
4 57 5
1 8 120
4 8 53
0 47 23
4 56 63
13 27 173
7 40 141
347 21 116
4 32 59
1 31 43
2 29 14
1 48 77
37 20 188
26 31 100
0 4 141
3 5 198
1 29 132
1 18 81
0 23 29
143 54 95
12 33 79
0 40 78
236 21 117
29 27 167
0 36 159
0 10 30
8 26 171
1 53 52
2 3 22
3 55 113
0 2 43
22 48 156
0 29 30
0 7 179
8 11 186
0 16 111
2 57 70
1 37 93
62 0 186
0 44 84
15 12 165
0 12 3
0 41 131
1 1 113
0 58 191
648 27 41
2 35 50
1 18 93
4 39 19
0 40 144
1 12 78
3 11 1
2 0 90
0 28 174
224 39 45
37 15 2
0 39 32
145 24 161
2 56 45
2 5 52
0 37 108
161 18 85
4 21 174
0 45 86
16 38 36
11 33 164
696 0 92
0 51 106
0 55 51
112 20 82
51 37 198
18 39 46
0 34 14
0 7 177
0 42 194
0 34 1
4 25 58
177 11 16
0 34 91
0 17 41
16 25 32
10 6 24
2 55 163
0 0 66
0 34 24
3 57 114
0 18 184
2 47 98
1 34 132
0 30 54
0 23 119
6 40 142
59 38 52
3 40 121
0 17 21
6 19 37
7 22 5
0 42 39
15 9 65
2 54 177
44 34 146
0 56 121
1 11 4
0 29 134
100 37 42
0 4 99
5 7 92
0 54 171
4 32 134
0 49 85
0 43 169
2 32 185
4 58 9
1 24 164
26 13 192
17 10 70
75 50 23
48 57 199
39 14 67
17 58 81
99 14 15
0 32 122
0 30 124
112 10 38
0 42 20
1 15 20
0 41 128
0 20 108
0 14 99
0 23 73
8 19 110
119 7 23
0 43 101
7 14 159
78 11 126
1 31 120
4 53 62
0 56 158
30 44 138
0 32 113
0 54 83
7 25 195
1 10 157
4 1 150
0 37 191
0 38 105
0 57 120
26 40 81
12 31 106
0 48 29
28 44 19
0 50 115
14 6 144
28 51 70
1 43 127
1 32 103
5 14 64
0 46 72
1 52 105
0 33 172
344 49 114
15 17 77
0 39 179
1 4 57
14 57 56
3 11 41
92 11 42
52 39 157
8 29 113
0 57 44
0 43 92
4 24 133
9 30 62
82 38 4
4 8 114
0 51 75
332 24 117
0 38 14
2 33 164
0 18 27
0 33 171
3 56 187
3 58 79
7 18 147
0 45 116
6 27 137
6 41 128
17 44 115
64 52 132
0 21 33
7 50 34
0 3 75
0 31 31
8 34 72
306 27 169
1 53 82
0 57 78
2 53 4
4 55 89
0 10 6
1 56 120
55 56 82
0 17 72
5 49 58
62 20 84
0 22 147
365 25 198
0 1 128
12 37 2
403 17 70
6 41 198
1 47 20
29 20 65
33 32 76
0 48 104
1 0 33
0 13 24
0 21 56
4 30 60
0 4 114
1 21 89
0 38 71
0 22 68
64 1 90
0 26 121
10 25 105
13 38 20
0 51 133
0 23 17
0 51 15
0 14 118
4 20 118
0 12 13
61 12 59
0 54 85
31 50 59
0 28 73
102 41 13
6 42 191
0 36 99
0 57 74
0 32 149
1 38 109
0 29 101
10 22 52
13 55 81
3 27 132
3 23 126
22 26 66
4 33 127
11 36 137
2 35 90
0 53 16
218 15 102
316 10 56
1 39 28
1 27 43
519 58 85
7 23 78
16 20 198
2 47 35
0 27 60
3 10 30
1 55 169
52 15 106
0 30 21
13 36 159
0 2 144
0 25 98
0 7 140
10 55 62
0 56 167
194 53 124
0 46 129
2 35 135
0 28 16
10 46 120
135 31 27
17 17 4
2 29 23
0 59 77
27 1 74
3 53 169
1 17 78
0 3 136
2 42 14
4 37 105
3 35 105
6 5 176
6 35 66
13 34 3
0 11 85
0 40 43
0 44 139
1 2 42
0 55 61
33 55 187
0 22 132
2 57 105
126 15 148
0 33 133
40 39 147
5 58 41
0 45 156
0 54 98
1 11 122
1 21 190
2 0 100
0 57 118
1 51 35
57 26 140
11 51 195
16 19 189
17 4 136
46 35 184
19 16 5
208 20 180
13 5 73
7 47 116
4 37 107
0 13 199
0 18 20
0 14 120
8 42 99
1 44 191
14 10 7
40 11 199
4 6 145
1 42 39
0 54 64
1 18 94
2 58 122
12 45 94
0 30 101
0 42 154
5 19 50
68 51 137
6 30 2
1 53 22
0 1 26
0 33 102
1 43 20
678 50 105
0 13 95
3 31 9
0 51 87
519 55 170
14 7 121
10 23 10
0 12 171
0 44 97
0 35 170
1 52 97
1 30 164
6 23 155
8 16 18
35 54 174
0 55 60
216 18 10
3 36 56
0 58 19
2 3 9
2 58 161
1 40 145
0 21 45
0 26 14
21 15 34
338 38 22
69 8 109
6 37 23
370 52 140
10 3 31
6 37 136
6 8 187
0 10 183
15 36 199
187 39 135
0 52 162
14 0 128
0 26 1
4 0 68
0 3 38
0 18 155
1 54 56
0 2 98
232 30 141
0 10 84
0 44 139
12 27 106
236 42 50
16 56 145
1 22 78
2 23 82
0 27 43
30 18 123
10 17 78
40 50 104
6 59 182
4 49 149
0 58 168
2 55 59
10 49 93
0 32 190
544 30 143
15 13 183
1 21 85
1 11 43
0 43 107
0 57 199
0 1 199
0 51 3
10 26 46
0 42 120
0 17 65
32 47 120
2 38 68
8 29 64
12 40 146
3 24 95
295 13 51
0 10 67
0 19 40
3 16 194
7 41 78
79 7 30
1 15 106
5 49 57
4 54 109
3 56 155
3 41 14
0 38 177
1 59 89
2 12 164
5 29 149
1 58 22
0 43 102
2 32 51
1 51 152
60 17 193
18 19 129
0 34 135
18 12 108
0 49 83
0 8 109
29 24 106
0 33 9
0 12 41
1 43 42
5 1 17
2 44 140
0 30 43
493 28 108
1 33 138
0 7 14
15 19 105
115 53 175
22 17 164
1 13 81
22 28 157
251 52 96
2 15 13
2 23 100
0 26 71
0 13 198
0 47 16
10 4 52
67 44 58
1 33 45
5 14 78
29 11 166
0 43 41
2 0 72
0 5 160
0 58 183
0 22 55
419 32 72
0 35 124
4 30 26
0 6 170
9 29 94
16 33 168
247 13 62
0 3 87
4 18 159
1 8 17
168 32 73
9 59 73
0 43 8
0 43 160
1 27 97
2 56 181
2 36 126
2 14 18
3 38 106
0 43 93
0 30 44
3 26 39
3 28 83
38 45 129
4 14 92
0 27 94
12 46 90
5 39 74
0 44 11
0 11 156
15 10 7
2 7 108
105 52 157
0 1 113
0 5 135
106 45 96
5 48 131
59 12 90
1 35 194
14 46 7
41 32 181
0 45 38
8 28 198
156 57 88
2 42 122
2 39 94
160 44 151
5 44 28
7 36 6
47 37 46
0 14 120
12 30 26
0 41 76
3 37 157
41 17 182
0 40 12
0 34 91
1 52 5
0 46 69
2 20 112
1 30 37
1 52 197
66 10 175
2 18 101
2 15 5
4 20 32
0 11 53
5 41 71
0 54 166
1 3 86
131 13 148
1 6 39
10 5 89
0 39 93
1 43 186
106 51 3
0 8 89
9 42 43
4 56 154
1 37 6
588 58 135
25 29 105
3 10 82
6 17 136
0 59 116
15 14 22
2 54 13
40 4 166
2 41 194
3 1 159
1 47 170
0 12 11
0 38 181
6 47 26
62 0 138
132 7 12
11 8 51
107 30 54
1 23 138
1 41 190
0 38 7
4 17 141
0 41 85
8 22 85
10 5 174
1 40 186
7 29 114
25 42 181
0 5 119
2 22 198
0 7 165
0 29 20
178 2 166
44 37 118
3 37 195
1 15 110
6 45 137
6 48 111
0 18 194
0 26 29
0 37 125
1 52 35
1 20 125
0 33 41
1 16 13
0 46 72
0 13 9
0 30 78
175 26 105
5 38 23
4 30 7
0 30 28
3 55 139
89 22 10
3 11 130
0 43 81
0 50 74
9 2 180
5 8 39
0 52 190
0 34 119
12 54 70
12 55 125
4 53 35
2 57 128
44 34 177
140 34 129
7 8 23
0 21 1
16 27 51
81 13 196
0 5 193
2 35 20
134 31 43
0 1 188
2 9 83
0 57 173
8 54 95
1 34 194
1 9 101
17 44 80
0 24 71
0 5 74
1 42 190
0 17 144
106 13 102
0 25 200
18 22 40
11 20 158
21 19 143
0 50 173
2 49 97
14 50 193
0 29 40
0 47 162
1 49 51
167 50 139
1 24 24
7 19 16
1 22 158
3 13 142
28 0 32
9 11 126
3 55 2
1 18 90
7 33 44
0 11 165
1 18 37
445 24 98
11 55 175
53 41 199
0 54 16
0 11 54
0 47 175
15 1 134
0 28 124
3 24 117
1 10 59
2 28 46
0 38 52
0 27 129
7 7 53
1 16 150
32 10 151
1 42 129
4 39 31
8 35 124
1 52 197
9 36 51
2 40 189
3 56 183
233 7 190
0 56 100
226 34 27
4 4 141
6 5 139
22 28 48
0 53 53
6 56 175
15 6 46
58 57 129
2 13 110
3 45 127
0 54 31
29 21 70
0 31 31
0 8 173
2 41 32
270 41 135
0 10 19
3 7 81
5 27 52
5 28 84
0 27 33
8 25 80
0 2 186
0 8 130
0 8 26
3 23 185
29 58 150
1 14 153
193 51 21
22 51 126
0 44 122
0 17 14
39 40 135
0 56 43
0 46 32
0 55 104
328 34 90
4 7 92
0 8 19
0 25 16
2 51 137
57 19 107
315 45 198
254 9 58
18 19 39
1 28 112
353 55 17
13 42 86
17 49 29
0 0 71
0 5 82
0 33 199
307 33 39
8 59 104
0 2 128
17 15 192
8 44 26
151 26 84
5 8 77
132 24 30
2 59 60
14 41 16
208 42 72
0 58 115
236 28 187
0 44 120
1 48 184
14 5 29
39 10 136
95 14 8
1 21 63
98 53 115
9 14 92
0 37 67
1 27 158
18 17 182
1 57 111
5 51 138
3 20 142
0 16 32
7 5 149
7 6 8
9 44 36
0 12 62
0 45 6
55 3 109
7 10 7
0 52 5
3 18 129
8 33 112
3 58 109
120 22 188
4 42 27
0 19 148
5 28 75
56 54 68
0 35 176
2 15 109
6 55 104
0 59 151
2 47 186
8 1 36
24 30 1
6 22 158
85 51 45
29 24 68
27 39 13
0 51 16
4 13 77
39 12 150
0 10 3
15 16 54
0 10 69
1 49 16
1 3 69
0 27 99
1 46 137
1 43 64
0 27 181
10 59 57
72 34 190
0 29 25
1 32 119
9 58 103
0 43 71
4 32 59
698 39 186
2 31 75
1 59 68
0 53 49
0 59 134
2 24 68
0 4 71
3 27 21
0 4 200
1 34 196
0 51 5
147 15 152
16 12 58
1 54 24
0 36 183
0 33 86
0 5 34
13 6 172
5 3 66
9 33 11
3 34 157
1 51 147
6 38 78
2 52 134
39 9 92
6 22 168
0 54 149
0 31 178
24 13 91
1 24 128
0 12 76
1 4 31
0 27 173
0 4 186
0 27 85
27 6 117
0 42 57
0 36 153
1 6 79
70 42 8
0 55 120
1 37 198
4 3 103
5 22 89
10 56 38
0 51 192
26 18 109
12 21 176
2 0 94
8 8 38
0 24 159
0 49 30
2 4 98
0 51 132
2 13 166
0 1 17
2 19 176
1 27 171
0 15 198
7 26 193
11 39 84
1 10 146
2 41 170
7 13 68
2 26 170
0 20 167
0 49 22
0 8 60
0 1 190
0 19 146
0 4 100
0 23 93
125 41 24
0 57 87
27 17 18
0 51 13
796 28 28
1 56 190
0 27 94
1 32 78
2 59 125
2 43 99
0 39 185
1 38 173
4 43 131
0 47 85
26 56 30
10 42 67
10 20 101
0 34 117
34 40 26
21 18 26
1 42 106
14 49 15
3 29 152
178 53 68
0 50 50
2 1 146
13 4 38
0 29 3
2 54 142
1 25 182
31 49 65
1 25 180
0 46 144
0 2 63
1 13 100
4 44 22
1 38 193
1 1 56
0 37 8
107 16 7
0 3 168
0 18 59
13 2 91
3 13 173
104 22 172
25 31 36
1 9 130
0 5 8
2 17 191
0 12 188
1 13 105
0 0 85
0 11 51
0 49 79
1 23 93
0 44 184
0 30 145
1 1 51
10 18 1
2 20 72
18 25 105
5 5 6
6 32 55
29 38 118
76 17 181
0 9 29
4 27 45
1 18 178
39 30 69
0 57 103
1 4 38
28 40 192
8 1 17
29 26 189
2 1 118
2 22 93
2 12 116
4 3 53
0 9 6
1 9 190
9 40 61
189 36 37
1 34 103
5 6 87
2 44 143
1 13 188
43 3 6
13 21 173
1 0 23
0 39 62
0 42 126
1 47 36
175 20 27
0 57 17
2 7 7
2 31 143
8 22 98
0 22 4
0 53 196
414 18 29
2 9 44
1 45 120
73 35 83
0 9 85
3 6 105
0 19 197
6 59 13
0 35 130
0 38 199
0 8 34
2 24 199
0 46 111
27 2 151
193 31 113
0 52 170
0 29 21
0 9 158
12 18 146
1 12 198
0 36 53
0 56 64
0 45 132
0 53 105
0 26 142
4 53 85
0 21 126
38 52 24
5 11 168
1 16 58
1 20 187
14 53 104
24 28 112
90 47 106
0 18 57
9 11 111
0 12 123
1 27 180
373 28 83
0 38 58
0 13 192
2 38 54
0 15 140
0 42 126
0 6 63
4 41 25
3 6 20
1 53 135
2 11 190
1 56 18
2 7 177
100 54 167
66 33 131
3 26 75
45 23 125
22 43 47
18 38 122
3 49 188
126 35 132
93 31 173
2 9 61
1 40 55
0 48 148
517 5 144
2 59 171
0 17 101
0 36 80
1 10 70
0 36 170
7 44 184
15 12 46
2 57 65
666 49 95
0 37 90
26 33 13
0 32 59
1 25 151
1 23 77
708 53 143
0 21 12
426 17 132
2 36 104
4 57 100
4 38 149
0 41 171
0 14 140
0 30 137
0 43 127
0 16 120
0 31 191
0 53 101
6 51 139
0 51 145
32 11 180
0 20 177
1 5 142
1 3 21
120 13 144
1 33 122
0 15 2
1 6 55
0 32 98
0 25 33
33 46 164
1 25 106
0 56 167
10 12 34
0 41 191
8 16 91
0 11 90
1 55 144
0 12 169
0 41 192
10 14 3
38 59 41
0 23 140
0 10 125
4 34 155
3 3 40
1 59 33
8 41 49
27 27 80
10 47 78
18 42 102
4 26 95
10 3 168
8 10 34
31 59 169
0 12 170
3 49 180
16 35 146
1 37 21
1 59 74
6 56 68
18 38 43
0 43 152
34 14 161
15 0 96
1 44 47
1 27 107
0 51 151
0 7 178
0 4 86
38 15 25
0 3 139
1 28 148
0 56 191
0 10 172
1 49 109
0 57 164
0 7 43
1 39 197
1 59 24
0 32 109
0 27 101
0 54 108
45 25 178
714 15 48
9 52 180
0 55 26
6 24 151
0 31 93
3 45 19
96 53 68
51 35 33
2 30 93
6 18 24
0 41 186
1 32 58
3 21 58
5 53 4
2 23 158
4 58 37
15 1 54
1 31 118
2 37 5
0 59 17
0 14 116
1 3 196
0 10 42
3 37 155
20 6 156
0 45 69
84 48 11
2 37 106
0 37 100
0 52 187
2 51 30
1 13 97
0 11 151
2 30 14
2 0 41
0 47 42
208 35 24
6 7 83
21 48 113
1 50 11
2 54 83
4 26 195
0 47 6
0 55 180
1 14 44
0 13 124
2 37 16
1 4 132
79 21 125
7 28 151
0 40 103
1 6 25
0 11 53
0 11 51
32 18 186
0 50 66
0 34 139
0 44 77
1 51 26
1 9 189
4 24 57
7 12 142
1 47 78
17 51 33
0 4 118
12 41 185
35 4 144
12 26 96
0 50 30
57 21 178
5 58 167
0 59 36
54 24 23
0 55 130
0 49 174
0 14 40
348 55 177
0 47 123
0 12 178
1 42 37
0 2 15
0 28 106
0 45 94
0 55 186
14 41 27
3 34 49
0 39 175
35 9 173
25 43 182
70 5 87
3 26 123
0 20 182
0 17 122
0 20 71
550 58 5
7 47 155
64 54 197
0 54 32
17 12 44
22 1 43
0 23 68
2 21 140
1 19 7
0 16 117
54 12 33
18 28 6
0 26 56
0 7 11
2 53 154
1 35 51
19 14 60
15 27 171
0 45 113
202 18 45
14 39 79
1 10 117
80 16 91
72 59 94
16 19 122
1 26 30
0 23 164
26 41 178
0 41 122
1 1 124
17 25 39
1 20 170
1 22 197
40 33 95
0 34 197
0 54 151
60 14 174
0 30 64
7 22 95
5 19 192
46 10 43
363 24 151
7 21 94
4 17 121
3 26 198
0 46 188
0 21 31
2 7 46
1 38 54
41 32 120
0 50 15
0 39 142
2 0 27
0 15 146
0 28 47
0 57 125
91 38 163
27 47 157
10 5 89
4 25 114
2 14 77
0 43 40
37 27 118
0 53 14
438 26 44
350 19 144
2 30 198
0 43 21
10 7 52
0 42 73
1 47 15
1 13 195
0 27 120
110 41 45
38 56 4
0 3 173
13 30 124
31 53 45
18 52 47
5 47 35
0 1 80
1 41 131
1 15 142
2 1 65
24 42 146
11 40 98
1 15 54
19 4 155
0 20 12
3 41 126
2 11 9
30 17 136
7 5 175
4 32 79
2 29 77
14 4 33
0 45 19
0 42 77
4 44 72
57 47 72
1 12 177
17 56 166
0 39 133
4 22 183
3 13 53
0 8 59
0 53 158
17 22 85
27 4 125
4 5 50
0 43 17
2 24 122
5 48 161
0 47 174
0 31 62
644 19 4
0 43 37
9 10 67
0 11 140
7 54 111
0 7 167
0 23 78
0 20 159
1 54 13
28 44 171
0 18 137
0 34 63
45 36 182
2 12 172
48 6 19
2 18 2
0 16 100
3 54 149
312 5 49
148 42 32
0 33 43
6 1 163
1 43 98
10 11 193
2 44 17
2 4 67
1 3 178
9 13 106
0 33 53
37 16 21
6 41 192
6 35 95
5 27 191
1 2 110
1 13 50
0 9 47
2 22 29
0 41 127
102 39 191
0 11 189
124 25 121
33 48 124
0 53 141
2 48 81
1 35 28
0 58 71
0 56 107
5 58 103
1 56 49
5 49 159
0 41 76
18 44 164
7 56 124
0 45 196
0 58 168
12 47 68
3 15 129
4 45 197
446 10 138
0 26 146
1 56 97
1 44 182
0 14 43
17 52 9
51 35 99
1 2 52
1 33 96
75 54 102
0 32 148
0 25 161
1 17 52
1 29 76
0 35 156
0 21 186
21 25 176
36 37 103
0 10 152
4 1 97
13 12 195
0 34 91
1 41 21
136 46 188
49 52 114
1 13 169
35 6 107
0 43 69
0 19 194
0 56 68
3 30 96
2 36 101
1 9 131
0 9 138
0 11 181
0 33 34
0 36 186
53 1 141
18 45 91
8 19 125
0 21 149
14 28 68
8 59 186
611 11 145
6 37 30
0 48 185
0 19 124
0 18 27
64 34 133
0 19 124
0 37 37
2 23 81
0 36 129
0 43 149
6 52 149
3 28 14
10 41 106
3 1 32
0 48 62
1 25 94
1 14 177
8 51 152
13 30 36
0 52 10
11 24 129
1 5 103
1 43 115
7 25 53
2 34 90
108 15 155
0 11 63
0 31 11
13 27 193
90 14 60
9 14 17
8 45 72
0 42 76
7 11 194
1 51 187
0 39 152
1 39 104
2 43 72
0 23 156
0 1 58
0 18 43
404 59 174
1 21 66
2 8 74
3 9 100
6 6 27
3 23 88
2 53 46
0 43 139
6 19 103
29 23 142
0 37 185
182 39 116
4 1 111
60 39 1
303 36 14
0 39 142
17 42 119
167 5 193
0 33 15
2 16 178
0 52 86
14 49 118
1 50 183
2 19 110
1 25 107
0 0 186
2 55 135
1 38 48
0 41 142
0 5 98
0 46 65
5 46 87
2 1 132
76 45 70
2 2 64
2 55 96
1 14 82
0 33 91
2 27 44
2 36 18
2 41 52
1 58 118
0 56 179
1 8 56
1 35 175
0 49 133
3 55 118
1 38 24
16 20 85
0 44 185
0 49 33
2 54 97
1 30 3
2 49 89
6 12 157
0 2 113
0 37 195
16 51 152
5 40 2
0 55 153
7 43 166
331 19 121
0 43 109
398 34 22
21 13 27
0 28 51
3 31 55
0 1 113
0 23 26
8 19 154
4 46 95
0 52 193
2 50 40
13 26 125
0 32 170
12 54 75
25 27 127
1 32 9
0 10 150
0 25 15
99 19 196
62 52 104
208 28 37
0 13 39
1 37 10
41 42 98
0 28 26
28 12 20
11 23 16
0 30 6
0 6 103
0 16 46
13 32 185
0 26 92
0 30 70
2 47 189
0 9 72
11 30 2
3 16 25
0 29 54
0 22 138
0 42 60
17 27 37
1 10 134
0 11 57
0 15 49
1 51 132
0 50 115
4 10 97
0 11 169
6 46 63
26 29 122
1 31 118
1 55 176
6 48 40
39 28 16
2 20 165
52 50 151
0 13 163
21 18 149
21 55 9
198 58 178
11 29 69
12 45 83
137 17 116
0 43 22
0 28 161
0 19 68
10 58 100
6 23 100
3 57 101
0 8 72
0 24 9
3 22 160
1 19 58
3 52 166
0 45 136
3 45 155
400 17 90
9 18 171
0 38 28
26 17 49
22 30 192
19 43 38
1 52 73
153 23 26
9 11 76
27 23 112
21 59 116
31 19 181
0 52 56
0 59 154
2 5 165
124 12 93
18 17 148
0 47 200
6 40 62
0 26 16
3 42 178
1 33 192
0 40 93
5 32 101
1 42 93
3 34 36
5 27 134
197 37 32
6 13 141
0 3 112
100 50 45
8 3 113
0 6 184
15 3 22
3 58 188
475 5 3
1 51 94
0 9 178
9 0 93
0 22 37
8 47 151
0 13 27
0 41 36
2 45 109
1 56 89
1 57 180
262 9 13
4 26 192
2 3 162
314 53 163
1 3 47
0 54 173
2 26 55
0 7 161
0 1 149
16 58 163
3 56 170
1 39 12
82 4 9
1 24 80
21 57 159
130 40 102
417 12 131
1 19 194
0 29 6
2 39 139
11 54 194
0 9 63
0 54 121
2 8 39
0 35 112
1 14 176
0 24 189
105 33 45
1 16 9
70 47 125
0 4 15
0 37 101
0 34 144
3 8 59
11 1 64
1 47 81
2 25 78
0 46 131
1 37 132
1 26 17
2 32 79
0 22 45
0 15 116
1 24 40
0 3 189
9 33 184
16 56 48
0 17 61
7 40 90
1 54 167
0 38 129
5 36 194
1 38 131
3 28 60
85 27 165
0 22 107
0 45 48
9 55 77
19 47 10
7 51 124
4 29 21
40 33 60
4 6 90
0 23 59
0 36 121
0 2 129
1 29 120
0 16 76
0 56 31
0 42 9
7 41 183
1 17 90
0 56 102
8 43 100
1 36 46
0 0 161
28 34 98
9 51 196
158 27 11
0 14 94
1 25 186
0 58 181
20 29 197
0 48 77
54 19 3
0 54 19
0 26 124
0 31 98
8 45 86
268 45 100
3 45 139
4 9 200
11 50 196
6 59 199
0 57 123
25 47 22
796 16 113
0 15 9
0 30 159
1 20 181
0 26 54
8 31 151
1 11 19
3 50 182
19 0 74
57 46 162
7 35 54
2 33 179
0 8 125
0 19 36
0 58 97
34 1 112
0 28 124
0 39 61
90 52 190
1 15 29
24 10 81
17 57 49
7 38 196
1 0 32
0 11 36
0 21 93
3 19 193
72 49 79
7 50 17
0 7 41
2 20 20
29 31 64
55 23 199
6 7 66
97 44 82
32 48 192
0 25 51
0 55 183
0 19 75
0 16 196
0 38 55
1 48 164
0 32 61
0 6 185
13 55 159
0 33 165
11 36 42
0 37 32
7 51 169
1 38 132
0 55 126
0 52 7
1 34 72
0 38 151
0 29 156
0 35 30
19 30 114
0 2 189
1 12 147
0 50 32
13 44 60
0 36 12
3 55 29
0 10 104
3 19 90
12 51 73
0 18 119
3 31 164
5 48 148
6 29 173
0 24 4
0 28 170
23 13 194
1 24 164
0 49 98
23 58 109
5 9 182
0 47 144
0 17 164
0 26 180
0 55 179
0 32 11
0 17 33
2 25 197
5 19 120
0 57 74
553 2 67
0 38 127
14 42 54
57 35 171
2 34 83
46 30 196
0 10 125
1 13 12
0 49 157
2 20 13
22 4 176
4 20 152
4 44 51
10 52 76
0 20 127
0 51 111
4 37 173
1 2 55
5 40 180
17 57 45
382 24 135
5 50 116
1 9 79
0 47 191
0 33 3
0 36 151
0 17 41
1 28 66
14 15 120
2 9 12
5 24 117
0 1 15
1 27 12
3 49 143
0 28 36
20 2 48
0 59 196
479 26 67
1 3 160
2 39 23
0 29 155
3 36 139
2 51 86
0 44 44
574 14 106
3 52 56
0 35 178
0 0 88
8 51 32
0 8 63
0 47 77
1 54 95
252 42 199
4 42 11
1 44 25
2 8 193
88 17 135
504 35 7
5 44 82
300 51 29
0 35 9
2 56 21
647 53 93
5 40 106
1 38 178
0 47 105
86 46 117
6 15 170
7 51 67
0 43 164
0 11 93
4 51 106
1 44 57
2 45 86
1 54 45
7 18 106
0 36 74
46 32 29
1 32 88
16 54 193
2 38 125
4 23 85
0 47 48
3 55 45
1 25 2
2 22 145
28 10 23
0 46 33
31 9 84
53 47 69
0 23 178
1 24 189
1 10 65
45 11 138
31 55 3
161 58 90
0 58 25
21 38 131
27 20 106
118 20 179
0 47 68
0 23 41
2 57 85
0 47 25
0 29 182
2 4 200
12 59 170
6 19 76
0 18 34
170 2 177
0 46 139
0 19 80
1 28 160
12 58 58
11 5 1
2 1 168
4 11 124
11 21 164
7 29 192
0 56 188
87 10 140
5 41 196
2 57 41
6 26 103
10 39 104
3 55 67
0 43 174
2 55 129
0 15 174
56 50 124
2 53 10
101 26 16
2 24 71
19 48 25
45 53 95
1 28 28
0 49 58
2 24 87
8 40 194
16 32 3
0 33 102
0 10 122
0 18 197
1 35 51
4 38 125
4 42 88
1 48 17
3 45 9
1 39 22
25 54 48
43 4 58
3 1 12
15 25 168
0 12 77
61 37 37
33 28 133
3 40 167
2 28 104
0 26 16
0 19 115
44 5 78
0 12 95
0 41 45
1 20 48
1 32 174
0 20 158
0 58 194
1 4 94
0 56 64
1 53 154
0 9 179
108 23 31
7 33 128
1 24 51
5 48 1
2 2 145
12 51 161
2 44 158
163 43 27
8 2 42
7 56 84
0 59 95
13 52 74
0 38 150
0 9 95
6 26 186
0 41 85
0 8 148
13 25 144
2 27 194
4 14 174
5 51 172
60 22 191
2 2 75
528 49 118
4 23 14
8 43 198
0 50 78
0 26 112
1 58 153
242 15 38
22 31 41
0 1 9
76 43 142
4 23 9
0 13 33
0 12 126
0 32 196
0 49 161
7 40 131
0 57 28
5 14 113
5 30 116
2 12 187
0 43 133
29 55 173
0 20 148
2 0 155
17 26 75
4 10 46
2 23 2
0 56 25
2 51 10
0 8 100
2 47 18
157 32 159
1 23 7
0 24 108
97 13 177
31 11 117
59 31 19
0 42 174
276 17 20
137 52 112
1 42 18
54 53 154
0 49 163
0 25 107
17 59 157
0 41 153
0 16 74
47 9 3
0 42 35
198 56 15
0 38 12
1 6 66
0 26 10
3 52 3
0 54 22
0 28 138
0 21 148
2 8 67
0 59 76
12 43 96
8 9 189
0 36 150
1 42 30
7 59 161
1 17 18
0 14 150
14 55 145
2 40 197
13 34 141
6 35 7
0 52 76
0 48 45
1 18 165
14 26 127
4 18 23
13 50 16
0 43 139
10 54 117
8 49 40
0 43 178
0 16 40
15 10 117
1 35 109
2 5 135
13 33 121
119 28 173
3 46 174
1 1 35
3 39 85
14 16 45
1 47 75
1 56 184
0 50 93
0 0 135
0 11 17
1 39 176
1 47 37
44 44 136
8 38 116
0 50 39
2 49 49
0 54 131
0 24 133
8 58 72
2 45 160
410 9 86
0 57 197
0 27 58
0 19 126
57 9 119
24 37 58
1 15 167
0 36 175
41 58 147
2 28 175
1 0 21
248 57 199
6 23 85
62 25 93
96 26 93
6 38 2
1 21 178
0 39 43
56 48 163
18 12 78
0 59 57
65 40 100
0 43 85
333 24 184
0 20 23
0 14 48
0 57 26
8 2 178
0 4 119
18 29 60
1 42 138
2 38 59
5 9 177
0 32 135
8 0 70
2 20 164
0 34 49
0 56 27
41 43 174
16 52 178
0 57 156
0 11 151
0 34 163
38 59 139
1 22 85
61 42 10
0 23 57
2 18 28
44 55 112
0 38 49
247 17 132
1 14 17
20 39 129
1 24 56
0 49 127
10 39 16
0 56 7
8 39 31
3 24 69
105 21 54
0 27 68
4 26 194
6 52 122
284 37 145
127 34 101
0 17 128
2 42 17
84 4 155
0 48 51
11 48 24
11 17 139
39 10 128
0 14 77
43 24 192
687 33 58
13 39 118
2 54 55
0 25 172
0 1 137
0 32 132
23 2 2
420 47 200
3 51 68
39 39 43
1 27 166
4 23 177
3 29 17
25 17 190
16 6 73
0 40 164
9 57 46
0 51 110
43 47 180
3 46 105
0 8 5
1 14 46
15 7 46
33 5 54
0 48 175
2 8 134
3 2 2
6 8 160
1 13 112
0 41 164
1 14 103
6 51 174
4 58 185
0 34 172
81 3 123
0 49 78
0 14 139
4 20 55
0 45 149
6 38 59
2 28 60
3 30 125
1 31 70
0 9 130
0 37 143
0 13 127
0 2 193
0 33 99
0 7 98
0 3 69
41 44 149
584 18 94
3 27 123
0 12 127
56 49 88
18 11 116
1 18 164
366 54 84
2 10 123
0 55 15
32 30 112
24 16 50
2 33 42
0 33 188
24 42 44
11 24 89
23 42 128
4 45 82
5 0 141
37 59 60
5 41 76
0 7 21
1 24 179
403 46 130
51 19 86
8 14 125
7 45 190
1 35 73
0 59 64
2 9 31
54 53 135
0 49 144
0 26 138
8 50 146
17 48 7
1 31 61
10 12 185
11 36 90
2 18 160
1 49 140
6 59 17
6 56 155
2 14 171
0 40 6
26 27 63
57 16 14
0 42 189
1 21 194
44 21 108
0 26 48
2 38 91
0 2 116
1 8 52
23 28 50
2 30 66
0 27 120
3 47 89
6 33 87
11 27 27
7 26 134
1 54 28
120 56 104
0 48 13
0 36 16
0 12 134
0 21 182
1 16 138
3 31 180
0 42 147
2 3 107
3 49 145
0 28 126
3 10 166
0 40 27
1 21 18
15 58 144
28 6 86
18 33 110
7 53 169
9 5 32
0 43 200
84 29 91
0 44 150
0 26 23
4 50 7
3 36 52
3 47 33
9 37 156
3 3 190
0 17 150
1 34 143
1 39 28
9 40 89
0 17 4
146 58 64
1 36 59
0 31 107
0 19 179
2 13 30
0 30 80
1 14 8
1 28 132
0 10 41
27 59 198
3 43 92
129 57 193
2 24 99
149 39 38
13 21 182
0 2 149
7 47 107
5 55 60
0 50 153
5 37 183
0 36 80
0 30 11
1 14 40
7 58 173
535 11 173
14 13 25
1 54 102
19 22 168
0 11 179
10 12 165
12 1 113
2 53 80
24 7 110
53 5 12
493 19 191
1 42 112
7 27 53
5 38 123
0 13 72
25 30 27
11 0 12
7 12 76
31 40 177
2 2 29
0 40 59
0 38 11
0 5 17
0 19 80
0 47 124
53 44 103
0 57 33
2 3 95
53 4 109
2 26 96
139 42 144
2 19 190
57 52 19
6 0 84
1 42 158
33 25 185
0 15 197
6 4 117
0 24 86
2 10 55
4 11 52
0 15 33
9 43 76
1 13 79
0 5 200
14 4 130
3 47 150
1 45 160
2 52 155
0 55 48
0 9 11
0 2 182
0 39 194
1 11 86
1 57 25
0 1 113
28 10 114
1 59 25
0 7 140
0 16 28
144 15 148
17 41 137
0 25 89
9 53 147
1 22 77
1 39 62
6 31 63
7 50 97
0 46 167
31 3 131
1 59 60
2 30 182
0 2 160
20 47 24
10 53 149
29 1 198
190 25 51
1 40 65
0 55 94
0 15 199
24 24 150
1 19 8
26 29 150
6 59 48
10 55 66
88 21 17
0 38 114
54 55 60
295 24 81
6 21 51
0 36 114
0 41 151
0 17 154
0 10 73
4 56 2
0 15 163
0 50 25
1 20 90
0 10 90
0 23 24
61 34 109
4 44 16
33 19 196
31 22 86
0 56 86
0 55 165
2 51 55
43 38 132
2 41 193
8 54 149
4 10 156
6 2 105
8 1 200
38 13 65
76 28 43
0 33 137
17 3 137
0 20 196
1 41 147
0 46 70
0 36 186
8 3 69
70 34 148
23 24 151
1 4 142
3 8 169
2 54 79
2 53 109
417 17 166
0 32 55
17 34 195
0 3 48
0 48 5
0 56 146
0 46 117
2 45 20
0 58 160
223 38 117
0 22 197
106 31 190
7 57 100
0 44 29
0 6 153
13 45 69
0 58 157
1 24 174
0 3 3
739 55 38
0 55 171
0 20 79
43 28 103
6 42 40
0 43 186
5 58 118
2 6 164
1 22 78
1 19 18
2 23 88
15 19 49
8 25 183
0 40 63
9 54 50
0 1 91
1 46 18
155 12 16
0 51 69
1 36 22
1 22 110
0 56 87
2 22 150
0 31 75
2 5 144
1 37 100
0 44 40
0 30 56
0 22 143
12 53 163
1 0 176
13 26 21
0 29 50
124 19 164
29 54 25
3 32 39
2 25 191
0 37 130
5 8 112
19 46 92
2 35 97
0 35 65
0 51 149
0 37 27
3 9 20
0 52 95
24 26 173
15 41 131
4 43 189
106 32 163
4 11 125
0 18 95
1 3 88
18 25 36
2 38 101
14 7 187
0 41 154
1 45 126
20 47 174
1 19 193
7 25 51
0 1 107
179 7 192
10 9 149
22 29 158
1 18 143
92 47 101
0 11 33
18 40 20
175 18 124
15 16 38
4 16 98
0 5 129
106 32 25
0 27 49
0 16 47
0 4 139
24 36 61
0 0 112
1 23 183
0 20 45
13 52 9
2 39 87
39 33 193
3 10 8
3 38 6
17 24 76
0 43 96
28 51 183
0 16 55
24 1 188
0 51 81
0 7 132
2 9 26
313 17 142
5 45 81
67 33 144
3 41 92
0 2 113
9 13 140
320 14 155
11 43 172
302 13 199
0 27 180
5 58 49
15 48 112
2 14 38
0 45 65
3 43 45
31 45 165
1 44 106
6 13 168
4 54 138
1 42 58
15 20 80
6 12 47
0 35 196
0 0 146
6 10 153
1 8 181
7 59 178
1 29 192
0 4 114
0 31 16
0 39 5
75 54 81
3 50 79
0 8 67
8 53 126
2 48 67
0 54 86
0 52 17
56 4 48
0 2 73
10 39 39
12 24 1
3 37 120
0 50 83
514 54 141
0 39 197
2 53 166
0 12 36
0 33 31
0 35 43
5 45 192
0 45 158
94 45 10
2 39 178
0 15 151
6 46 178
2 12 36
2 13 144
3 31 74
0 27 191
34 5 32
45 17 98
10 31 195
2 32 3
19 35 52
7 0 179
0 9 192
1 8 24
2 2 189
209 28 11
13 26 44
0 12 81
0 42 57
425 47 98
8 30 164
425 52 41
2 14 32
0 52 70
7 33 186
0 52 95
0 45 145
0 15 38
1 2 188
10 9 155
0 58 97
1 24 83
0 39 54
0 21 40
1 48 176
0 59 49
158 40 175
7 16 9
1 19 140
2 6 76
4 38 47
15 8 80
1 0 157
640 41 46
2 22 191
0 58 107
2 6 108
0 43 36
2 48 28
3 36 59
0 1 60
1 18 100
7 13 52
1 58 48
0 47 37
0 35 120
0 51 154
359 26 114
0 0 7
37 25 92
8 49 129
1 55 154
0 4 46
2 28 14
1 35 191
54 31 64
0 49 70
455 1 96
0 4 172
1 37 135
1 23 10
0 8 151
20 43 26
1 39 100
0 3 55
39 33 177
0 24 194
87 33 183
0 31 83
6 28 14
0 21 19
0 29 184
1 30 156
0 50 88
8 55 155
7 59 25
58 40 148
201 52 140
2 34 149
0 3 88
51 16 67
3 3 3
1 30 53
5 29 111
2 5 74
14 54 11
1 28 100
16 37 159
2 4 145
0 47 66
0 49 189
0 15 8
106 5 149
11 1 123
10 8 99
19 16 42
2 32 106
1 26 137
0 16 33
0 33 88
0 17 18
1 35 178
0 25 95
2 55 33
3 31 58
1 41 7
0 9 10
6 5 98
3 32 37
0 13 54
1 25 65
8 21 54
1 7 51
541 25 162
1 52 55
0 43 120
2 10 36
3 38 121
0 42 84
0 41 88
18 0 187
0 17 107
0 47 182
5 36 41
0 31 173
0 39 153
8 53 41
2 53 197
46 15 20
0 40 10
3 27 152
0 12 97
1 12 145
0 50 122
0 45 164
3 7 175
38 59 101
24 51 172
0 54 5
0 14 107
1 24 178
0 10 70
11 21 103
0 22 141
0 15 47
381 12 15
2 29 4
0 47 16
3 51 38
61 24 37
17 52 119
1 21 56
0 56 34
0 9 111
1 29 127
2 8 26
1 26 22
0 49 147
0 7 172
2 0 177
0 27 34
0 5 172
691 3 137
0 55 54
7 14 22
5 6 31
13 46 166
3 43 152
0 39 169
10 36 15
9 59 78
0 46 34
2 45 183
4 17 138
194 41 61
1 10 183
5 31 26
31 34 99
2 18 125
1 35 198
3 19 90
25 47 42
0 19 190
0 34 130
2 2 47
3 43 197
1 50 124
0 4 179
0 33 12
0 48 169
51 22 92
125 46 189
4 10 109
0 48 151
17 17 88
1 32 137
3 30 193
5 42 157
1 17 154
0 42 161
3 11 7
5 45 108
33 56 31
5 40 16
2 9 120
175 0 98
17 46 166
6 36 144
0 30 105
0 20 168
1 58 40
0 19 62
0 7 40
0 39 70
24 38 122
3 12 85
117 24 121
0 2 156
10 57 5
0 6 42
0 12 93
2 24 84
2 6 7
48 16 47
0 24 84
2 10 107
0 7 76
3 49 82
0 44 21
61 34 105
559 18 88
3 59 65
1 6 149
1 18 20
0 40 178
0 23 26
8 51 60
0 51 160
22 53 25
52 25 174
0 44 11
3 30 92
3 25 142
0 42 175
24 35 25
7 57 20
2 38 83
170 44 171
0 29 54
283 16 76
0 13 182
0 13 198
1 39 163
1 18 69
14 43 32
5 13 173
0 53 106
3 7 10
2 50 17
0 54 44
0 33 69
1 16 172
15 1 43
1 19 173
0 16 44
36 43 131
0 19 83
4 11 14
14 39 121
64 15 2
0 10 162
12 42 131
2 23 110
0 49 183
1 58 197
2 5 176
0 46 109
3 2 176
0 58 104
23 18 151
1 34 105
0 38 53
0 29 4
2 34 68
0 26 57
0 35 12
0 50 117
2 1 35
0 37 171
0 38 8
1 26 188
0 53 187
3 33 57
12 22 20
0 10 170
1 43 154
0 12 55
8 17 15
0 12 23
0 25 148
3 59 156
57 21 120
0 43 31
102 1 68
8 0 143
2 1 35
2 25 156
0 50 140
1 9 66
8 3 57
16 47 197
3 53 192
0 27 56
0 51 20
2 26 36
1 45 13
0 57 56
0 26 164
1 35 107
1 14 85
0 56 195
1 9 42
1 59 31
14 36 172
0 33 169
1 42 9
2 33 26
17 21 189
0 35 81
2 47 183
8 45 49
4 1 32
1 38 104
2 13 59
1 28 119
0 28 183
0 46 189
0 46 89
2 19 175
0 32 30
37 23 151
2 2 116
1 46 21
0 2 170
7 44 64
0 38 168
39 40 161
16 22 148
4 40 18
4 21 131
79 34 140
4 14 12
0 11 178
0 38 105
0 25 168
67 50 138
1 36 80
5 44 168
0 10 175
0 10 154
0 32 143
3 15 25
112 14 97
1 37 6
19 1 64
0 33 109
2 36 195
13 24 191
0 22 194
0 35 29
1 1 187
0 15 47
14 23 192
16 24 192
1 1 26
0 47 181
0 30 47
5 5 120
3 15 26
3 38 108
5 15 18
0 21 194
3 6 80
520 47 158
250 21 150
0 31 177
0 14 119
19 51 172
4 3 108
2 15 60
328 12 107
81 50 172
5 46 78
6 59 10
1 59 97
116 37 150
6 55 64
8 7 5
73 5 177
4 31 174
1 50 128
5 32 178
0 13 74
0 54 179
36 15 150
0 6 19
0 48 17
20 38 45
6 56 167
3 55 39
0 0 193
560 56 83
0 45 121
184 57 191
0 3 66
4 52 102
6 15 76
23 8 165
4 47 45
2 22 14
59 35 44
0 2 41
0 2 48
1 6 127
0 37 169
0 3 157
3 49 191
0 18 71
60 57 44
7 2 173
11 26 186
2 58 145
2 59 137
0 40 155
0 46 138
1 59 108
2 37 103
5 25 26
45 30 7
0 1 17
3 30 168
6 6 167
206 55 56
0 44 71
2 22 134
86 29 116
0 58 123
6 43 161
8 59 174
447 27 21
0 9 176
88 21 99
51 7 58
0 41 69
0 6 77
13 39 33
0 25 98
0 11 13
25 28 172
2 32 72
3 57 198
1 27 136
1 59 85
11 23 172
0 10 106
0 56 51
148 41 128
2 56 66
181 37 115
2 11 24
71 56 65
322 28 189
3 12 62
82 42 111
1 51 75
2 29 36
19 7 11
0 54 2
1 40 136
358 39 147
11 22 79
0 54 171
0 26 131
0 22 172
20 50 38
1 6 56
0 58 119
0 1 41
7 2 152
0 5 114
0 23 101
61 6 57
0 44 151
29 6 71
3 41 45
0 27 161
5 36 187
20 37 110
0 13 181
2 33 183
2 26 85
2 26 42
1 4 66
0 47 119
2 2 4
2 23 94
1 0 13
0 40 62
1 53 111
47 59 195
3 27 64
188 0 18
97 47 171
0 10 145
12 28 141
2 43 111
2 21 145
4 18 167
0 42 120
31 29 101
26 7 103
357 29 88
0 10 142
186 3 23
1 13 154
0 50 115
90 14 162
61 49 6
17 29 41
0 22 21
1 40 71
0 21 96
0 34 28
5 29 185
4 24 22
0 58 29
6 15 157
1 8 160
0 24 8
0 30 105
3 20 197
0 44 28
3 21 183
3 1 115
17 16 125
23 48 143
0 10 75
458 31 150
2 52 142
0 3 124
2 14 119
4 13 134
1 49 147
7 20 32
1 13 16
0 4 87
0 59 165
1 41 187
0 23 17
16 2 196
20 37 20
26 45 116
19 39 59
0 13 159
0 9 68
0 26 83
8 51 118
2 19 106
6 9 61
6 45 102
38 3 33
1 22 53
0 13 65
15 45 8
2 41 119
5 34 175
3 13 22
0 43 97
0 21 50
1 39 80
1 6 34
14 23 188
2 54 198
0 28 94
2 55 150
58 56 191
0 39 171
1 44 123
0 52 183
7 12 101
10 57 12
0 58 176
0 40 174
0 22 142
0 2 101
1 56 185
0 43 85
0 43 133
10 24 151
0 10 65
0 52 90
9 48 79
503 5 144
600 56 125
0 43 32
9 31 77
9 17 82
0 18 108
2 33 186
10 34 87
3 16 99
1 58 31
1 32 116
2 7 135
49 40 120
318 2 41
0 48 128
37 12 149
1 51 133
1 35 55
29 51 54
0 43 171
5 38 167
3 30 199
0 59 15
60 43 31
4 42 194
5 11 26
1 9 40
0 7 154
0 16 93
0 33 9
0 33 31
589 44 75
0 29 159
0 21 53
4 32 109
1 57 164
0 27 169
5 20 56
5 14 42
82 15 74
0 37 191
18 6 105
0 58 57
0 15 200
0 1 64
52 33 97
22 55 57
3 10 79
38 0 164
0 6 42
3 3 115
0 36 152
4 32 110
0 19 71
45 14 156
9 53 151
345 32 64
2 51 122
0 25 157
19 26 100
29 51 169
2 58 94
0 17 46
0 14 151
0 53 13
30 3 178
1 1 14
761 12 196
3 42 140
0 18 89
0 28 189
50 9 31
0 37 23
0 3 65
0 27 43
0 30 157
2 31 85
23 33 154
46 53 32
82 22 31
4 57 83
37 19 168
2 26 42
3 55 68
3 28 25
9 55 71
4 2 199
1 14 162
31 20 196
513 26 13
93 8 182
0 2 107
17 10 163
1 36 126
2 56 141
0 0 111
5 39 27
0 39 99
1 16 87
19 30 134
1 0 197
0 24 128
522 44 88
68 32 84
2 56 125
0 36 35
0 22 69
75 44 151
11 28 66
20 34 148
0 6 103
0 6 32
46 6 195
31 6 146
5 51 159
0 36 145
13 30 72
2 24 35
167 49 131
532 47 147
3 21 123
2 37 180
1 17 41
3 58 188
1 58 77
8 15 172
0 53 139
8 27 144
1 38 31
4 32 105
3 38 2
1 25 177
0 36 172
8 3 176
1 2 200
46 36 143
1 38 71
0 49 112
1 10 155
15 42 178
3 7 145
7 38 17
0 47 82
45 23 155
0 38 114
4 37 10
0 52 31
9 54 122
177 55 34
0 41 26
4 44 33
11 20 23
3 4 45
2 39 150
1 5 154
0 52 97
0 38 141
371 44 41
1 24 167
1 57 178
8 21 14
0 54 126
0 32 83
27 13 20
8 2 76
1 37 18
1 22 87
29 51 92
0 46 86
9 51 9
32 58 18
42 52 11
0 45 147
1 11 38
650 10 15
1 20 137
61 40 199
0 27 151
6 43 192
0 47 82
0 22 170
1 37 33
2 36 63
114 19 142
0 10 123
1 4 112
2 19 189
1 39 125
11 22 11
2 20 131
36 52 68
0 17 17
60 0 145
1 1 158
0 30 182
26 53 192
6 0 137
8 45 2
0 39 32
1 39 1
0 53 153
0 33 12
26 1 31
127 55 176
0 58 198
33 48 132
0 24 138
40 6 131
1 18 50
8 51 187
7 26 69
2 29 158
0 8 195
0 57 96
6 43 32
3 2 60
27 56 127
0 55 53
0 17 149
0 3 192
49 37 115
6 57 130
0 53 7
3 20 200
4 14 121
4 58 29
10 39 84
44 8 56
6 32 31
28 29 34
2 51 97
19 53 14
266 33 77
0 55 152
1 9 191
0 28 111
14 19 64
0 1 46
45 13 193
4 46 103
80 0 66
6 30 159
1 19 175
34 25 11
8 54 59
0 25 121
3 32 137
0 59 68
0 2 191
5 3 36
64 16 183
0 13 164
1 51 107
10 26 191
0 5 117
67 6 37
0 5 42
0 42 55
2 2 64
213 9 109
30 18 176
121 34 152
22 24 15
1 16 170
60 33 94
0 26 80
2 54 13
13 13 13
3 34 81
3 24 27
10 39 140
4 17 152
0 46 74
4 49 155
18 21 196
12 36 105
0 45 170
108 3 156
62 11 3
1 36 123
0 2 15
1 26 51
0 47 162
0 56 69
1 53 143
0 1 38
0 20 33
5 40 52
3 27 171
0 11 164
0 7 30
46 30 142
2 28 128
8 22 185
2 14 115
564 41 163
0 45 64
94 0 56
3 23 164
2 55 28
72 5 126
15 18 41
3 2 9
0 53 191
683 6 189
7 33 78
0 0 80
0 44 153
0 42 128
0 54 169
7 25 143
24 58 107
4 29 75
1 57 4
1 39 97
0 28 6
0 56 57
0 56 191
1 12 48
2 20 84
70 9 48
0 59 91
57 8 36
2 48 177
0 35 129
0 22 124
0 58 90
0 4 17
0 7 105
0 5 167
3 52 9
1 7 89
1 24 151
274 27 113
252 2 97
5 56 113
0 50 127
13 50 11
1 24 16
1 34 141
2 23 83
1 3 42
1 40 66
3 55 128
4 31 1
2 41 99
12 31 128
0 11 184
0 28 124
20 2 178
0 56 41
0 23 56
36 17 87
466 59 83
0 23 15
1 10 106
0 45 154
17 38 60
6 46 129
27 7 9
225 40 162
22 31 166
100 8 55
3 49 18
1 38 103
150 33 97
0 59 156
13 0 139
9 36 168
0 21 111
1 10 146
0 52 28
8 37 89
0 54 66
1 53 160
1 3 126
0 27 160
39 9 3
4 56 113
317 59 49
15 54 117
39 41 103
2 9 135
3 26 105
2 12 22
19 2 145
0 20 177
0 29 121
520 23 120
165 29 67
5 54 46
109 52 44
0 13 196
9 15 184
0 43 166
4 56 115
1 6 121
7 37 175
0 17 61
527 17 32
3 23 32
0 27 192
204 45 109
2 7 70
39 5 109
170 25 11
19 26 29
331 14 113
1 54 170
32 53 14
0 40 2
0 34 86
0 51 168
105 43 112
9 56 130
0 16 183
108 7 24
0 54 87
77 32 19
0 2 88
44 30 94
71 10 6
1 54 76
0 20 163
0 13 14
17 4 61
0 45 122
1 59 173
464 12 187
8 49 118
1 53 134
134 47 139
0 24 186
2 30 80
4 27 55
10 28 135
759 22 134
5 29 142
3 46 197
491 49 119
128 42 121
0 58 88
0 3 159
76 27 157
1 34 156
2 1 175
2 23 186
22 36 162
3 19 158
0 26 74
0 18 47
287 42 47
0 5 80
1 34 87
41 5 146
36 36 163
158 39 137
0 18 196
8 19 26
0 59 35
2 1 151
404 5 164
1 33 160
4 34 65
1 39 5
3 14 84
1 29 52
1 25 57
1 28 29
0 37 195
0 54 176
0 15 99
6 36 9
1 59 45
142 56 196
4 58 123
1 44 126
507 39 156
1 41 128
4 55 9
0 28 39
1 38 48
0 33 7
3 30 87
0 10 163
2 59 146
11 2 69
0 16 20
0 46 102
5 53 38
0 23 142
0 49 59
10 29 144
0 26 52
17 38 179
1 18 54
3 34 64
0 48 132
8 48 70
1 55 121
0 6 66
2 14 200
340 8 28
1 33 75
1 45 129
4 24 83
0 18 59
5 31 91
0 39 166
0 57 182
2 30 47
62 25 151
7 1 55
0 21 178
4 23 153
7 15 117
66 43 162
0 34 187
4 13 183
0 39 25
0 10 94
22 23 26
8 18 88
0 21 34
40 46 181
147 13 58
48 5 102
0 34 146
4 26 17
5 59 102
6 52 132
12 12 47
161 59 93
0 43 43
1 21 135
0 3 65
2 15 113
5 15 89
7 44 165
2 59 182
4 26 72
84 11 48
11 54 63
3 20 56
0 49 200
0 25 155
241 32 154
0 56 92
3 35 85
4 20 160
247 44 80
7 30 83
7 59 174
505 0 70
614 18 24
0 18 27
0 55 63
0 59 155
0 5 26
0 7 64
0 13 2
11 34 189
0 18 102
17 53 68
17 15 70
11 53 195
0 47 34
1 15 48
0 12 198
3 10 62
147 30 129
1 8 143
0 17 101
2 3 108
2 22 68
0 30 156
296 32 138
51 22 146
0 44 50
2 8 165
0 30 110
2 30 77
1 59 86
46 32 105
0 18 152
3 3 23
4 59 151
0 5 137
21 52 75
1 19 23
1 53 181
0 14 17
0 28 33
4 20 5
1 38 83
3 47 151
226 0 198
1 4 167
34 26 188
1 18 16
3 47 33
4 48 142
12 35 70
0 43 73
1 14 167
1 35 72
1 51 10
60 11 99
1 52 146
15 16 166
4 57 180
60 21 14
7 44 140
0 48 190
1 31 20
261 24 170
5 49 162
7 20 92
0 52 194
7 36 182
1 3 35
0 12 155
335 4 23
0 58 174
24 26 14
7 17 21
0 50 118
27 56 158
0 5 199
0 57 145
1 13 187
0 16 158
1 43 40
24 8 5
45 50 193
0 39 20
251 22 148
0 29 189
0 45 63
0 1 17
2 46 155
1 25 11
1 46 159
0 3 57
0 10 114
1 32 100
3 32 55
1 31 52
0 3 65
4 1 144
1 35 11
0 20 194
0 13 98
0 20 196
6 49 192
4 27 149
0 54 70
0 24 167
8 17 162
2 50 24
6 34 78
1 5 108
31 35 50
59 49 116
0 47 79
7 6 130
3 30 103
106 27 84
0 14 104
24 50 181
0 0 20
1 4 15
0 53 175
0 25 107
5 7 126
0 34 80
85 58 2
5 57 3
0 17 64
0 15 27
27 35 12
0 39 150
3 41 7
1 2 59
59 58 177
0 34 134
46 18 12
10 45 29
1 1 2
0 16 27
0 57 10
9 43 61
0 41 129
0 26 49
0 39 21
20 7 128
26 3 82
0 53 126
1 45 31
0 32 166
0 31 152
0 10 2
0 56 105
0 22 147
100 5 53
0 8 174
2 39 90
211 1 200
14 6 89
1 54 39
139 6 83
2 45 92
0 44 10
146 7 176
0 37 28
2 20 128
136 57 127
18 42 84
0 48 41
5 35 103
1 6 94
38 35 7
5 46 190
142 9 193
1 28 71
2 36 37
35 57 167
267 7 94
2 18 27
1 56 21
261 22 35
3 43 190
8 5 46
257 36 94
1 52 189
9 2 75
204 57 130
0 58 148
0 47 199
2 28 130
7 4 138
1 22 62
1 36 81
690 58 35
1 16 195
3 46 19
43 16 89
0 17 37
1 31 28
0 41 153
0 42 95
1 32 92
0 37 2
2 40 9
0 9 120
2 10 93
0 54 90
7 19 109
0 17 118
0 53 9
0 43 138
1 17 6
0 40 89
0 25 36
1 44 108
14 54 189
0 5 121
1 31 143
2 27 133
33 42 57
92 38 74
0 20 159
5 53 62
1 4 49
0 18 15
4 0 81
6 57 187
0 21 110
7 11 200
0 59 13
14 31 110
0 54 41
0 17 94
0 42 87
0 48 186
1 22 96
1 37 120
549 28 43
0 34 126
6 11 180
12 3 79
27 9 175
2 14 29
0 12 10
1 52 136
30 23 57
0 20 173
1 47 101
0 42 189
6 51 164
0 15 193
13 40 5
2 48 6
13 25 10
2 28 92
112 26 43
0 39 60
1 31 13
91 56 57
0 16 63
0 32 184
0 10 2
9 3 164
41 33 195
162 54 121
0 15 29
0 18 147
6 3 95
0 23 47
40 32 7
1 24 166
1 40 74
22 24 69
4 21 117
4 22 194
1 15 183
8 6 17
1 51 6
1 23 65
1 41 38
0 10 103
291 43 56
2 41 190
2 4 101
0 11 194
0 48 18
2 36 38
0 33 65
0 18 140
30 51 4
2 39 106
11 39 117
0 55 149
2 31 50
0 28 17
2 6 64
12 37 78
1 31 126
3 27 162
2 14 62
2 13 194
0 25 30
0 54 153
23 47 151
3 5 171
619 42 104
0 53 130
0 36 89
0 19 35
0 15 107
0 27 42
3 0 28
0 58 173
0 24 36
168 5 49
99 56 101
0 30 69
1 13 28
1 44 88
0 54 34
2 45 175
6 57 37
22 55 51
0 17 24
1 37 163
0 14 68
5 7 103
0 17 122
140 4 188
0 42 147
0 54 101
36 1 183
1 3 80
1 52 137
2 36 10
2 56 183
0 34 152
16 52 32
0 4 197
239 32 92
67 27 88
2 25 94
0 39 107
0 10 14
19 26 47
6 31 133
2 0 34
14 21 51
0 49 148
5 3 83
0 17 117
11 8 132
3 24 162
1 23 90
1 10 145
0 13 101
0 21 91
50 34 57
1 18 161
0 45 195
515 7 50
16 54 170
559 39 197
3 58 162
5 23 113
0 45 77
0 47 47
2 37 42
4 25 117
12 39 104
26 42 70
1 50 111
0 3 179
52 22 167
0 3 126
2 42 153
73 27 118
0 39 37
11 40 151
120 50 135
0 31 170
5 0 115
0 6 83
1 57 92
0 29 168
3 48 61
0 38 194
2 34 49
0 0 48
7 11 89
0 53 155
0 53 159
0 8 133
1 27 25
0 58 196
1 5 97
181 42 92
1 36 96
4 35 63
195 45 55
0 6 50
185 48 197
0 31 178
0 42 194
1 54 124
0 51 19
6 7 51
2 37 90
17 23 129
318 17 70
23 9 146
31 21 59
95 1 198
6 19 77
0 13 128
16 43 54
2 59 151
4 59 136
2 51 121
36 5 43
2 45 102
0 16 61
15 58 9
1 17 124
3 39 99
2 18 41
41 22 71
1 4 130
4 49 46
5 6 148
1 15 179
4 2 118
27 53 97
209 52 12
6 36 115
0 54 192
0 6 93
206 26 174
0 3 114
3 24 113
8 5 56
2 4 176
13 27 74
26 5 74
1 25 197
0 6 17
1 10 94
0 32 77
1 17 64
2 1 54
0 35 104
1 26 82
8 25 16
0 51 44
3 18 175
84 33 143
27 19 30
0 53 72
0 9 42
81 48 144
2 19 57
1 8 178
6 17 90
5 28 16
0 25 24
0 29 123
3 8 45
1 26 173
33 45 160
14 20 78
0 6 97
0 46 170
18 10 112
1 15 174
0 12 116
5 50 60
274 6 174
1 44 47
24 4 124
0 4 191
0 32 117
297 29 133
27 18 146
0 37 20
0 18 49
80 3 94
0 42 157
0 39 179
39 58 21
0 6 37
0 10 19
14 18 187
7 20 43
13 0 140
0 49 111
0 14 48
0 30 154
143 38 133
0 45 162
0 20 84
0 31 67
399 47 56
2 23 78
0 38 41
1 5 18
0 31 174
13 12 54
0 29 93
515 18 78
1 24 92
8 47 10
0 13 187
2 11 41
145 47 134
44 44 65
10 39 50
20 44 15
0 27 93
8 17 67
44 34 130
71 50 67
1 4 189
33 59 52
0 7 34
1 27 15
0 3 96
5 39 77
10 3 87
8 50 193
122 22 194
2 14 53
0 16 134
20 47 58
2 51 47
0 16 151
0 9 23
84 21 15
0 7 3
0 28 6
20 37 132
0 47 83
0 56 63
13 22 117
0 55 98
4 51 131
0 22 121
7 10 80
2 34 176
2 35 64
161 34 150
0 53 127
0 33 142
0 45 44
10 59 48
5 51 13
0 9 15
39 7 40
0 23 121
0 20 192
13 54 116
21 10 15
0 24 129
307 25 10
155 42 11
0 3 75
1 32 7
24 7 82
2 20 147
2 56 84
28 39 116
0 56 200
350 56 128
3 28 131
27 16 132
2 33 200
4 38 2
0 25 53
15 47 49
18 45 111
2 27 111
37 37 48
0 4 177
1 50 163
22 2 125
0 40 1
1 2 178
1 44 84
3 27 180
160 8 163
0 34 190
7 28 31
1 42 160
0 49 137
1 29 92
2 59 82
10 58 99
16 41 57
0 9 120
0 17 76
0 6 73
0 6 33
45 30 132
93 58 141
74 8 121
271 49 166
53 35 50
0 45 181
0 7 155
27 4 90
0 50 148
4 36 67
0 20 200
0 6 7
2 33 102
23 54 72
93 45 28
4 56 41
0 26 30
0 38 179
1 49 40
39 56 199
9 9 8
0 7 121
0 28 141
1 17 81
2 21 144
0 26 6
0 34 109
8 14 177
0 29 47
2 36 150
0 16 18
0 16 1
63 11 179
1 31 114
2 2 42
14 2 33
2 49 52
0 32 27
0 10 125
507 22 88
30 25 110
7 14 106
1 52 4
33 43 155
0 12 68
2 59 155
249 27 63
0 25 107
4 21 93
16 3 62
0 12 129
0 3 171
3 31 151
0 9 68
0 1 164
9 38 90
6 44 160
2 37 188
13 14 14
60 23 134
5 42 36
143 45 158
0 27 7
1 33 7
2 52 24
2 21 100
0 43 48
0 18 131
7 59 159
3 11 187
0 43 137
0 30 147
132 37 90
0 42 91
0 32 91
0 12 142
6 0 73
10 5 129
515 47 64
14 55 191
2 13 160
261 38 87
11 51 17
0 6 108
0 46 19
8 56 156
95 28 137
10 36 112
0 39 60
0 45 67
4 27 19
1 54 138
234 13 179
260 25 161
181 21 114
6 9 3
89 43 29
0 32 83
4 35 29
0 13 85
0 37 106
0 21 112
2 21 93
0 37 147
0 2 141
3 16 12
3 54 14
4 30 187
10 24 194
0 0 152
0 4 178
0 37 54
39 37 113
91 24 174
0 6 37
651 31 64
4 9 154
4 2 118
26 40 131
2 26 59
73 30 144
0 35 95
0 19 39
7 32 12
513 50 74
0 18 45
2 35 196
186 45 84
30 59 169
4 57 125
37 24 71
1 24 169
0 0 154
14 47 36
0 52 56
2 27 167
476 5 197
0 31 135
6 44 86
5 15 45
26 0 132
0 9 124
3 47 140
3 14 108
0 3 61
2 38 32
0 7 31
9 17 99
2 37 15
1 56 156
318 42 134
0 25 17
2 33 58
0 30 22
0 24 167
0 30 8
72 47 122
4 49 119
10 14 140
8 8 158
1 21 28
2 48 47
0 10 155
1 18 162
1 20 154
0 21 125
0 22 52
0 51 140
2 40 45
0 23 138
3 0 175
2 14 19
95 47 143
384 8 92
0 32 142
97 44 155
0 22 53
2 10 32
0 16 115
2 25 117
0 26 177
6 57 184
33 12 118
0 6 157
26 21 171
0 17 121
4 29 37
6 16 163
0 8 51
16 50 89
27 30 117
12 45 58
0 52 26
0 48 14
1 53 91
0 0 139
2 25 128
53 20 149
0 31 2
138 37 110
0 13 186
51 55 70
35 29 47
7 14 182
4 45 128
24 23 24
49 58 126
1 12 128
2 29 177
0 9 161
1 2 31
61 33 143
10 54 121
4 34 86
2 46 50
17 48 119
6 2 130
4 35 160
21 1 194
21 34 110
6 44 49
0 13 133
211 55 158
0 46 34
0 47 26
346 41 108
226 53 180
2 11 13
0 6 78
0 10 60
0 52 90
32 8 92
17 43 176
84 16 12
24 8 13
13 22 108
21 6 185
0 27 133
0 49 162
51 33 33
460 58 171
29 59 136
1 45 90
0 22 187
7 45 91
17 53 81
20 35 45
0 42 147
11 57 36
51 4 142
31 36 170
0 31 103
33 6 123
0 51 5
7 1 72
19 42 165
155 19 111
0 8 60
4 5 46
1 52 4
2 14 63
5 35 104
0 10 199
218 16 14
6 53 53
3 9 33
0 5 159
1 25 159
1 55 3
0 8 104
53 41 148
0 20 123
1 43 160
156 28 173
16 23 10
14 15 62
0 5 116
0 7 171
0 20 6
1 27 60
36 31 191
3 8 127
0 5 175
0 26 140
165 45 117
0 25 105
2 26 147
0 2 38
0 33 74
87 50 159
0 4 171
0 26 160
0 23 168
8 21 165
0 12 38
0 22 41
225 1 21
0 53 146
4 5 28
2 2 42
2 3 83
4 4 66
0 0 105
101 7 186
9 41 120
0 16 14
22 31 45
3 10 86
0 31 164
8 19 189
3 0 139
0 6 173
3 25 174
9 27 187
16 34 137
103 52 178
66 19 107
90 36 89
0 49 144
0 15 83
3 24 60
4 24 103
6 10 170
0 9 161
11 2 121
0 28 117
29 26 143
156 49 167
13 16 35
0 49 49
0 59 63
9 16 56
0 18 22
17 0 21
7 50 58
0 48 139
1 4 200
6 44 141
4 39 173
1 8 120
39 50 157
0 29 50
493 19 179
0 52 191
0 4 116
2 52 83
0 40 49
0 5 95
245 28 197
6 30 94
5 35 144
1 48 125
1 33 189
1 14 109
0 16 128
5 46 173
0 56 101
2 37 122
0 48 137
0 9 121
0 50 120
18 43 145
5 9 92
0 33 160
0 36 166
5 12 63
3 49 127
0 20 178
2 30 125
2 25 130
1 39 22
0 19 193
20 1 82
1 25 110
1 2 44
36 15 118
0 25 68
1 31 180
3 37 104
0 31 156
0 50 169
9 14 86
2 1 179
1 0 66
3 39 142
0 40 88
0 20 73
6 25 67
1 6 199
5 40 64
3 1 1
3 49 146
20 57 175
0 46 32
44 14 167
1 44 151
72 26 141
46 10 102
4 18 16
28 26 162
2 21 116
6 32 150
32 40 154
7 33 86
1 27 107
5 20 51
0 38 98
12 29 173
2 6 127
27 20 91
0 56 1
14 45 115
0 13 84
3 47 12
0 22 186
0 46 199
1 5 58
9 17 196
41 41 99
1 12 97
597 12 167
0 36 168
0 20 111
308 24 152
20 10 155
1 6 140
0 56 104
3 13 110
38 42 128
10 56 151
0 47 84
15 51 187
2 39 159
0 14 93
0 56 90
1 51 164
0 50 118
2 11 62
0 54 61
0 23 124
0 56 78
24 40 95
161 34 141
8 44 184
10 24 86
0 35 5
3 30 73
8 0 2
0 24 109
65 56 200
6 47 103
0 27 91
14 54 153
0 4 33
0 23 9
16 14 158
512 29 176
14 43 159
4 54 142
289 11 145
1 28 121
9 29 187
4 15 24
0 47 1
3 11 101
2 37 128
137 2 45
2 44 11
1 7 171
7 50 72
576 43 38
1 53 31
530 53 66
0 43 109
20 53 3
5 22 113
59 2 1
6 54 117
15 10 148
76 43 49
2 13 104
0 3 153
0 49 126
0 30 52
154 15 139
0 37 191
32 57 91
0 11 15
254 6 17
0 30 115
4 58 162
37 35 177
36 25 126
4 6 116
1 35 10
15 36 47
0 28 188
20 8 50
26 31 122
0 14 182
34 23 102
132 14 136
1 13 196
2 30 4
6 46 102
1 34 159
477 46 47
1 53 152
11 47 139
0 50 56
0 52 17
9 5 112
16 18 132
33 12 200
7 49 161
32 4 170
0 26 47
2 28 133
15 42 50
0 3 98
0 46 55
2 34 180
0 3 24
4 22 86
0 49 37
0 8 17
0 14 175
3 39 55
0 29 139
6 9 45
1 54 66
6 50 169
0 42 92
1 36 198
57 50 114
18 2 140
0 28 5
2 52 134
0 47 19
0 44 184
0 15 102
9 30 192
11 54 162
6 29 22
16 5 67
1 53 40
1 22 6
19 42 134
3 58 124
18 3 67
0 51 64
22 7 183
14 9 87
1 13 167
0 42 15
2 33 138
239 29 31
0 57 13
2 0 155
1 44 185
0 52 29
0 36 62
0 53 33
0 48 135
4 10 146
2 46 56
1 36 42
0 37 60
0 57 73
7 16 83
8 36 93
0 14 8
2 37 198
364 48 46
0 57 33
83 57 14
139 36 157
1 33 43
11 35 180
3 45 118
0 19 105
3 7 65
0 13 143
494 55 19
0 5 174
3 10 139
0 18 58
65 16 100
144 46 113
1 46 180
0 1 140
1 11 40
3 20 174
0 13 197
9 37 187
0 24 31
0 5 53
0 28 155
15 25 47
1 36 183
1 3 59
3 21 33
9 14 197
18 41 78
23 51 59
3 3 76
0 26 84
12 44 60
15 4 191
8 3 47
0 18 44
0 11 118
0 41 61
0 54 32
0 42 192
0 1 101
0 30 105
227 12 35
0 50 108
0 8 5
1 4 53
0 6 26
59 32 94
4 54 98
86 42 187
48 37 30
0 7 147
0 8 91
173 49 109
34 5 156
0 57 9
0 10 59
0 22 45
3 6 50
3 36 195
0 44 62
1 8 98
2 52 35
6 30 125
383 59 49
1 5 173
15 17 67
0 37 151
34 12 31
0 4 15
0 49 107
58 55 192
0 28 141
6 13 21
15 55 128
32 34 61
3 39 6
5 9 70
72 41 171
0 24 96
0 52 24
59 29 161
1 30 62
55 42 177
0 55 44
1 29 189
22 16 191
12 44 79
0 34 32
6 51 31
277 6 78
0 8 115
3 15 117
14 24 50
15 17 135
5 27 192
4 19 152
1 23 153
0 19 60
0 59 27
1 43 93
1 18 9
0 10 197
25 12 99
58 54 44
0 49 176
5 25 50
0 2 65
49 4 143
27 28 145
0 0 4
1 7 8
22 47 74
0 53 149
3 6 171
0 22 154
0 36 164
0 30 168
18 16 85
77 57 115
0 12 29
0 46 27
0 20 18
287 4 88
42 22 151
51 3 5
5 34 30
7 39 31
94 54 140
55 58 199
0 6 92
43 30 23
23 20 35
0 15 134
0 53 142
25 50 7
1 37 53
2 20 54
1 18 25
4 31 160
491 43 28
1 17 48
0 43 45
25 2 186
0 28 36
28 17 60
0 24 109
163 1 195
9 11 151
1 10 1
1 14 118
3 10 142
0 48 38
0 5 194
0 46 8
2 51 33
5 36 192
11 27 161
0 31 148
12 39 157
106 10 134
23 12 180
7 49 139
0 50 72
4 21 142
2 37 180
0 4 1
389 15 56
2 46 79
0 13 26
0 8 96
0 3 34
3 2 111
0 28 1
0 40 51
4 4 130
16 19 34
4 53 165
43 8 110
14 22 183
0 22 13
2 55 89
369 12 99
0 25 109
55 49 26
3 38 77
6 17 14
1 0 152
28 56 23
17 53 44
2 26 85
0 59 33
6 9 102
0 30 143
0 40 93
0 35 58
3 35 48
10 4 33
131 20 76
4 10 173
0 35 52
3 42 190
7 45 84
0 6 153
1 21 63
4 33 33
19 54 150
3 25 35
12 52 158
0 51 92
0 1 143
20 48 29
2 7 128
34 47 76
1 39 62
14 32 54
0 13 162
0 0 166
0 27 115
0 43 133
337 57 1
0 9 148
0 12 22
0 52 154
0 37 177
0 50 38
3 34 154
1 44 68
0 13 154
1 50 158
0 49 1
12 33 71
3 40 70
93 24 72
1 28 60
0 55 177
0 6 166
14 9 64
26 33 99
0 38 55
0 19 90
0 39 186
3 17 198
0 52 96
0 38 16
5 25 104
0 39 112
0 50 37
1 1 136
0 55 55
3 18 154
0 57 54
67 55 118
0 43 128
0 55 10
4 20 108
4 48 13
0 31 52
1 15 162
0 59 101
7 50 181
143 54 182
0 25 7
12 50 4
89 54 62
0 10 25
0 9 44
729 12 99
39 25 149
136 20 8
0 1 133
0 41 160
32 43 110
103 11 74
7 22 168
0 1 95
16 8 101
7 57 7
0 51 80
36 7 196
1 37 112
104 21 11
6 15 186
0 56 86
26 40 73
2 23 49
1 9 195
0 16 105
3 38 115
2 57 52
0 41 55
34 58 129
42 48 18
1 20 67
18 38 173
14 50 149
66 32 130
4 33 75
0 46 80
0 53 49
78 13 41
121 14 33
30 49 163
0 5 95
0 45 147
0 51 197
565 56 78
5 22 46
46 51 155
0 10 91
0 59 117
0 9 167
9 45 56
0 6 145
0 1 143
19 16 62
15 46 73
0 48 8
6 40 114
4 57 8
0 43 29
7 53 128
7 6 48
0 17 84
0 35 170
1 51 34
0 10 112
10 8 102
7 10 99
5 10 45
27 44 189
0 45 112
19 23 154
8 1 152
1 24 56
2 20 200
8 37 187
0 1 2
164 49 120
10 15 136
0 59 97
0 32 28
18 3 132
1 37 108
0 50 199
1 19 32
0 18 70
0 58 140
183 28 146
29 47 140
5 16 68
3 15 55
0 43 84
2 56 59
0 21 81
4 34 171
1 4 158
0 7 145
2 35 157
2 41 169
0 49 7
93 42 71
10 51 39
453 54 111
13 27 18
0 24 51
0 37 154
1 10 56
0 44 93
0 40 18
19 15 50
1 7 31
1 0 88
4 43 118
0 51 154
0 55 126
25 11 131
0 47 32
4 25 27
7 48 89
0 22 164
9 25 129
352 7 21
8 7 152
5 1 113
0 46 7
0 59 35
0 29 8
12 32 140
3 49 174
0 54 191
4 26 81
0 4 79
0 55 82
5 14 191
0 29 125
0 20 104
3 29 12
367 1 2
0 3 148
0 50 53
0 36 98
0 37 141
35 17 166
27 24 183
3 28 33
0 32 181
15 28 151
1 18 83
28 13 175
0 35 96
4 43 60
0 10 98
0 36 174
40 36 189
11 5 13
5 54 22
0 54 84
71 51 113
45 36 129
36 5 12
23 5 17
17 11 86
0 31 178
0 57 62
164 34 16
1 10 15
0 37 188
3 18 15
2 46 194
8 48 84
3 13 141
442 59 5
1 56 83
4 17 114
2 22 107
6 58 129
1 0 197
19 4 27
6 49 116
0 52 20
19 39 174
0 35 105
25 15 73
7 56 72
0 41 187
0 37 143
1 34 195
1 0 48
6 30 176
52 52 198
6 7 59
0 56 130
0 39 172
1 46 136
4 16 126
0 44 99
1 55 4
2 49 20
123 59 189
5 22 93
0 43 15
1 30 125
0 44 141
0 42 74
22 8 43
2 57 97
0 22 23
68 48 9
0 42 190
1 35 25
0 35 182
202 7 124
1 58 199
1 58 116
0 13 119
1 30 171
0 51 98
13 24 160
0 7 116
14 50 19
4 54 172
3 15 190
14 40 114
1 59 183
21 15 171
388 17 144
72 1 134
0 45 119
36 34 69
1 1 73
0 14 33
22 2 152
1 17 173
16 33 113
191 35 130
0 33 107
0 34 67
0 54 13
623 27 62
0 22 163
34 12 176
0 37 54
0 25 127
0 51 12
0 43 143
0 47 54
0 25 47
0 13 59
0 43 146
0 11 106
1 40 130
38 40 25
1 44 93
4 35 29
0 0 184
1 27 174
2 28 97
1 44 19
16 9 167
6 8 174
0 21 197
7 36 103
1 17 68
0 51 149
0 0 151
0 51 76
55 28 161
0 28 76
29 10 155
4 21 7
1 11 109
0 58 175
1 37 31
0 18 200
0 52 18
0 56 86
31 6 65
79 57 84
1 46 28
1 55 90
39 2 122
127 19 184
1 48 68
3 47 78
56 42 55
0 3 119
239 36 131
127 30 174
0 49 33
56 0 51
1 34 93
2 12 20
4 32 171
2 11 169
4 56 164
1 6 30
2 18 7
15 25 3
10 40 147
27 59 96
0 19 41
667 24 160
0 56 32
4 57 166
0 9 180
0 55 18
0 59 28
0 52 105
6 23 11
14 25 185
0 30 161
5 1 143
26 12 82
0 21 197
430 25 74
16 20 95
3 49 78
12 6 110
14 44 163
3 11 173
57 38 154
1 44 167
114 25 164
17 26 8
13 26 25
0 50 61
3 27 175
1 42 153
1 18 9
15 53 36
1 7 37
0 8 24
27 31 140
9 10 34
3 0 146
9 24 64
0 48 91
5 58 197
110 43 125
0 24 60
1 58 83
43 42 63
187 40 8
7 34 55
23 40 141
2 25 142
0 47 186
6 28 153
10 20 180
61 9 95
1 16 83
29 58 198
0 0 67
310 5 100
0 30 175
0 55 41
0 31 163
0 11 66
11 16 65
0 32 120
0 44 33
0 5 184
0 32 40
36 43 150
1 40 79
2 15 11
0 33 115
2 51 196
1 54 2
0 58 124
3 15 67
1 31 3
6 17 76
248 37 199
3 32 156
3 49 72
0 13 27
2 26 159
17 38 79
0 14 84
4 8 119
1 30 144
4 29 15
10 4 8
1 43 41
0 53 140
2 52 87
6 53 26
33 50 120
0 7 132
4 9 16
34 43 82
193 23 167
0 42 78
18 3 153
6 33 37
71 59 171
0 6 56
11 38 18
1 36 83
2 29 126
1 24 55
0 56 65
5 15 147
326 6 147
16 55 166
1 34 164
0 53 150
4 32 182
25 36 37
0 21 63
7 13 21
0 18 116
0 56 43
7 50 158
184 44 18
4 53 180
32 48 73
1 15 100
1 3 31
8 54 197
2 34 122
0 31 141
1 59 89
12 34 154
0 58 28
7 30 60
0 26 34
1 3 35
0 29 153
3 47 25
2 8 166
11 1 71
2 41 170
14 4 174
0 31 1
322 18 12
0 58 135
2 31 19
4 0 93
7 27 156
9 2 168
2 11 192
3 21 42
4 51 91
0 10 108
0 25 12
658 4 73
0 23 57
2 6 94
113 22 5
4 59 35
78 35 9
0 47 89
6 1 154
0 25 111
12 44 5
540 4 153
1 28 84
0 59 105
0 10 193
5 10 155
1 45 9
0 17 137
0 53 11
0 10 183
221 26 132
737 35 7
95 19 168
9 20 57
2 24 9
64 43 80
1 33 175
86 59 145
0 54 71
4 25 124
1 55 177
53 48 63
1 8 199
0 51 75
88 58 14
2 5 110
1 28 25
15 52 113
14 35 187
1 26 197
39 40 175
2 58 34
70 33 76
18 21 37
12 51 91
0 37 87
8 46 129
4 0 99
7 50 55
9 37 53
17 34 134
0 9 27
1 11 35
2 25 148
2 49 71
0 12 125
0 10 197
44 5 64
0 6 8
2 23 5
193 58 155
1 27 61
89 31 65
0 2 147
23 28 84
2 16 41
0 58 87
5 42 198
0 25 134
16 4 168
0 48 19
172 47 196
12 6 107
1 18 173
11 46 145
18 21 162
3 56 62
26 53 21
5 22 132
3 20 21
31 36 185
2 45 6
0 19 46
0 34 149
1 36 104
5 23 86
0 29 47
0 9 11
14 43 47
0 19 139
2 44 57
2 1 62
4 58 49
4 34 190
1 22 173
0 19 199
0 38 101
117 35 3
3 53 100
0 11 29
1 24 153
0 19 151
10 16 198
0 15 186
1 42 183
0 15 17
3 41 117
387 52 127
11 23 141
0 59 119
0 23 18
0 23 24
117 51 175
0 19 110
0 1 100
1 59 37
2 51 162
2 21 179
0 29 145
1 59 113
27 30 65
8 43 137
0 16 20
0 56 80
0 34 131
161 10 57
548 19 169
0 29 108
142 15 53
15 39 99
4 41 126
0 7 82
0 37 196
0 47 148
1 44 68
0 5 92
31 12 52
2 45 135
2 43 174
12 39 172
1 36 57
0 59 7
1 14 163
1 19 188
1 36 163
9 52 31
0 45 107
0 46 55
1 35 189
0 34 21
0 38 33
1 22 24
0 21 16
592 53 44
139 30 56
48 23 84
1 52 36
0 22 84
1 52 116
2 20 106
27 41 117
17 53 185
1 16 145
0 14 11
4 53 140
10 26 143
180 47 65
0 31 41
733 32 4
1 0 6
0 54 31
16 50 19
0 27 31
1 55 62
19 9 37
0 43 48
0 28 193
26 3 145
4 58 148
0 12 134
0 28 100
1 36 175
12 44 104
0 7 146
0 34 192
533 22 103
6 4 18
0 15 109
7 31 9
0 50 120
0 12 167
56 17 146
0 42 194
16 47 72
5 8 173
10 47 125
4 9 105
0 1 60
86 19 69
0 29 104
2 57 166
148 16 81
0 11 178
0 30 155
0 47 134
15 20 164
2 38 69
0 49 77
0 3 101
16 49 17
0 29 66
84 46 153
82 6 197
105 57 106
1 0 114
3 0 18
1 37 66
318 30 43
33 22 177
0 54 61
353 59 151
0 28 101
3 38 53
80 49 69
6 43 36
0 10 14
76 21 82
0 57 88
28 35 158
204 13 191
713 19 113
0 33 50
7 56 110
40 35 8
58 5 191
102 49 188
0 30 135
1 32 28
0 19 184
1 16 57
78 34 48
15 53 146
34 22 98
149 39 11
1 56 83
6 5 191
142 3 109
39 7 93
49 18 116
15 5 115
11 11 38
51 0 66
33 46 33
1 10 162
0 7 49
0 41 123
0 24 200
0 34 85
2 5 125
0 33 14
32 55 51
71 12 6
4 33 179
3 57 45
12 2 18
0 47 109
0 50 138
21 18 197
3 25 78
0 12 151
0 53 4
0 39 114
16 7 82
1 2 116
29 6 127
52 38 144
0 2 118
140 4 119
0 29 38
0 6 22
1 8 56
17 28 108
2 39 7
12 36 76
31 55 51
4 13 103
1 59 85
4 29 169
0 18 61
0 29 29
15 17 187
6 22 48
1 6 115
1 1 111
2 52 21
5 11 3
4 45 70
0 56 198
15 15 141
20 1 68
13 38 194
303 55 158
2 21 183
71 29 41
0 32 141
3 12 103
3 0 42
0 5 57
51 56 141
0 23 68
15 28 2
58 19 83
99 56 155
0 41 74
2 27 88
1 45 119
37 41 63
5 11 143
3 45 172
0 52 45
1 16 86
2 52 26
30 53 44
0 32 49
9 15 87
9 23 176
4 43 157
1 49 187
3 48 173
8 2 196
0 43 77
0 0 20
0 51 92
0 59 185
109 7 47
0 1 10
32 55 89
1 33 163
20 19 84
0 40 77
0 5 34
1 22 10
12 39 166
2 35 17
3 29 125
0 33 83
28 39 96
4 2 146
0 49 129
0 8 121
0 54 165
0 54 162
4 28 71
0 45 87
30 19 119
295 29 24
0 31 199
2 30 89
0 6 115
0 6 164
0 32 144
1 22 197
174 46 160
11 3 19
0 45 77
6 24 118
8 31 198
17 43 53
17 52 84
6 9 98
1 4 87
30 15 91
0 29 66
1 30 53
5 22 112
1 39 94
0 22 156
0 6 95
0 53 142
8 5 54
3 49 150
0 40 4
0 49 16
20 58 18
0 7 46
0 58 144
1 55 169
1 4 57
27 53 107
9 3 14
390 39 139
1 44 33
31 32 92
2 43 30
0 35 23
0 19 139
5 47 86
0 56 113
0 4 55
1 48 22
551 10 111
0 26 188
1 17 76
53 32 93
0 55 189
1 36 26
0 6 17
0 12 86
0 17 107
0 3 135
794 48 44
740 32 61
0 59 159
12 22 112
629 59 176
0 9 62
87 0 153
3 8 77
11 5 125
10 32 148
13 32 103
12 12 56
14 54 22
52 54 84
0 10 17
0 36 186
4 9 51
1 58 112
0 14 101
222 55 84
17 44 146
56 52 125
7 39 78
0 7 116
5 7 96
1 58 147
4 28 199
20 4 101
1 4 183
29 5 130
0 23 99
2 45 151
19 49 4
4 7 166
6 14 128
0 8 39
0 16 147
10 19 153
8 29 72
69 43 105
0 24 51
0 51 136
0 50 173
2 43 102
0 39 45
0 0 159
51 26 82
0 13 46
1 20 20
6 40 143
0 28 183
0 39 69
9 24 113
0 23 179
0 59 50
6 19 22
5 44 70
144 1 28
0 33 88
0 58 108
22 36 105
1 10 124
55 20 2
5 28 185
1 39 51
0 39 190
2 0 127
1 57 146
8 50 87
19 47 15
2 4 18
5 37 63
0 53 55
0 38 49
3 52 110
0 8 59
32 56 65
13 43 30
75 13 194
23 5 129
1 1 171
0 4 140
0 25 196
263 44 76
48 10 87
1 44 56
50 40 74
2 2 53
1 46 126
1 23 35
0 56 51
4 44 155
1 43 52
0 17 196
0 34 184
6 27 147
1 55 143
1 16 9
2 15 84
89 19 180
0 48 95
31 35 162
0 0 151
2 59 20
26 45 148
1 41 62
1 54 153
0 47 99
0 34 119
0 53 51
12 55 23
0 18 85
0 27 176
29 41 195
22 28 14
9 59 49
1 49 183
7 23 117
8 4 136
0 5 88
1 32 16
18 3 160
4 10 114
15 7 153
0 26 99
1 11 72
0 19 20
0 2 12
1 19 75
95 55 73
2 24 151
0 15 103
0 47 131
0 35 98
0 25 153
6 8 167
0 9 187
1 47 172
6 33 68
31 0 86
5 57 136
0 52 113
5 48 62
0 49 124
0 2 71
25 31 77
1 17 20
0 16 145
37 40 141
0 23 179
22 13 113
28 51 66
2 49 32
130 56 65
0 56 35
0 12 33
1 45 101
0 34 76
45 41 19
0 4 111
5 59 26
1 4 153
0 4 76
19 41 38
0 34 110
49 26 199
2 21 165
0 3 129
2 2 148
0 53 54
0 28 191
3 28 3
190 1 28
8 42 55
104 15 55
2 40 198
1 25 60
8 30 36
1 4 59
0 43 132
2 25 115
724 44 154
3 15 75
1 14 94
13 32 13
30 6 10
0 32 54
1 33 11
0 48 1
21 45 166
1 54 146
0 1 2
238 26 2
5 0 32
2 37 112
5 53 5
0 54 153
0 32 104
33 59 129
1 38 72
2 0 23
400 36 46
0 25 44
0 37 126
7 27 153
0 1 137
3 5 88
3 40 181
0 41 136
0 19 33
18 22 184
0 3 152
0 4 77
0 5 150
2 54 114
441 58 71
0 26 114
33 46 191
0 8 136
25 53 106
66 7 47
0 4 152
3 14 136
0 29 99
113 27 91
6 46 142
0 18 90
2 37 116
12 10 56
8 9 190
2 1 89
0 39 175
0 35 37
27 37 116
1 13 111
87 12 90
0 24 91
312 24 119
4 53 31
0 35 26
1 27 45
3 29 50
0 15 141
1 46 183
13 22 125
46 35 189
1 56 148
0 55 167
7 11 129
1 32 110
0 5 90
0 54 197
0 43 19
2 42 15
2 15 110
0 31 163
10 22 47
11 9 59
0 3 54
1 18 127
16 2 79
3 54 53
2 36 19
0 14 31
23 7 6
0 8 24
0 20 175
0 28 198
10 55 123
1 53 117
4 24 116
3 0 115
33 3 98
0 41 185
0 52 32
0 46 124
1 8 82
50 30 176
0 51 190
53 50 15
0 11 56
0 29 126
12 42 6
246 3 26
5 31 128
0 42 145
24 12 148
90 19 99
16 50 133
0 48 176
0 7 134
4 54 87
12 11 102
15 33 77
42 21 113
0 19 113
0 2 134
0 27 113
0 43 52
3 10 165
0 43 191
2 59 11
0 24 51
5 15 106
7 24 16
0 52 163
0 8 167
90 21 153
1 2 28
4 40 2
4 9 4
0 30 74
128 3 153
18 19 97
0 29 191
0 42 99
15 23 188
35 45 180
0 50 164
2 3 113
61 37 156
1 46 19
0 13 2
0 12 174
1 55 101
3 59 134
0 52 51
38 37 158
57 25 188
8 58 148
14 32 170
2 52 199
4 44 80
1 54 168
560 12 55
5 17 22
2 5 61
3 34 79
317 23 28
3 53 56
23 26 79
74 16 150
7 47 152
171 44 188
0 31 107
1 28 32
4 30 160
11 1 16
4 34 76
0 22 40
590 17 24
4 56 38
0 25 144
0 30 27
0 53 129
0 48 66
1 18 5
0 35 63
11 17 13
0 38 133
0 10 193
24 12 87
0 1 168
74 44 53
0 56 4
0 4 68
0 12 31
5 47 37
3 32 161
233 3 48
0 42 130
0 50 105
0 12 113
6 56 100
0 39 79
16 29 65
176 13 121
0 39 51
382 20 96
0 7 164
0 51 107
2 49 184
2 49 107
2 19 196
1 13 113
0 45 161
0 18 8
0 14 129
1 2 110
4 56 191
0 47 5
23 22 50
2 34 28
8 5 185
0 50 121
5 20 145
0 37 147
1 42 137
0 51 91
0 44 142
2 48 144
0 44 122
0 52 38
0 18 146
1 43 133
174 16 61
0 56 128
0 32 146
128 46 122
0 9 134
9 9 129
6 9 133
0 23 5
41 41 142
0 24 160
1 15 68
0 17 123
8 21 26
0 28 26
1 47 9
65 49 102
6 45 126
0 44 102
27 28 21
12 16 60
0 48 152
0 22 71
20 34 191
2 54 8
0 46 156
0 41 121
2 40 29
0 59 93
0 5 66
5 41 76
1 0 80
0 20 141
0 38 197
4 21 42
1 24 76
120 53 106
1 18 132
0 20 143
0 49 155
1 45 144
0 33 120
11 2 80
0 6 199
0 13 150
89 57 49
111 22 50
2 3 117
3 58 38
29 38 69
1 5 40
1 50 178
1 14 72
1 30 158
0 24 190
5 4 137
55 25 193
4 38 83
0 40 177
3 11 190
15 30 6
21 40 100
0 22 108
7 47 78
1 0 43
1 26 90
1 7 15
3 48 200
0 32 74
0 21 53
16 42 94
0 55 156
3 58 139
1 37 172
7 32 89
1 43 72
94 37 16
0 6 42
18 1 39
9 44 165
0 41 132
0 30 162
3 14 192
50 43 55
0 49 11
28 19 153
0 55 137
2 0 15
1 36 107
1 22 198
1 18 66
0 35 146
0 15 61
0 34 137
2 44 6
2 5 200
32 53 4
176 25 98
37 55 5
0 53 127
0 11 20
0 17 18
4 48 24
0 48 117
64 51 145
3 9 154
0 33 100
0 28 57
2 19 175
1 2 71
0 36 178
5 46 136
2 28 45
4 17 30
0 33 20
1 57 188
93 15 154
0 21 188
9 46 171
0 35 10
7 47 9
0 0 149
1 35 172
77 49 146
0 55 114
1 47 89
3 49 88
0 8 129
0 2 114
0 40 22
1 2 11
1 6 93
113 34 155
11 33 163
1 29 124
0 54 62
2 43 125
0 33 52
10 8 173
4 13 141
1 41 36
1 39 90
1 34 79
12 28 159
0 13 38
406 7 113
7 35 85
1 6 176
0 4 129
2 42 34
0 35 61
1 48 131
40 51 194
0 18 111
20 42 109
4 50 188
1 5 198
37 4 46
94 34 32
21 16 97
8 6 166
725 12 171
0 35 30
1 9 62
0 57 127
0 40 74
0 41 93
84 40 99
141 14 130
0 9 70
12 41 104
152 57 85
0 41 6
4 2 196
15 25 45
2 49 155
56 53 54
209 50 182
0 35 91
0 39 12
0 31 135
4 49 8
0 6 13
66 8 28
4 51 166
4 36 59
90 10 123
0 3 20
0 26 182
0 43 169
57 12 176
408 8 39
0 29 93
2 57 106
9 13 161
0 5 3
0 36 94
0 13 73
0 54 86
13 39 131
1 28 76
0 31 57
0 46 134
6 42 92
16 25 163
0 24 69
5 33 67
0 45 91
630 6 98
6 32 149
17 53 105
4 58 115
1 0 61
52 19 15
0 25 110
3 34 137
8 14 41
1 36 42
19 9 130
0 31 184
0 18 173
0 27 76
0 15 33
2 55 94
0 54 33
0 51 154
0 13 106
0 23 59
0 17 57
0 4 170
0 8 195
0 16 58
0 27 36
0 56 160
4 45 145
1 16 119
4 0 19
1 28 133
0 2 175
2 11 158
707 26 19
127 58 98
14 31 137
0 18 54
1 55 31
1 39 140
9 3 94
0 5 75
1 11 33
0 0 75
0 30 108
189 50 57
1 14 130
90 35 144
0 57 35
59 23 36
0 21 173
0 28 20
1 9 199
0 16 45
114 32 31
0 34 85
0 35 136
19 28 2
1 4 169
0 26 87
0 27 134
1 56 172
3 56 156
0 2 44
46 32 97
3 53 153
7 27 11
0 17 163
1 18 40
1 1 95
0 22 81
0 18 36
441 0 70
178 54 79
0 40 153
11 22 47
0 49 87
2 34 23
300 29 153
1 56 21
3 35 37
1 2 116
0 51 32
0 40 87
1 42 24
74 10 132
32 41 72
8 32 145
0 16 19
6 50 9
9 40 31
4 26 187
38 47 96
4 14 113
2 4 128
5 0 110
0 19 109
22 48 116
0 48 38
0 39 146
19 45 46
0 54 89
0 50 191
1 24 7
0 12 27
3 1 146
8 38 96
0 1 138
0 37 194
6 24 118
19 7 32
16 46 157
186 36 107
5 19 184
0 9 13
0 12 150
4 10 159
7 50 39
1 34 148
27 30 69
244 30 13
3 33 167
2 9 87
3 41 178
45 20 11
2 56 70
4 41 2
0 4 175
117 54 190
1 21 129
4 50 112
2 14 110
0 18 36
0 51 144
0 58 183
21 4 20
1 24 157
10 27 198
0 16 56
68 42 82
0 0 145
0 7 183
0 26 140
13 55 148
27 13 67
17 43 95
0 47 77
1 45 88
0 19 125
9 17 119
0 30 94
0 58 11
0 5 66
2 33 79
5 50 59
12 4 188
0 57 42
12 51 76
0 24 137
16 40 183
1 11 19
1 36 57
3 52 190
0 15 1
574 48 107
0 37 123
0 47 145
6 59 139
0 57 98
40 38 118
0 1 188
9 1 154
1 17 151
0 3 176
6 10 81
130 6 88
2 20 185
9 24 179
19 44 49
77 53 56
0 26 154
4 27 133
2 41 29
1 54 124
37 24 140
0 39 16
16 7 144
2 17 11
8 55 162
0 28 41
3 47 93
9 46 4
362 8 88
5 54 138
87 5 25
14 28 90
2 40 18
0 47 16
3 59 100
1 28 54
0 37 109
573 49 89
1 26 133
104 5 65
6 14 20
18 57 40
7 0 167
4 22 58
1 58 103
20 59 24
5 34 47
4 50 170
0 1 62
0 49 11
0 39 174
1 5 159
12 53 44
2 32 103
1 39 20
4 5 142
3 40 176
0 50 103
117 11 29
0 46 69
1 56 186
53 33 133
57 6 36
0 39 177
1 41 183
10 58 111
0 16 171
25 11 176
0 2 144
60 59 184
1 28 16
7 41 119
67 53 152
145 32 13
1 35 168
108 37 188
82 59 162
98 36 15
0 50 184
0 54 172
28 58 117
5 39 183
14 50 25
1 2 88
1 25 186
3 34 65
3 5 19
0 48 82
3 23 32
2 8 181
422 13 18
0 49 191
35 30 48
312 56 30
0 35 61
11 37 43
595 28 73
14 56 162
1 31 155
14 33 32
1 39 115
49 16 12
0 58 158
0 17 82
1 26 55
18 16 163
19 11 135
19 34 200
0 33 50
1 4 137
1 39 70
43 42 180
1 42 19
6 30 77
70 5 98
0 30 147
1 41 86
3 36 192
1 46 1
12 33 111
39 36 125
0 55 35
0 44 74
0 46 19
6 25 10
17 52 37
3 13 144
30 32 107
8 1 23
0 10 146
9 8 180
0 3 148
0 10 23
0 16 28
0 24 45
338 51 123
0 16 31
105 13 166
1 8 97
2 39 171
1 28 138
2 35 61
32 38 103
0 6 197
4 2 131
0 0 149
4 9 2
80 0 102
0 15 150
12 56 80
0 45 67
3 57 135
121 4 146
0 17 171
15 20 78
33 25 71
6 33 54
13 14 29
31 43 29
107 33 135
0 41 65
1 11 58
59 58 120
0 41 85
0 39 200
13 32 143
28 13 66
0 20 178
2 8 137
1 40 134
0 11 99
0 33 62
0 53 165
0 57 37
0 5 62
1 0 72
5 13 193
15 12 124
0 20 13
24 9 96
4 13 138
0 2 98
15 21 77
2 53 105
0 15 34
0 38 162
2 45 27
26 17 143
131 9 155
304 18 43
18 50 169
110 26 1
0 44 40
11 59 15
0 54 95
1 20 60
46 55 38
3 47 94
2 33 15
0 27 190
21 29 60
605 59 181
1 40 66
0 5 179
4 55 132
3 57 1
2 41 164
8 57 62
39 44 18
1 30 189
0 54 132
0 5 28
2 22 183
2 34 193
4 9 148
2 7 195
0 55 174
0 21 30
0 8 37
4 14 163
0 19 194
0 49 83
4 46 71
0 43 68
3 57 185
0 16 89
3 18 11
0 56 20
0 27 51
11 9 137
11 29 56
321 37 147
0 34 41
1 30 30
2 59 145
1 52 59
43 17 72
18 33 181
14 35 97
34 38 179
0 37 84
0 13 87
0 30 194
2 22 3
0 47 111
21 42 60
13 27 85
5 56 33
0 25 83
4 59 196
1 13 110
1 29 32
0 43 196
58 27 153
21 17 139
1 6 69
1 58 32
29 29 132
0 38 101
0 9 18
0 26 52
0 36 128
450 14 75
103 43 178
1 51 18
415 4 41
0 45 196
0 54 60
0 23 109
6 59 121
3 24 156
5 48 174
0 35 111
0 50 29
9 21 1
3 8 129
4 52 28
0 32 170
0 12 147
37 2 27
6 1 195
0 40 9
0 7 17
1 22 12
2 9 84
0 25 86
7 1 136
0 54 36
0 0 162
392 16 35
36 40 123
151 31 40
4 58 43
2 40 160
46 50 133
5 34 116
108 24 134
2 27 160
0 39 112
3 54 23
105 46 84
1 24 71
0 32 103
1 15 106
9 17 42
0 4 199
1 42 15
48 2 149
0 36 159
0 33 67
1 42 194
9 32 3
0 24 137
41 25 70
0 2 192
9 16 74
0 33 48
0 36 18
0 7 104
15 20 168
0 18 175
114 25 192
5 40 21
0 12 91
71 38 143
0 23 20
2 0 43
1 2 166
13 53 108
2 45 67
178 34 196
0 38 116
0 2 114
65 22 54
0 4 186
0 39 53
0 52 92
0 4 45
146 6 95
1 14 175
2 5 66
47 54 151
10 34 20
0 34 99
2 40 138
5 40 91
0 1 106
13 6 108
2 58 152
2 48 39
5 5 40
6 56 73
231 17 163
0 50 55
2 52 68
92 58 35
2 33 177
1 28 8
0 54 113
10 49 96
1 44 92
28 47 43
0 19 163
255 2 170
1 20 25
21 17 95
0 8 188
2 45 126
60 52 14
0 23 153
5 44 190
5 8 158
6 33 171
16 35 132
1 13 185
1 20 130
0 51 170
1 6 81
3 28 12
0 53 88
0 55 96
0 33 31
0 28 89
23 19 92
1 38 87
6 59 106
1 8 164
0 30 59
0 53 5
14 24 23
144 33 2
193 11 156
0 27 154
6 32 76
8 39 113
0 13 148
35 0 159
4 51 136
1 37 42
2 48 45
5 0 178
0 26 169
2 54 133
40 37 175
3 0 130
2 30 159
357 16 14
0 31 29
2 27 17
2 12 49
60 31 124
13 47 157
57 39 122
1 27 125
0 35 80
128 40 86
0 16 169
1 4 27
20 39 3
0 51 166
0 22 117
0 13 58
413 42 56
0 19 146
86 47 56
2 57 41
2 14 64
6 34 162
0 50 167
666 44 63
1 9 110
0 8 190
0 43 194
1 1 158
1 3 110
0 22 190
0 52 114
0 6 52
230 55 87
56 3 90
1 41 86
0 31 48
1 7 6
12 39 140
0 2 32
0 43 66
13 26 46
410 2 170
0 52 34
6 21 71
0 41 176
0 51 140
2 56 136
0 8 149
5 49 197
76 55 66
6 16 179
0 52 196
81 25 12
41 33 7
0 43 101
2 55 21
14 29 106
0 37 120
1 6 182
185 16 174
1 52 95
3 50 178
0 43 109
255 24 87
0 50 44
4 57 10
0 28 124
1 10 194
1 21 182
0 12 85
13 56 198
0 57 27
0 21 22
1 30 184
1 6 60
10 16 57
286 13 91
3 19 187
110 50 70
17 26 147
0 48 38
6 10 147
4 7 72
15 21 111
56 13 115
7 5 16
5 22 164
0 28 65
3 0 109
14 57 80
0 53 164
0 17 80
0 25 177
1 43 146
2 50 166
1 35 18
16 26 56
0 52 76
6 15 89
0 29 68
2 25 60
5 1 2
0 13 43
0 14 4
2 20 55
2 43 200
105 53 11
2 37 32
28 14 196
7 40 138
66 39 177
1 45 42
1 36 64
1 15 186
12 43 175
0 8 19
0 21 188
22 30 110
2 28 29
0 6 50
2 6 168
1 50 86
68 4 127
0 31 139
28 33 182
0 21 124
0 40 6
0 46 17
9 6 40
1 40 131
0 38 61
5 44 45
2 6 68
0 50 138
2 28 199
1 34 80
109 22 60
6 27 12
0 8 142
1 18 108
1 25 35
5 9 3
3 34 168
0 49 107
0 18 175
0 14 90
1 0 126
8 10 186
0 24 78
0 27 18
1 9 12
0 6 114
13 34 39
39 5 82
1 15 123
2 8 6
39 43 118
12 2 72
0 47 61
252 12 177
4 24 119
20 43 118
21 58 92
0 9 183
253 24 30
50 17 72
18 54 176
301 35 40
0 26 33
1 29 88
33 54 114
5 3 158
10 44 35
3 29 95
0 23 70
28 27 52
0 8 19
5 14 76
175 26 199
6 54 92
0 52 196
0 56 82
2 16 110
0 50 96
1 45 147
0 22 14
1 6 189
348 33 123
1 58 139
1 14 46
2 13 156
130 41 108
5 29 101
67 8 4
7 4 56
40 32 20
3 26 101
3 59 22
0 22 90
776 21 18
1 38 62
0 13 112
0 11 150
0 53 17
2 42 200
0 27 7
534 39 199
0 25 119
1 18 180
0 34 61
5 8 3
40 56 130
7 12 177
6 44 178
8 57 87
4 12 25
7 25 69
75 13 35
0 41 72
12 5 166
1 16 71
17 20 23
5 10 116
70 12 24
32 30 108
0 25 173
1 54 51
776 9 108
1 20 193
0 14 74
0 5 48
1 13 200
1 28 147
6 45 119
0 26 51
79 30 133
99 39 139
1 16 120
8 32 141
3 46 24
0 31 68
63 6 104
158 46 87
0 21 1
6 56 29
19 42 129
9 38 37
0 43 90
33 49 94
167 11 72
1 50 43
9 58 36
0 4 63
15 2 118
0 7 30
12 7 137
0 3 168
10 43 40
4 37 63
0 36 173
0 24 2
15 2 28
0 5 98
3 7 35
1 28 58
4 59 146
1 3 3
1 36 155
24 33 27
17 28 164
202 58 171
0 23 1
0 49 186
22 43 3
0 42 55
625 19 15
3 0 178
0 9 13
0 4 65
16 46 27
0 7 14
0 42 41
0 26 6
0 29 14
19 11 179
46 20 130
3 24 60
0 44 192
4 3 25
1 18 13
3 11 66
0 1 177
1 51 193
0 20 15
0 24 56
0 17 193
1 39 66
3 33 52
19 50 121
43 0 38
0 10 132
0 49 77
81 58 62
0 28 104
8 28 56
681 17 122
3 41 89
1 4 44
0 47 125
40 0 189
10 8 152
47 48 60
0 25 87
15 39 87
1 17 70
0 51 27
0 51 106
3 44 170
597 40 168
13 49 3
20 40 100
1 5 113
0 16 90
110 21 193
0 26 90
53 7 55
31 9 53
0 3 86
0 2 12
3 0 127
0 26 104
2 12 177
0 23 74
0 34 175
2 46 125
123 6 126
0 21 73
1 38 119
62 44 20
0 30 172
0 52 27
40 47 39
0 9 49
0 41 137
0 3 4
0 3 185
0 17 15
0 28 65
106 9 120
5 22 14
40 57 4
56 47 24
4 32 67
4 5 87
3 12 179
104 23 199
2 51 120
100 39 91
0 13 71
9 30 25
60 26 111
57 11 59
0 32 164
11 32 89
11 59 145
1 30 34
50 7 63
1 2 52
4 5 134
6 38 150
11 42 47
0 2 141
3 59 160
0 24 171
2 7 9
0 59 55
1 18 166
0 57 154
4 43 170
3 40 114
1 40 21
1 4 106
17 47 59
0 32 158
69 10 154
277 52 162
429 57 96
79 29 42
12 30 146
7 50 119
0 13 87
8 48 6
175 7 120
2 36 5
0 40 144
48 25 64
610 38 15
2 58 179
0 18 26
0 48 126
17 54 105
1 10 79
33 53 135
2 35 137
2 45 159
7 30 169
20 55 187
9 17 105
2 47 100
6 40 197
3 8 58
66 4 122
0 14 161
0 1 139
0 24 119
0 53 182
0 21 87
0 11 146
4 28 177
109 48 137
0 55 61
6 37 174
11 5 88
11 17 38
23 5 195
111 50 113
2 21 132
9 48 4
9 27 145
1 16 17
7 35 109
1 14 73
35 31 15
2 50 30
0 54 152
2 27 125
144 59 71
1 24 142
0 58 37
0 9 37
13 39 166
1 20 43
27 49 181
172 57 14
6 35 147
0 27 27
6 12 86
0 55 197
2 10 6
17 1 103
5 49 165
2 36 144
5 8 81
0 25 28
20 50 168
1 13 130
1 15 142
0 21 172
0 58 45
13 41 28
15 3 153
387 40 162
2 4 165
25 6 80
2 6 81
1 0 195
0 30 198
0 18 123
100 9 77
56 41 13
0 43 93
1 23 191
2 44 98
0 0 79
0 6 26
4 10 37
1 25 17
32 50 32
50 17 155
41 34 173
795 57 110
0 26 153
0 20 55
0 30 35
3 51 44
0 20 160
1 11 78
22 45 62
47 32 106
42 2 52
0 9 58
10 29 24
10 16 97
2 28 158
0 25 124
1 46 163
0 8 148
0 26 3
1 54 15
0 43 6
8 27 35
10 4 7
0 42 145
42 50 78
0 33 11
2 48 187
5 35 149
0 51 139
0 56 33
0 26 60
0 48 26
8 34 155
0 36 69
11 10 34
111 0 150
0 10 57
10 32 150
442 32 69
0 5 19
0 47 175
11 50 197
0 5 151
0 49 160
11 24 85
5 20 96
14 26 113
0 5 173
13 3 12
170 1 35
3 51 159
0 28 25
6 50 110
1 10 75
2 51 41
4 34 130
9 50 120
0 19 83
1 0 182
24 44 29
43 17 182
2 30 196
0 56 48
0 26 138
2 45 171
176 36 64
256 44 113
0 11 159
3 3 197
25 12 134
28 37 198
1 33 22
1 28 58
63 28 17
2 49 145
1 25 145
2 2 94
0 53 14
0 9 200
0 22 104
2 33 107
17 26 16
0 5 199
0 11 4
417 47 106
16 12 118
1 49 149
12 49 161
253 0 127
0 16 45
6 19 168
0 55 86
180 17 68
3 19 159
7 57 162
21 43 132
0 28 161
0 36 1
3 49 142
0 27 80
56 23 150
43 59 38
1 6 36
57 28 72
50 59 67
0 11 42
0 47 163
19 17 139
25 56 168
0 30 59
2 27 72
3 57 96
108 1 136
0 12 27
0 38 155
34 57 169
6 18 95
0 56 170
2 30 148
0 41 179
22 56 26
0 20 101
1 29 66
0 53 80
1 58 158
0 52 66
0 32 171
1 21 176
0 9 5
0 27 71
1 14 48
39 37 141
138 36 163
0 49 110
1 42 54
5 24 15
0 1 51
0 49 41
0 56 191
0 49 25
0 33 95
1 48 65
0 22 11
0 6 50
0 9 128
1 12 24
41 53 152
3 44 199
0 57 6
1 29 91
1 58 125
1 22 85
540 50 91
0 32 9
1 46 179
0 31 34
10 28 14
0 12 73
4 14 168
7 9 171
0 1 147
0 34 105
0 38 161
0 54 50
0 52 69
18 6 102
177 32 96
2 42 22
0 51 129
1 39 147
21 2 110
92 10 139
1 31 142
0 46 44
10 54 154
0 24 30
39 9 155
1 54 107
1 37 182
1 51 70
0 22 114
0 34 34
2 49 68
177 22 144
0 15 137
0 46 180
155 58 90
5 41 173
40 51 114
1 18 89
0 0 103
0 5 114
3 50 25
9 24 70
0 55 183
0 57 122
0 16 121
60 47 168
1 44 12
3 50 57
3 33 126
3 20 32
0 9 169
163 36 97
0 56 51
12 45 62
2 40 112
0 13 152
1 4 59
365 31 57
1 53 54
5 39 145
2 24 137
290 49 173
0 7 143
4 28 166
3 6 175
1 5 23
5 33 84
0 32 153
0 2 186
1 31 164
2 9 22
0 0 173
0 0 1
61 27 22
11 38 117
2 58 97
651 24 192
10 50 193
0 6 11
0 0 9
4 20 62
41 26 104
9 37 47
4 24 185
0 38 82
454 13 182
0 58 161
2 47 94
0 50 33
21 19 192
0 35 166
0 57 147
1 6 196
1 22 174
0 14 173
1 50 60
1 25 6
4 39 114
4 56 48
75 12 132
4 29 129
14 52 6
0 54 138
7 54 19
7 0 114
207 18 133
5 17 141
0 6 185
0 25 4
2 30 1
0 13 91
43 51 89
16 0 190
68 12 107
82 54 144
0 26 52
0 38 164
0 5 121
16 45 9
1 38 126
10 24 108
0 58 143
38 9 30
1 53 88
14 20 107
0 27 132
3 4 18
4 30 106
255 43 198
0 13 162
3 12 57
0 19 40
0 49 168
82 47 15
7 44 33
44 35 64
3 3 145
4 23 89
3 49 22
0 41 88
6 34 111
3 37 22
0 32 45
57 27 63
0 22 20
0 53 41
0 52 83
0 26 19
0 26 163
153 46 14
6 22 140
11 38 153
0 24 174
1 35 154
0 37 64
22 1 61
0 6 113
0 42 109
7 52 181
4 51 163
1 22 108
6 16 191
2 45 47
0 43 172
186 26 40
2 21 75
1 29 194
1 47 37
1 22 194
0 39 27
2 53 129
8 34 124
1 46 3
0 24 24
1 55 122
1 26 94
1 32 47
1 54 163
3 53 137
1 34 200
0 57 7
0 54 81
1 25 85
4 2 133
1 54 82
1 47 197
25 39 72
3 36 125
5 43 128
0 31 91
133 25 69
1 13 192
48 40 195
184 44 175
0 53 86
5 31 85
3 33 143
0 33 186
0 13 21
8 53 50
9 51 161
2 54 115
1 34 10
6 46 90
563 23 183
18 54 123
0 13 102
27 35 94
0 6 195
4 59 184
0 19 188
0 32 88
1 39 82
21 21 171
0 3 174
0 43 158
61 0 20
66 31 131
1 34 173
0 41 80
28 33 104
0 50 193
0 44 2
6 41 34
0 34 1
51 13 192
1 45 28
2 45 99
156 10 133
294 9 186
477 45 4
528 0 128
2 24 141
2 5 80
0 56 159
27 59 69
1 48 74
45 10 69
0 49 96
0 14 86
3 18 139
1 21 64
18 16 136
2 0 199
2 30 132
8 9 130
0 57 116
22 26 77
35 32 66
1 17 2
137 49 165
0 22 16
0 22 111
0 45 128
0 24 104
2 12 90
0 28 112
33 32 121
2 53 53
0 53 108
0 12 51
0 14 133
13 6 32
28 5 135
0 24 129
0 39 139
0 4 140
1 16 146
7 30 3
5 41 162
0 56 7
0 37 127
5 36 195
1 27 134
42 50 86
4 29 21
14 42 73
10 48 129
0 45 140
0 54 137
627 34 170
205 44 33
61 42 133
14 22 150
3 17 140
0 15 156
4 5 166
0 19 146
2 10 36
1 38 119
2 57 7
25 9 25
5 21 9
0 56 104
0 35 200
3 29 10
234 55 15
0 23 184
1 43 19
0 43 90
0 37 104
0 32 59
9 50 106
0 14 169
0 45 29
3 1 112
1 38 4
0 23 196
0 9 153
2 10 61
0 54 122
22 17 172
1 17 195
0 0 25
13 4 124
19 31 117
3 26 164
0 25 64
1 48 123
0 9 97
3 40 40
12 21 42
38 25 116
0 52 187
21 8 35
0 1 93
3 36 178
3 30 188
0 26 122
35 7 197
9 16 163
1 39 92
3 53 70
0 0 35
2 19 91
2 29 13
134 22 117
0 38 92
4 26 156
2 57 133
3 29 124
4 34 104
0 15 35
7 4 84
0 6 168
1 20 69
4 9 113
4 47 2
0 30 32
253 48 22
0 9 104
3 57 100
0 16 22
0 8 124
0 21 158
106 15 87
0 51 59
18 20 21
12 54 107
4 12 87
2 35 81
0 53 7
0 52 56
11 59 41
2 31 101
15 49 124
1 15 75
86 5 155
452 11 199
29 34 18
0 3 94
0 52 24
0 27 135
0 11 23
1 44 103
0 54 182
4 28 72
2 33 84
0 24 36
0 6 141
6 7 145
0 36 66
1 24 28
20 33 58
39 56 166
8 59 96
12 23 35
356 30 175
734 35 112
323 40 156
1 29 21
25 16 129
20 47 113
2 38 186
339 27 164
1 43 96
0 1 39
43 28 190
1 33 3
1 31 16
42 15 150
275 27 45
74 13 89
3 45 198
2 3 63
0 44 110
0 56 128
10 3 130
41 47 171
1 23 74
0 41 177
14 45 47
54 56 53
0 54 47
8 17 120
0 7 64
8 18 77
1 27 113
364 48 93
0 15 17
1 3 60
1 10 75
0 11 160
0 29 57
0 7 48
0 13 152
1 2 30
0 46 143
1 18 24
0 38 49
1 23 73
0 53 29
0 11 128
0 17 135
1 44 14
1 36 184
0 9 98
92 5 21
0 43 26
71 0 145
6 42 170
3 18 136
4 59 34
1 42 152
0 1 132
2 8 190
4 42 81
0 53 127
98 28 200
39 45 58
8 17 198
0 25 13
0 16 112
1 54 115
6 59 1
1 37 190
680 26 160
2 13 135
22 46 64
32 7 176
1 37 96
0 57 87
1 18 89
8 35 49
0 46 53
69 54 45
9 11 147
53 50 21
2 38 66
9 55 121
0 55 100
586 36 46
0 31 113
41 38 152
15 52 187
3 4 149
1 19 195
10 3 150
325 0 109
4 41 199
91 16 147
5 19 199
16 23 193
3 24 78
3 5 72
24 37 138
3 47 94
30 2 130
0 42 111
2 56 145
0 28 61
3 56 31
4 53 17
25 8 80
161 0 70
0 42 36
0 43 141
271 19 27
3 17 55
4 25 124
0 37 11
0 4 122
1 11 8
0 18 154
0 8 100
65 3 26
516 32 25
1 3 112
52 49 138
1 16 8
556 7 5
6 32 127
9 35 70
0 38 16
4 9 112
14 53 115
0 44 70
181 2 51
92 41 60
0 27 150
96 36 93
0 51 74
109 16 76
0 21 66
332 28 126
1 23 121
0 26 58
30 18 24
1 54 93
4 57 106
1 40 177
0 17 129
2 46 192
4 0 111
22 49 23
7 7 124
0 53 57
9 45 105
4 44 130
4 44 111
1 23 162
0 44 176
0 49 7
0 16 41
3 50 66
12 11 66
3 37 15
2 29 40
0 22 34
21 18 138
3 50 172
0 38 175
38 22 67
1 16 101
0 9 196
2 48 93
0 47 127
0 4 69
0 2 55
2 26 20
3 49 30
1 15 157
2 32 176
0 30 84
0 14 5
49 1 30
0 30 109
1 43 11
40 28 96
0 9 141
7 24 47
0 10 134
2 47 83
0 14 81
1 58 107
0 59 92
3 45 19
0 35 156
1 17 71
1 14 91
4 1 30
147 41 32
1 52 152
1 41 8
4 19 154
1 41 61
0 50 2
0 30 175
0 46 130
0 37 145
0 36 177
0 40 163
5 0 7
0 29 155
4 41 115
0 48 121
0 10 7
0 51 74
110 45 70
0 5 190
1 23 137
18 59 149
5 37 178
1 58 80
0 54 144
7 30 90
69 17 27
1 47 165
4 13 200
3 52 151
1 45 116
1 36 60
12 21 113
0 16 185
92 58 77
1 14 42
3 36 138
3 46 72
0 53 46
74 16 6
192 38 92
1 34 153
6 42 181
0 19 193
4 13 98
1 9 120
4 2 114
0 18 156
18 29 5
74 35 181
12 49 59
0 14 41
0 11 67
9 32 74
0 7 67
430 56 67
0 25 58
57 31 128
0 8 38
0 13 151
0 0 127
1 10 155
30 23 112
3 41 87
0 48 96
113 26 83
0 47 30
0 15 36
1 58 24
0 21 111
1 42 38
0 8 198
5 39 24
493 20 105
0 5 149
4 8 95
54 48 103
76 53 138
5 11 132
0 52 22
6 55 113
0 11 175
6 1 141
0 57 35
3 49 58
7 14 178
315 35 47
0 37 33
1 36 171
3 29 88
32 14 166
3 4 127
91 6 133
571 31 80
0 5 153
18 0 191
0 39 196
3 19 98
1 14 17
2 51 80
27 16 98
0 44 64
528 24 4
13 22 34
0 19 141
61 19 143
0 24 28
5 49 104
2 36 105
640 46 164
63 5 74
0 13 182
4 55 71
1 2 131
12 5 131
2 3 16
0 5 113
2 48 159
3 40 186
10 49 40
26 44 194
0 0 54
2 45 175
4 7 79
453 13 51
5 57 189
1 54 154
0 4 59
0 19 47
7 38 103
133 41 176
4 22 33
2 52 178
14 54 101
364 12 6
1 8 142
0 35 70
35 43 165
15 53 141
0 52 97
8 31 92
39 57 90
96 1 181
0 38 165
74 33 113
6 12 76
8 15 122
107 28 162
17 39 32
0 37 102
165 4 200
0 26 103
3 42 92
11 8 85
0 27 192
0 42 67
6 5 26
1 12 161
0 4 131
3 13 61
0 32 13
0 45 64
89 15 38
20 12 101
439 0 89
2 2 98
0 46 115
54 51 197
447 59 50
1 39 87
9 17 59
1 54 92
0 50 162
24 53 74
0 3 93
1 15 193
157 42 75
8 28 179
0 14 165
2 47 19
2 50 36
0 38 102
0 53 45
62 12 188
141 36 90
1 2 38
0 2 50
2 59 66
0 41 9
3 9 108
0 32 44
0 13 95
2 27 186
0 52 65
0 6 145
1 29 42
1 9 75
56 55 77
0 2 63
6 18 117
133 1 180
4 1 14
16 57 21
1 24 121
9 35 140
0 59 94
79 10 8
0 51 131
17 54 10
1 27 176
1 35 151
28 7 198
22 42 98
0 41 57
0 56 81
5 54 104
74 39 142
9 11 98
0 48 101
0 13 109
0 20 69
0 36 15
129 22 91
0 58 144
1 56 63
42 2 23
4 7 158
2 12 154
0 19 75
1 8 36
0 59 173
10 23 149
41 37 109
1 16 99
0 21 151
0 48 109
2 28 118
1 43 155
34 29 8
1 8 129
1 38 15
0 43 118
0 55 68
1 34 80
1 30 193
4 20 137
74 22 88
0 47 169
7 19 71
2 35 102
13 7 60
559 23 111
0 54 19
706 38 42
0 5 41
0 24 199
421 14 11
71 27 59
163 27 147
16 41 58
42 33 189
37 4 71
0 26 80
6 12 192
0 48 57
3 29 156
10 38 35
1 53 12
0 58 83
14 30 131
0 22 76
2 30 111
0 41 174
0 45 35
258 30 92
0 49 199
0 4 10
278 12 91
2 43 114
1 6 166
0 56 177
0 27 134
1 57 64
0 52 48
0 12 151
4 54 134
2 25 4
1 22 83
0 48 31
0 17 53
96 40 153
2 53 25
2 37 135
2 8 58
1 38 7
3 12 15
12 39 106
0 40 75
0 0 130
10 24 73
0 38 10
14 18 2
5 4 34
2 57 85
10 33 88
24 29 180
0 18 56
0 11 121
3 18 105
1 43 195
2 18 40
1 17 81
0 17 131
62 56 147
25 18 169
0 44 69
1 14 196
0 23 132
0 34 145
0 2 106
34 31 128
0 21 184
0 56 200
2 0 28
4 4 134
0 46 52
0 5 123
0 53 53
39 27 177
92 16 103
17 53 125
0 56 135
0 50 125
3 55 22
14 44 118
0 52 51
0 28 131
2 22 30
3 10 175
0 22 69
0 12 125
0 12 101
0 57 126
4 51 46
14 9 88
0 2 178
8 7 27
4 55 19
2 39 156
0 18 80
13 40 184
95 54 98
9 17 25
4 50 71
14 57 102
49 17 142
44 1 107
88 59 78
352 29 169
107 1 39
1 8 143
16 24 197
14 27 142
0 40 158
217 36 57
13 17 59
0 54 74
63 8 5
6 1 138
2 20 130
2 0 50
1 19 161
6 33 109
1 17 187
0 21 200
0 4 138
4 2 76
0 30 10
2 43 96
11 6 34
8 36 55
2 1 110
7 36 59
17 39 10
0 11 76
0 4 58
1 4 24
178 49 29
0 35 36
8 54 56
10 27 126
0 32 14
4 30 47
0 27 178
54 24 171
1 11 67
14 33 34
55 58 106
0 44 73
3 30 110
5 51 32
0 52 94
7 50 71
47 32 92
2 19 27
7 52 103
0 41 37
2 52 120
0 44 115
1 6 62
0 24 149
174 52 12
0 21 9
1 48 60
0 37 103
0 11 105
2 18 122
2 57 88
3 43 73
2 53 120
0 40 187
11 24 171
0 4 179
7 12 136
0 37 127
52 56 80
15 4 27
0 59 127
26 38 53
1 22 150
0 54 125
2 58 131
20 0 185
249 58 31
0 31 92
1 21 46
3 58 161
10 33 67
1 25 191
8 49 168
113 55 4
742 15 70
4 7 90
0 27 33
1 7 144
0 48 72
2 37 196
0 54 183
57 0 63
618 48 146
1 53 187
47 23 132
0 34 156
1 10 16
41 22 167
4 33 150
7 35 185
1 57 67
11 50 130
0 22 92
0 5 124
1 9 68
0 25 41
2 26 17
2 7 46
3 17 80
5 9 5
3 18 167
2 43 85
0 18 13
3 6 90
0 35 106
5 35 62
3 49 74
6 56 178
5 55 110
0 12 197
27 4 17
2 16 170
4 17 80
0 47 14
4 43 61
0 28 87
414 26 58
0 44 74
221 50 109
0 55 182
2 1 128
0 5 104
0 45 128
118 28 131
1 35 54
6 38 135
0 16 157
0 14 83
1 58 112
2 44 192
0 53 23
3 19 51
0 58 53
0 13 186
14 10 163
0 44 34
0 8 174
1 34 111
0 18 32
5 49 142
3 11 65
67 34 71
2 56 18
0 10 117
0 6 31
2 0 84
0 31 15
3 47 52
0 37 132
3 55 9
2 5 142
1 4 83
0 6 168
4 42 88
1 54 172
2 50 147
0 37 182
11 14 184
3 52 8
122 9 26
27 36 83
1 48 142
0 16 18
0 46 149
2 58 8
0 0 191
2 15 177
35 54 7
1 24 4
4 12 137
0 56 103
3 36 24
215 47 52
138 20 159
0 45 190
2 23 73
14 22 111
0 53 87
0 25 31
0 19 43
27 10 176
26 32 131
0 50 194
8 40 1
316 49 161
0 0 157
0 14 166
0 5 43
0 48 157
5 5 49
0 3 16
0 46 128
4 11 146
234 46 42
0 36 55
0 22 176
0 13 37
6 19 177
4 5 112
0 33 48
0 44 137
0 5 29
10 46 112
2 52 117
55 13 65
0 25 174
0 19 79
3 53 66
7 33 52
0 58 3
0 43 198
32 30 6
0 32 179
0 58 60
751 10 103
21 10 122
473 39 178
2 33 88
0 28 6
0 31 195
0 14 115
0 19 98
9 50 141
114 36 33
3 55 61
30 3 130
0 16 139
0 37 173
7 52 51
0 3 112
0 46 189
0 0 61
0 24 195
13 26 14
0 35 190
1 39 147
0 37 131
12 27 80
21 4 36
38 27 20
33 13 19
0 0 52
10 27 54
7 8 91
0 43 165
0 39 176
105 53 53
98 20 53
0 24 168
0 4 94
0 6 89
13 2 158
0 38 25
0 37 59
1 27 123
1 37 123
1 54 93
0 32 176
1 45 120
0 44 35
0 26 80
2 50 121
4 0 71
12 29 99
64 21 34
2 27 130
1 3 142
464 29 16
0 19 128
0 4 3
23 34 142
3 21 128
3 23 6
228 25 191
0 8 30
1 22 200
1 3 9
339 19 53
4 6 133
145 10 53
8 27 32
1 50 28
0 37 57
59 53 200
3 54 152
0 18 167
702 55 87
263 31 180
0 34 174
0 30 111
3 20 112
1 15 100
1 20 21
68 26 69
4 13 178
3 53 137
40 12 140
0 46 103
6 6 1
1 8 85
0 41 163
0 18 142
36 42 181
0 43 53
0 34 78
1 23 24
4 31 90
11 7 125
12 12 31
0 42 144
1 28 73
0 34 64
28 28 52
60 41 112
9 10 18
40 25 84
9 6 82
1 27 151
63 16 11
0 0 44
0 6 145
365 3 141
9 10 146
0 52 77
2 18 101
0 54 154
716 28 6
3 59 78
1 58 87
0 59 141
1 0 193
1 34 7
0 44 151
0 21 17
1 31 137
1 54 118
7 16 176
0 6 188
0 48 49
0 40 148
13 41 147
8 7 122
1 22 94
133 5 144
22 50 27
95 36 170
8 27 91
28 8 57
0 15 158
0 9 156
4 51 128
43 48 43
21 41 200
7 51 77
2 33 15
0 56 92
1 37 11
0 57 66
0 11 177
1 6 22
60 43 43
0 11 26
0 45 94
127 44 97
69 17 39
4 18 196
124 15 65
0 8 32
617 48 26
1 59 58
86 4 25
11 40 86
82 9 55
4 40 94
2 52 50
0 51 66
2 18 84
0 54 180
12 44 73
0 12 93
2 31 127
28 36 175
0 14 80
362 12 184
0 43 86
14 25 63
1 40 172
0 51 79
16 5 50
1 5 174
0 26 146
11 18 80
158 2 133
0 39 186
9 11 79
0 6 157
10 3 89
0 7 53
0 33 2
24 48 51
18 16 41
6 55 187
0 59 149
0 26 69
1 10 117
0 3 18
510 52 97
312 25 94
1 13 34
3 45 87
0 39 166
0 41 55
0 5 147
8 12 52
2 5 9
153 44 165
0 44 169
4 33 196
34 10 73
2 0 127
3 54 122
1 42 175
0 25 5
0 16 176
1 13 126
0 3 153
0 43 78
26 15 197
0 38 108
0 17 142
0 13 188
1 56 52
1 22 58
1 34 109
2 33 142
2 56 148
0 30 21
0 15 74
0 42 85
333 35 196
1 8 178
0 49 85
0 34 53
0 59 96
4 27 75
0 48 110
236 37 58
187 20 147
2 53 183
0 3 47
1 5 135
1 44 115
18 54 132
4 42 107
0 52 104
0 42 21
1 40 11
0 48 139
69 31 123
0 9 1
4 6 102
0 18 64
0 58 178
0 48 194
1 53 116
0 37 44
1 31 8
3 43 188
28 56 93
83 9 15
2 15 2
12 5 134
181 40 124
0 47 100
1 55 146
36 17 191
66 39 50
0 35 4
8 39 191
1 24 191
67 25 28
0 7 119
0 21 186
27 28 105
0 45 17
1 44 189
12 47 157
1 28 87
13 59 149
1 14 9
0 53 117
0 59 102
0 34 35
2 10 131
0 24 153
0 7 103
0 37 143
119 14 129
2 16 121
49 9 21
67 23 194
3 42 183
2 39 23
3 39 169
0 43 97
0 20 172
30 45 2
1 54 156
4 32 17
0 51 114
1 34 87
31 38 33
0 34 105
19 2 19
54 56 186
117 23 50
0 36 139
0 54 112
3 2 76
0 42 82
4 51 8
189 4 117
9 40 28
76 48 196
23 9 108
6 48 131
0 4 17
7 49 75
0 20 123
6 11 22
1 57 60
0 46 38
0 45 10
0 23 13
7 6 100
16 5 42
47 37 23
74 22 139
8 47 153
2 59 144
2 47 34
14 31 24
4 3 69
1 17 155
1 0 77
0 39 176
0 20 149
2 48 108
187 10 77
0 59 29
2 13 68
7 48 121
1 9 119
0 31 154
2 32 78
22 45 26
0 26 38
3 44 180
534 40 151
1 32 106
0 52 85
1 10 152
190 35 105
114 40 130
416 50 70
1 1 104
0 14 80
15 34 11
2 24 139
0 37 166
2 33 161
1 19 32
6 57 19
2 27 52
47 30 85
0 48 128
10 50 75
0 29 189
10 40 77
50 28 94
0 58 64
0 6 97
35 47 5
0 5 130
0 45 36
0 7 161
5 25 152
0 18 58
25 24 17
63 27 96
21 54 165
1 17 51
0 50 88
1 11 191
11 58 165
5 17 47
1 34 51
6 35 43
0 45 158
2 59 15
129 13 63
0 24 70
0 43 97
0 35 164
47 42 44
203 37 32
0 50 185
0 53 128
54 39 58
0 27 140
1 9 94
0 53 85
1 4 62
1 26 105
2 35 129
2 4 187
80 48 99
24 49 18
0 20 11
5 6 134
2 38 153
0 2 190
9 24 63
92 3 102
0 45 101
0 30 61
2 52 43
0 49 25
0 55 174
0 10 173
2 15 190
199 45 114
0 53 180
1 43 163
4 42 121
0 20 134
1 52 111
33 1 143
12 10 5
0 0 47
47 49 187
0 36 118
12 52 49
1 28 120
0 55 56
37 31 169
3 3 7
2 12 151
0 56 44
0 39 77
0 2 84
4 36 42
0 0 118
5 58 161
18 50 81
16 23 51
18 6 22
0 28 95
0 49 4
0 34 120
0 1 142
1 56 200
40 33 138
30 15 15
156 15 21
40 30 177
0 4 180
0 8 103
4 37 26
0 9 198
1 34 125
2 15 81
0 26 198
0 41 151
1 0 10
1 33 124
2 46 44
0 25 142
8 55 52
2 47 67
43 49 52
3 53 76
0 25 157
0 18 51
0 58 119
83 53 187
559 57 36
33 32 10
0 37 84
5 9 45
23 14 132
127 14 77
0 36 147
23 12 108
3 41 71
351 0 76
104 30 184
0 4 35
1 38 182
7 7 141
5 40 16
3 43 2
257 55 4
1 39 39
0 59 102
82 19 55
562 44 116
14 28 192
0 37 66
1 4 165
2 26 181
283 38 56
0 50 161
435 5 5
1 31 112
584 12 51
6 42 181
4 41 149
27 23 163
43 38 116
0 14 16
0 28 180
0 27 58
2 56 38
1 33 185
0 19 181
510 16 192
12 17 126
1 29 111
20 10 157
5 49 161
162 23 172
38 2 129
0 24 165
57 26 108
0 46 68
1 26 130
2 31 178
40 30 128
25 51 161
3 23 162
1 20 44
0 24 143
0 8 82
0 7 48
2 29 53
14 14 38
0 10 129
1 27 49
6 50 136
22 56 19
58 13 15
2 59 154
0 10 161
0 32 177
491 23 51
1 7 104
429 5 25
332 18 71
225 2 63
0 32 59
21 12 69
29 8 78
24 58 91
508 56 24
0 4 30
3 31 105
0 8 11
0 23 5
0 50 130
5 20 186
1 32 148
203 52 150
0 5 121
159 47 48
0 42 141
1 21 146
3 8 161
18 33 86
1 35 126
6 59 17
779 2 102
0 21 143
10 38 96
0 17 82
57 31 48
17 30 151
164 0 65
0 20 168
8 38 161
0 31 11
0 9 164
77 41 51
0 18 37
0 38 112
0 14 60
2 30 71
27 19 88
1 59 136
8 34 131
1 21 7
0 13 15
5 48 132
0 5 140
2 58 98
2 3 69
320 44 175
386 29 48
0 18 106
1 1 32
22 11 155
0 58 135
0 14 172
9 36 2
0 0 167
6 29 66
47 45 52
2 31 181
0 39 181
2 23 99
4 25 70
1 15 168
25 31 185
0 7 69
46 40 196
18 28 69
0 16 110
12 28 186
2 33 77
0 29 193
0 21 135
0 30 126
0 21 149
2 40 179
3 31 122
0 32 17
4 54 169
1 54 164
0 39 120
2 2 139
77 17 106
96 53 195
12 30 113
3 48 147
16 51 35
0 7 16
3 59 72
0 39 171
2 14 77
2 57 150
22 37 123
14 33 47
707 23 62
0 9 194
0 22 104
36 17 80
1 5 178
0 24 143
438 35 173
1 52 130
5 31 118
153 6 108
60 34 38
17 49 68
6 28 57
1 22 180
0 46 70
10 40 92
0 54 49
0 37 83
0 7 24
0 11 40
0 55 40
2 38 167
466 0 71
59 11 132
25 38 129
0 29 130
0 8 147
0 33 46
0 6 152
49 41 195
228 3 196
0 28 134
0 13 6
2 29 50
2 58 163
5 12 90
58 20 151
2 0 94
1 1 36
2 50 125
0 37 113
11 17 32
7 36 89
1 21 53
2 59 154
1 52 191
347 35 125
21 34 66
1 15 109
125 17 98
0 52 113
117 26 157
0 33 176
1 16 127
415 42 91
1 27 83
1 48 90
0 38 115
0 52 195
1 21 140
0 33 180
5 0 108
0 9 31
6 22 51
3 26 50
16 31 48
77 16 25
0 37 98
3 3 36
16 47 119
0 46 20
34 36 120
738 54 195
97 30 110
297 5 159
0 26 123
0 34 158
10 46 86
0 17 75
29 42 78
12 55 116
0 30 36
17 48 141
6 37 200
3 23 172
112 52 35
2 6 144
0 57 50
119 36 114
1 52 60
11 52 121
0 6 115
0 3 65
1 25 141
38 59 137
1 30 145
0 15 41
62 43 140
37 24 17
1 25 20
2 4 54
6 10 139
0 38 106
0 50 153
0 9 21
0 19 120
0 28 114
0 3 2
1 32 124
0 39 133
1 57 172
1 46 133
28 33 77
0 41 197
3 25 29
2 2 61
0 19 151
40 4 97
1 56 55
45 53 78
20 31 119
29 7 59
0 31 63
0 54 176
6 46 182
0 32 100
18 58 119
0 51 47
0 54 64
3 47 195
6 7 143
1 25 62
0 35 71
36 37 124
0 27 143
1 5 138
1 20 107
14 45 159
6 47 61
0 35 87
1 46 68
0 32 86
2 21 29
1 47 125
1 2 112
8 9 84
1 42 146
1 26 40
48 11 109
43 14 179
19 12 86
23 55 193
0 20 5
1 1 50
73 25 148
0 51 193
76 13 10
3 35 75
0 12 23
2 47 79
0 12 113
164 48 187
71 39 89
0 53 64
5 26 110
34 46 142
0 31 16
1 26 120
0 42 24
3 5 177
21 6 155
0 32 67
0 50 100
4 13 31
7 6 7
2 46 63
88 1 30
64 51 87
3 57 152
3 46 129
31 52 103
3 9 57
0 3 17
1 29 12
12 57 123
0 20 175
1 25 76
1 16 126
1 34 63
28 1 186
21 3 32
0 32 140
0 22 172
52 16 63
4 7 36
8 56 58
0 13 73
1 37 41
0 45 92
211 2 14
249 59 146
5 59 74
0 0 11
0 53 29
6 22 134
2 11 110
0 13 49
58 40 20
0 0 74
28 0 139
381 21 153
0 33 169
4 25 183
354 25 21
28 17 157
0 5 2
1 31 6
2 5 76
1 15 7
265 39 26
19 3 192
11 36 176
30 22 60
67 17 160
0 34 31
42 36 83
78 52 137
0 33 24
2 32 78
156 10 142
169 58 41
0 5 112
3 26 20
6 21 59
5 5 6
0 48 163
0 13 23
25 34 59
4 14 128
0 38 175
268 14 198
2 36 36
2 36 191
1 46 140
0 48 170
6 16 59
12 35 82
0 20 27
1 17 64
5 25 59
1 32 21
0 44 30
5 1 184
468 20 14
1 27 57
2 5 97
8 53 100
11 15 153
0 53 79
1 22 32
38 33 28
85 10 146
0 10 3
1 25 64
5 39 139
0 10 160
0 49 61
265 52 52
2 14 34
12 38 21
2 50 108
0 59 105
38 21 67
0 36 196
1 42 39
33 33 29
0 20 36
1 26 86
14 35 116
719 28 38
5 57 197
0 14 180
562 51 192
481 32 2
4 55 18
2 48 21
3 47 156
32 13 134
26 10 192
0 11 49
57 12 68
0 54 73
0 53 170
0 42 139
64 55 147
3 28 57
16 48 7
5 21 124
451 16 71
4 14 105
3 29 3
1 22 198
8 38 95
0 9 187
0 41 168
61 4 106
0 4 22
21 13 165
2 42 1
2 12 19
235 24 129
0 59 165
20 17 45
42 2 150
133 1 11
4 43 32
11 54 91
1 23 74
28 16 145
5 52 156
18 12 60
0 50 186
4 36 169
1 16 178
2 22 69
1 18 29
4 39 14
1 7 178
0 10 1
2 11 44
2 24 111
0 21 58
6 5 119
0 19 42
0 0 192
83 49 86
1 36 145
5 59 189
113 56 183
4 33 171
0 56 89
0 29 5
0 8 51
0 45 73
1 46 7
1 30 52
2 28 133
71 34 161
248 34 104
3 42 168
10 25 166
8 24 75
40 53 123
0 24 129
1 52 100
23 1 113
5 37 33
1 26 194
51 38 51
10 15 49
107 4 60
0 28 155
0 48 175
0 9 137
0 26 67
14 21 146
1 6 68
12 58 116
10 24 179
33 13 137
0 4 80
2 55 76
6 57 64
0 37 70
0 37 80
0 2 156
9 20 12
0 24 30
2 0 146
7 27 154
0 22 18
339 46 27
0 35 130
2 41 185
25 9 18
1 48 169
2 40 50
1 3 163
26 31 27
69 26 139
0 56 88
1 20 168
56 6 175
0 8 9
60 18 142
4 40 22
4 8 2
0 8 191
1 36 105
4 5 162
14 54 96
22 6 50
16 58 85
6 12 115
58 7 133
37 58 190
0 47 68
10 25 36
0 53 75
2 28 154
0 49 7
0 46 192
0 12 5
1 29 182
0 4 184
62 2 47
72 32 160
0 52 89
3 13 30
6 52 22
9 6 60
2 47 187
0 42 58
1 36 109
3 13 151
0 20 132
2 9 43
2 36 105
0 27 60
9 35 101
163 57 136
1 27 152
14 9 187
0 11 82
0 49 32
2 56 188
320 8 12
3 18 75
5 41 144
5 5 165
3 11 192
90 12 192
11 25 149
6 9 175
1 47 113
436 14 154
0 45 8
24 42 67
0 10 136
0 46 152
3 17 122
2 27 148
2 13 69
3 45 22
0 8 101
1 17 110
9 54 61
0 17 147
0 25 99
1 42 78
0 4 197
243 29 81
494 2 125
1 33 12
23 20 121
29 27 2
0 38 8
0 5 126
0 5 110
0 41 187
8 17 25
15 37 14
0 35 38
5 47 145
24 33 159
1 38 198
0 12 140
0 12 133
0 2 183
10 14 151
1 24 23
0 19 65
4 9 137
5 17 80
11 36 196
0 43 107
695 54 145
0 37 148
0 25 160
24 24 90
55 12 105
46 59 74
220 36 63
2 38 183
201 32 188
6 40 30
17 7 154
0 49 35
0 40 117
1 40 115
0 34 151
13 22 93
1 19 110
13 54 39
11 56 193
1 32 178
16 17 129
0 7 135
0 28 105
0 52 72
0 24 98
91 9 82
0 43 56
13 11 17
3 36 84
4 15 70
0 36 196
5 19 182
0 12 81
72 30 180
1 59 169
0 21 69
0 57 17
0 56 124
0 14 7
78 59 158
0 41 7
2 26 79
1 59 51
19 36 143
2 46 176
0 42 154
0 39 72
4 49 198
0 54 49
7 48 122
31 34 199
0 53 176
373 31 91
20 43 54
3 41 143
0 12 32
1 43 97
1 49 184
2 53 43
0 10 190
0 46 20
0 4 33
0 29 109
0 42 191
0 20 153
0 56 38
4 39 12
1 3 153
1 7 173
7 18 109
0 15 38
39 11 84
21 43 51
0 15 82
0 19 185
0 15 179
14 20 128
1 2 81
0 13 150
10 15 94
6 14 168
0 17 91
8 0 68
0 14 185
8 26 182
19 58 35
1 7 94
121 10 39
0 23 106
35 43 9
0 59 165
20 43 14
0 44 71
0 40 17
1 48 190
1 23 151
0 45 197
0 59 175
0 52 137
21 43 1
5 32 85
0 38 194
2 30 181
36 56 69
6 52 37
5 6 134
0 51 54
7 42 65
7 41 160
3 40 73
0 34 39
5 7 77
7 14 175
0 20 79
11 47 150
3 30 149
705 44 72
0 26 63
410 6 192
0 52 66
0 44 149
2 50 77
8 50 112
2 47 143
2 19 75
22 35 105
2 55 91
0 23 9
1 23 160
0 57 146
12 1 150
3 20 61
0 9 64
0 20 80
0 55 136
3 26 56
0 29 127
3 40 167
4 3 53
18 56 31
4 45 101
0 13 191
3 26 112
0 27 188
0 56 107
1 53 89
0 38 141
1 48 148
11 49 133
1 38 199
0 5 186
0 19 101
266 32 52
0 33 197
354 13 132
1 39 107
1 56 134
0 10 82
1 34 195
78 26 189
2 48 161
30 54 110
0 8 109
658 13 12
15 1 18
0 26 21
3 46 17
0 36 167
0 55 117
4 20 193
8 10 89
0 34 173
0 57 57
0 28 54
0 6 117
105 4 68
221 30 171
1 7 195
0 49 44
1 19 192
1 14 184
229 39 163
0 9 183
2 33 99
0 42 160
0 36 12
1 5 182
1 44 83
4 42 19
1 58 186
0 8 8
26 7 189
0 29 161
9 33 90
18 43 143
0 33 189
71 32 30
0 36 158
0 56 5
19 8 128
27 19 99
0 51 71
25 34 136
2 18 26
12 58 122
0 15 170
1 10 169
12 12 176
3 48 59
0 11 178
12 20 140
1 18 168
30 13 115
13 38 28
0 28 168
2 55 51
7 36 134
1 33 39
0 46 149
0 16 45
12 33 61
2 50 93
27 35 57
16 49 27
78 3 86
1 13 12
7 12 121
1 41 124
0 36 153
1 17 116
0 11 142
0 12 27
2 34 192
7 2 41
2 47 46
2 58 149
0 9 58
0 27 95
0 45 6
0 8 1
0 24 76
0 40 43
0 42 39
2 45 65
2 39 24
2 43 164
25 3 57
6 41 136
2 3 94
1 45 153
137 57 180
371 49 182
0 37 89
0 37 108
0 3 133
2 36 123
35 32 37
1 0 195
0 40 195
0 11 177
0 33 45
0 44 21
0 30 67
36 25 79
9 22 71
1 59 65
4 56 100
30 18 16
6 29 10
0 48 111
1 52 65
43 24 58
0 18 25
7 29 155
0 56 118
2 37 144
32 28 70
0 30 34
0 0 85
0 36 8
1 9 117
1 1 14
1 22 72
1 39 155
95 19 61
0 54 32
582 15 151
26 2 1
6 11 25
0 0 102
3 42 70
2 11 127
0 26 123
9 28 65
0 36 46
2 6 128
1 57 72
34 58 178
0 33 122
0 43 195
4 57 182
181 48 170
0 11 121
0 36 127
2 4 125
1 6 130
2 28 198
15 21 137
0 34 38
0 36 20
2 8 131
2 27 2
0 33 46
140 37 154
0 11 27
0 11 193
9 32 79
0 10 97
1 2 135
1 57 91
0 4 23
0 40 103
19 12 11
773 10 196
1 10 44
0 7 9
7 14 69
20 38 22
0 18 69
0 34 118
3 44 157
5 42 16
5 26 41
1 37 168
2 53 84
0 25 65
107 37 79
0 29 18
3 13 152
85 21 177
2 35 58
2 47 181
2 22 4
0 37 198
0 24 23
1 25 101
1 31 124
3 6 92
110 29 72
10 45 195
6 35 89
1 6 25
28 12 97
102 39 66
8 52 78
172 47 150
0 51 7
0 14 190
2 46 34
0 22 116
1 8 92
0 3 176
12 28 125
47 22 70
4 35 168
9 7 98
0 40 97
1 18 58
41 6 83
7 3 15
6 11 157
59 55 27
1 0 118
672 19 124
3 31 146
10 58 62
42 40 36
2 56 133
6 49 96
0 27 152
600 56 13
6 7 147
1 55 19
245 42 7
6 50 71
2 5 29
457 22 27
252 0 46
6 57 134
17 34 87
3 48 10
7 54 5
175 10 88
1 46 200
15 43 189
1 49 5
80 30 180
1 4 181
188 33 160
52 43 65
0 20 45
4 56 85
4 53 171
3 40 140
4 56 87
8 32 80
2 44 35
7 20 194
1 4 76
5 49 62
2 36 198
12 9 48
1 24 188
0 41 127
2 38 51
0 58 91
5 9 72
27 6 22
0 53 73
3 1 8
76 13 107
4 30 18
0 49 183
8 7 113
7 2 148
0 0 31
10 33 79
0 9 134
0 10 50
0 41 53
370 18 130
0 33 55
0 14 60
0 50 149
56 5 44
4 30 81
16 20 91
1 53 197
1 25 173
2 59 74
2 58 172
0 18 51
0 19 92
3 10 100
3 50 78
37 53 111
0 17 70
59 12 39
0 1 49
1 9 90
0 51 3
10 29 97
16 52 136
20 41 26
0 46 25
12 13 186
0 32 199
8 12 113
6 44 6
5 58 108
3 3 95
24 26 171
3 51 171
0 37 197
21 22 152
0 17 77
24 39 41
18 4 170
0 6 163
1 51 8
0 56 20
0 27 178
6 41 169
4 27 49
0 46 104
4 32 175
4 38 189
3 58 30
0 4 30
1 30 46
5 52 81
0 30 100
0 17 66
8 44 79
0 25 7
0 10 125
0 14 176
2 24 180
6 49 63
36 54 102
15 15 58
5 44 152
4 17 119
1 54 190
1 9 137
11 54 55
0 22 106
0 25 183
0 7 39
0 30 23
0 59 188
34 23 31
1 21 60
0 25 127
3 49 139
0 33 70
8 10 183
9 46 69
0 10 26
2 46 182
0 3 87
0 10 183
12 31 195
191 7 179
233 18 39
2 14 157
5 51 139
1 54 105
2 41 119
15 46 164
0 26 168
0 34 141
34 9 183
8 19 94
3 3 182
2 48 37
0 5 156
42 46 10
25 23 144
24 38 160
3 39 87
5 33 2
0 48 2
72 29 94
0 28 54
0 19 17
42 1 79
31 12 41
583 24 171
3 37 40
12 34 121
8 47 110
2 3 106
0 25 111
4 15 138
4 41 39
36 9 89
4 51 172
0 22 185
0 38 70
68 24 98
22 53 127
22 11 158
60 39 129
0 6 59
4 40 31
0 14 56
0 18 177
1 55 15
1 58 40
37 23 84
157 29 182
5 44 7
4 7 23
0 15 120
10 8 164
0 22 37
9 20 18
0 14 30
0 32 24
6 49 9
1 57 81
2 0 164
0 21 109
2 7 167
18 14 107
1 32 190
16 37 98
5 17 189
0 51 188
141 51 15
1 26 57
39 41 30
151 38 9
37 45 88
1 43 156
0 9 60
25 6 2
43 30 125
0 22 93
91 17 111
6 3 58
25 54 128
269 25 142
8 1 182
1 22 156
0 4 94
9 35 5
33 4 69
0 16 19
5 43 34
0 33 29
708 19 116
0 36 42
1 40 64
3 3 194
2 27 179
0 42 17
0 48 81
37 30 190
0 36 65
16 15 195
10 40 37
5 46 106
0 24 189
13 59 12
82 23 43
0 43 141
1 59 98
109 11 73
30 51 118
2 26 139
3 12 25
175 54 174
7 42 127
1 42 42
79 45 15
0 14 51
37 50 197
10 37 51
292 22 141
0 10 44
2 41 73
1 54 16
0 51 174
0 40 141
5 13 18
0 7 185
1 10 74
0 13 87
0 1 171
0 20 126
17 49 19
25 36 198
0 1 37
3 17 74
5 15 56
1 28 170
1 40 173
16 54 5
4 37 70
74 10 145
22 3 113
0 4 172
0 42 147
12 0 155
11 27 54
0 49 147
0 23 45
0 14 163
0 55 125
1 16 182
3 8 91
0 49 116
0 54 103
3 28 44
100 46 172
203 2 123
1 23 190
1 34 63
0 43 15
12 53 169
0 35 10
0 2 123
0 3 176
19 52 105
1 50 5
7 12 99
6 36 194
55 48 5
1 51 166
21 1 31
45 18 28
1 20 116
1 8 145
2 9 65
1 8 184
20 23 84
4 39 26
528 48 130
48 56 51
20 47 26
0 10 47
2 16 157
2 56 44
0 5 106
0 22 54
3 41 158
119 2 133
0 50 149
0 49 184
0 35 70
1 27 146
0 29 101
27 5 195
9 58 77
30 51 105
0 13 73
1 1 13
46 15 6
0 51 38
0 53 38
32 16 97
1 55 151
0 0 47
250 45 31
7 5 50
1 30 5
3 31 117
3 33 108
0 31 2
56 12 70
0 57 161
0 3 197
17 3 28
2 8 196
7 31 126
2 13 17
0 28 112
6 3 199
0 50 45
3 19 44
24 50 139
1 47 130
9 36 109
2 41 192
2 24 88
3 11 51
0 22 183
26 49 198
605 57 83
2 0 73
0 53 154
0 1 128
0 8 160
14 5 29
5 29 47
0 12 79
249 52 114
1 27 41
233 46 9
631 40 9
38 55 160
0 30 165
115 12 46
2 33 115
0 5 105
160 59 116
0 11 111
8 15 152
47 35 197
77 46 66
10 8 131
33 15 57
0 57 29
57 50 190
0 59 13
0 18 8
2 22 162
0 22 37
1 16 52
5 57 67
0 27 67
0 4 55
1 18 192
28 29 83
6 27 162
1 29 137
0 45 164
2 23 65
4 8 141
1 26 26
11 51 14
2 22 171
0 19 179
25 58 160
19 21 157
4 40 130
2 2 55
1 50 49
3 5 143
0 1 179
44 30 168
211 31 17
0 25 194
0 6 154
0 16 96
4 25 183
0 9 10
5 35 183
67 39 13
0 10 172
1 45 135
4 12 194
3 27 159
1 37 132
0 56 32
0 27 42
0 32 137
8 40 37
124 39 3
256 52 176
1 41 128
17 26 56
0 55 67
664 29 170
1 31 45
1 55 104
0 20 137
0 42 8
0 55 102
0 41 151
33 26 157
2 13 127
6 44 193
4 45 154
14 56 14
4 15 129
0 29 66
4 6 145
0 42 150
40 34 189
3 26 108
2 6 74
2 25 68
3 57 114
424 2 134
5 17 76
1 8 22
1 25 100
15 58 3
0 36 36
44 26 87
19 31 129
13 39 46
57 30 18
0 20 88
3 34 75
24 32 94
160 15 97
0 28 51
5 43 200
0 36 36
4 20 105
2 10 55
10 33 135
2 7 5
6 23 17
0 47 53
21 7 106
0 34 171
10 43 163
2 58 48
3 0 101
0 34 175
0 54 177
34 10 107
0 36 12
3 39 122
1 50 170
2 29 139
0 38 3
3 42 113
2 12 146
1 59 61
118 31 57
205 0 181
58 34 100
0 59 198
28 46 147
258 44 186
1 21 85
5 36 33
0 28 44
37 55 43
0 35 142
282 8 11
0 18 59
35 57 77
8 29 83
519 49 100
3 18 88
0 31 192
2 12 159
1 12 84
0 12 193
0 5 62
0 3 23
9 45 10
1 3 150
8 33 157
0 8 38
0 42 146
19 35 58
0 52 193
17 19 183
1 31 50
0 17 132
0 26 159
35 6 195
2 22 137
50 57 174
0 28 135
7 58 137
3 35 19
0 17 63
1 10 138
8 52 96
3 48 157
3 39 109
0 8 45
6 28 17
11 20 130
7 1 122
0 11 75
1 42 126
1 16 153
1 34 43
5 22 124
4 3 177
0 37 89
1 34 154
11 30 58
3 32 90
1 41 60
8 32 59
2 51 14
22 43 148
16 54 172
6 38 35
3 30 61
1 14 176
2 23 60
0 44 109
9 10 54
3 50 136
0 12 5
2 41 77
2 45 168
5 37 5
0 8 2
1 44 61
2 10 186
0 53 65
1 8 157
0 18 129
0 28 44
321 48 49
222 7 127
9 19 66
8 7 139
94 15 5
79 55 52
0 31 199
6 35 51
0 7 51
1 58 138
0 11 8
0 40 98
1 23 182
0 1 58
27 45 116
249 24 163
0 56 116
0 0 142
0 27 33
1 33 137
0 33 139
0 16 109
0 10 170
1 16 87
3 26 157
0 26 131
4 37 35
0 21 188
1 36 106
0 17 59
41 53 169
5 45 151
0 58 21
40 33 133
3 54 136
567 9 22
5 56 43
0 28 56
0 13 68
0 30 36
0 16 121
6 12 138
2 24 97
0 53 53
0 44 175
0 23 183
0 6 48
1 21 28
1 14 75
2 6 42
0 45 98
0 27 102
4 23 35
0 42 76
1 52 53
0 51 23
1 1 62
0 5 93
0 45 94
6 44 64
2 12 1
4 58 44
2 33 169
4 42 84
2 54 194
792 25 8
3 21 119
0 21 176
1 34 150
5 16 70
77 9 76
0 10 125
3 15 119
27 56 169
7 42 13
4 51 105
0 50 172
365 57 198
1 50 190
10 21 123
0 32 84
122 50 193
23 54 96
0 34 176
0 30 162
0 33 20
89 28 51
11 46 94
0 18 102
29 39 60
1 34 84
1 6 57
1 2 3
13 44 163
3 47 191
1 50 29
429 10 65
3 29 135
36 22 57
0 26 2
1 37 105
1 3 42
60 49 53
308 27 105
317 16 159
47 26 29
0 34 192
1 40 123
14 23 15
1 59 31
41 45 42
10 34 198
63 23 46
6 10 145
12 4 106
2 41 175
0 50 117
9 56 10
1 19 146
0 19 169
0 48 62
1 0 100
0 13 68
0 28 189
6 40 128
3 53 194
8 7 88
18 51 36
10 57 94
4 17 173
3 33 45
0 59 48
0 0 12
0 30 185
2 17 46
0 13 142
2 53 60
8 48 163
28 28 19
0 5 14
0 5 59
1 18 200
0 22 177
2 3 148
0 27 120
0 17 185
3 26 64
0 20 185
0 26 161
0 22 193
0 20 174
1 54 80
0 7 176
1 54 152
306 33 153
6 4 163
1 48 24
4 33 156
4 34 56
0 42 180
7 12 49
0 9 84
33 46 141
1 53 193
0 9 190
5 49 125
5 48 45
487 55 74
81 57 152
1 2 81
18 26 80
0 23 80
0 17 188
0 43 126
1 28 180
17 51 9
127 15 127
143 42 23
45 3 160
12 5 153
0 39 7
6 20 183
0 16 186
1 40 82
4 20 174
5 16 165
0 35 117
1 1 151
1 17 34
0 31 170
19 12 104
196 47 53
21 45 38
642 0 41
10 37 69
3 2 49
0 36 84
0 19 192
0 27 107
0 44 62
2 6 195
440 1 128
0 29 2
0 16 95
0 22 188
3 20 149
10 49 177
10 25 142
40 28 135
0 38 163
40 47 87
0 43 144
0 14 110
379 52 1
1 23 2
84 38 82
60 44 143
0 32 146
124 13 63
0 30 5
13 36 90
1 58 46
3 6 96
3 19 41
0 1 56
1 26 35
2 10 169
0 55 5
0 39 159
24 1 65
0 13 48
1 36 27
10 38 177
1 37 124
1 11 105
0 6 143
5 7 116
262 35 30
0 6 134
0 6 39
0 26 127
0 15 46
2 9 138
4 24 28
0 4 35
636 31 9
1 52 121
4 32 174
25 2 144
0 31 189
0 23 20
1 16 168
1 55 7
2 19 174
30 27 99
0 54 120
283 1 74
57 43 120
2 24 53
1 53 89
8 48 31
0 23 145
0 7 82
0 57 70
1 3 183
288 12 92
0 0 24
0 58 56
28 44 59
1 2 96
18 15 184
0 19 165
580 29 144
1 24 129
0 52 124
0 49 88
4 0 191
3 55 26
0 3 179
1 11 48
0 56 35
26 54 105
2 46 145
0 24 152
0 19 134
0 26 111
35 20 108
0 50 192
11 59 195
0 16 16
1 40 33
21 10 64
34 28 71
2 32 93
10 37 171
0 35 178
0 51 61
3 37 72
8 45 67
4 14 144
21 36 109
0 25 18
0 29 102
0 46 11
2 52 178
304 4 70
37 29 110
0 53 173
3 43 147
0 53 105
0 58 33
0 40 106
3 39 46
0 37 101
2 56 128
21 54 55
1 51 97
0 57 107
5 2 51
344 13 60
30 11 9
2 8 157
0 13 26
10 52 99
3 14 17
0 30 160
20 31 110
5 13 102
173 19 58
24 50 98
0 33 114
1 15 96
2 55 191
5 40 190
241 20 13
2 25 123
5 5 187
0 57 52
0 19 156
10 41 95
9 52 117
416 1 198
2 41 163
5 41 84
42 56 114
0 53 168
1 42 74
85 25 61
0 15 122
2 40 34
6 19 17
171 6 177
1 33 40
4 16 152
0 23 139
4 19 138
14 2 23
83 37 89
0 37 142
7 55 97
183 22 94
47 49 19
13 22 179
0 21 145
285 27 189
0 56 117
1 58 162
0 43 11
18 42 194
18 12 165
24 5 112
0 40 178
0 7 39
1 34 113
182 12 97
0 56 186
0 2 13
5 5 67
2 9 150
0 54 87
62 55 80
0 19 105
3 1 57
7 3 89
739 3 113
15 58 40
0 47 190
1 52 78
0 33 140
54 56 85
4 41 188
80 42 164
24 5 31
2 55 110
1 50 193
0 58 151
17 1 12
20 18 33
2 38 133
1 54 66
0 1 172
113 3 32
37 59 79
1 1 150
0 36 74
0 5 11
0 33 86
0 5 81
3 46 150
20 17 44
10 9 120
0 9 86
37 41 40
2 38 149
2 58 131
1 42 29
0 51 2
0 0 198
3 4 28
1 52 57
0 21 140
210 5 105
9 2 156
2 25 152
0 17 30
46 47 75
19 8 199
6 32 67
123 39 136
1 29 123
0 58 73
30 19 116
401 39 115
2 11 112
2 8 2
2 4 198
1 25 87
0 31 102
3 2 33
1 48 182
15 27 143
0 18 178
1 38 118
2 56 64
4 47 39
0 6 103
0 33 34
0 57 193
3 45 44
3 26 5
0 58 91
1 41 44
2 2 35
33 37 137
4 32 117
21 4 168
85 28 26
15 22 8
4 3 143
0 46 91
0 37 142
5 35 109
0 21 177
16 4 159
16 45 83
0 48 29
0 36 32
80 50 195
0 3 181
2 10 63
0 24 177
50 49 71
0 24 117
10 6 48
7 29 62
4 34 58
5 8 44
67 35 17
2 59 43
85 34 63
0 42 5
85 24 142
17 50 4
16 55 197
13 58 114
0 46 129
2 40 197
4 33 107
0 22 115
0 29 117
14 35 189
3 1 196
0 27 56
0 11 185
2 16 18
30 33 88
3 21 179
20 11 40
9 33 134
170 29 64
291 10 18
15 16 107
112 40 160
203 31 7
25 26 196
2 52 80
0 15 45
0 27 76
192 8 23
1 55 77
9 53 195
0 43 122
1 27 119
0 10 133
0 28 95
15 2 143
0 38 142
0 42 130
88 9 168
1 21 50
0 31 195
7 3 117
0 55 29
79 56 26
0 54 10
0 52 195
0 8 95
36 4 144
3 52 71
3 42 142
0 6 109
23 41 69
18 50 189
12 43 122
5 40 8
0 10 128
4 43 176
0 26 114
0 19 100
3 47 46
27 4 72
0 19 174
62 11 49
10 30 71
10 13 24
11 12 191
1 58 88
10 34 188
0 12 103
36 21 191
0 8 161
133 7 6
16 2 34
36 42 28
0 25 195
0 15 198
126 3 53
20 4 134
0 36 165
0 15 22
12 19 198
0 20 133
0 38 51
9 51 57
14 35 22
1 3 121
2 5 102
2 12 68
441 22 6
17 7 52
7 17 189
0 50 29
4 52 65
1 42 47
0 42 137
2 50 32
3 48 136
10 0 141
4 5 165
1 41 107
6 28 54
0 7 127
10 23 71
0 32 71
0 6 79
8 2 28
15 7 89
379 45 89
2 52 96
2 26 83
1 2 150
0 29 16
20 54 98
1 46 162
0 41 175
0 34 140
85 33 190
15 36 140
9 42 142
0 16 1
1 14 81
2 3 165
0 38 190
7 13 169
0 23 115
0 0 54
0 59 147
11 54 81
0 25 151
81 20 191
0 41 97
17 30 30
54 41 200
129 8 185
1 28 41
1 29 25
3 49 92
1 58 66
0 48 199
1 15 34
1 53 81
0 45 115
0 15 130
0 4 118
1 20 125
8 51 61
66 16 151
106 32 14
0 37 119
52 49 195
231 12 184
0 46 138
2 37 191
2 35 200
0 8 38
1 18 5
0 17 60
16 13 56
0 25 3
14 30 52
1 17 184
17 17 67
1 44 193
2 46 147
1 13 118
0 50 64
0 27 155
8 1 31
3 7 13
16 24 187
0 15 89
1 6 52
411 49 146
0 36 78
0 49 47
11 33 155
1 7 53
406 5 171
3 12 199
1 35 177
0 17 170
3 10 127
1 56 151
2 1 26
2 20 158
0 3 69
0 30 61
0 20 52
64 53 81
6 5 182
41 13 93
0 48 33
256 19 32
3 21 166
4 25 173
3 18 98
0 39 93
2 21 173
369 19 137
113 52 125
0 2 89
6 36 102
0 39 134
0 50 85
0 20 104
0 3 68
1 44 140
1 43 2
5 1 124
1 7 75
0 51 106
34 2 61
0 30 176
1 32 83
0 31 115
0 54 200
30 37 37
0 41 136
0 15 26
1 8 62
0 9 167
22 54 13
1 5 166
0 26 121
2 56 137
2 4 129
577 9 88
1 34 107
15 43 187
0 27 131
0 49 122
2 22 103
5 5 52
2 53 143
23 32 192
0 17 103
10 14 95
20 25 97
14 55 110
1 42 176
0 27 165
1 54 104
121 5 66
3 0 62
13 6 107
4 18 160
6 18 20
15 40 69
7 36 28
1 38 110
0 46 125
0 4 60
0 43 63
2 22 53
77 45 59
89 31 12
0 57 74
9 50 86
94 21 145
214 30 106
18 40 56
0 14 32
0 4 74
299 58 88
0 7 148
4 52 100
37 30 56
0 46 107
0 0 193
1 38 124
0 3 128
20 24 169
13 51 67
32 44 165
0 17 54
0 4 88
0 8 156
1 40 41
29 41 29
6 17 110
0 31 69
7 25 118
0 9 188
1 36 133
4 53 69
1 37 149
0 54 29
0 39 83
0 57 189
0 23 89
1 36 165
174 41 109
3 16 141
0 10 79
21 47 182
0 53 55
30 30 115
0 25 16
43 54 23
1 17 112
0 44 85
6 4 1
0 0 15
0 19 164
49 29 176
32 14 187
0 0 113
0 14 135
1 16 123
1 35 181
0 7 30
0 57 3
0 12 99
0 13 118
0 51 179
0 45 54
13 59 75
0 48 113
0 50 16
2 10 77
2 14 60
0 57 131
0 39 102
21 36 119
3 15 189
1 44 73
0 24 79
6 57 74
0 35 174
0 16 49
467 48 50
0 9 18
1 38 140
0 8 189
7 6 156
4 22 32
0 11 175
0 49 96
5 1 153
0 57 42
3 9 131
1 35 102
1 40 152
0 41 28
463 10 90
27 46 37
5 50 3
0 15 108
0 32 36
1 42 157
113 42 152
0 35 47
4 44 135
0 43 139
3 40 32
4 39 183
0 11 170
7 10 8
1 51 12
27 33 91
1 45 33
2 24 169
0 26 167
6 33 55
5 56 34
1 7 85
39 0 75
0 34 61
481 37 46
0 15 55
20 13 100
0 7 184
0 44 180
0 22 85
4 33 1
1 34 66
2 30 181
104 23 183
24 48 165
3 4 59
0 50 32
16 12 141
3 10 200
12 43 63
5 10 29
18 0 99
1 45 23
1 25 27
0 21 134
1 13 53
0 36 149
21 57 97
0 35 186
0 3 49
0 10 13
0 22 161
1 14 78
20 38 69
1 40 8
0 15 173
3 18 182
6 42 200
0 27 65
0 23 3
13 38 178
0 23 129
1 36 93
1 0 87
15 6 188
2 34 53
3 33 18
0 13 38
7 39 180
31 32 159
0 9 112
207 30 198
0 22 136
9 15 21
0 45 121
0 14 20
2 33 23
10 15 10
6 6 177
13 36 89
0 39 20
1 59 105
0 54 139
1 17 85
0 37 54
9 34 93
4 50 97
2 21 163
5 23 41
1 10 129
22 38 97
0 48 141
5 0 197
0 45 86
4 22 103
100 31 136
7 54 40
2 22 163
0 25 170
1 39 31
9 30 9
0 9 121
0 38 195
0 25 173
767 33 174
3 41 82
12 4 112
11 26 130
188 58 182
9 54 105
2 40 50
13 55 50
549 30 165
0 46 75
3 8 162
4 46 157
0 54 23
3 11 152
1 51 178
2 20 11
58 32 147
9 40 162
372 45 77
2 27 10
0 16 154
0 33 8
179 58 58
0 55 43
0 52 141
17 41 60
0 42 105
25 3 2
7 57 189
0 32 199
18 36 11
1 43 1
8 53 75
62 58 6
3 14 47
4 35 50
0 5 138
1 20 107
0 58 40
6 57 113
8 34 92
421 30 122
26 21 44
28 8 154
2 49 31
0 10 139
14 59 165
0 2 150
0 40 84
5 45 138
0 50 125
0 4 114
1 37 32
1 14 113
14 19 198
0 0 54
55 36 86
2 7 43
375 19 178
4 50 189
0 37 146
1 22 35
0 51 10
1 10 167
4 17 176
16 6 109
16 44 137
0 30 167
0 14 43
56 11 1
39 4 136
0 35 104
29 11 28
31 49 22
19 39 189
13 50 180
1 57 193
0 3 48
155 41 35
3 45 135
25 39 103
1 29 155
1 56 27
0 55 40
4 48 14
3 33 64
1 59 116
10 3 59
4 31 151
0 24 72
10 37 167
1 47 64
2 51 90
67 12 89
0 1 200
0 35 124
0 44 4
5 36 83
0 37 131
18 12 64
9 22 111
9 58 192
4 47 61
9 35 47
0 17 43
59 47 139
0 31 8
0 23 59
0 35 174
0 20 196
285 23 7
0 50 91
0 23 178
1 33 20
2 42 141
0 33 183
5 47 16
0 26 161
0 26 191
0 25 160
2 25 53
4 16 105
3 6 168
0 45 189
1 1 155
0 31 139
4 17 5
10 15 68
0 25 155
1 39 151
6 23 200
31 25 174
2 19 104
16 7 136
4 48 138
4 36 114
1 36 48
0 21 122
0 57 113
1 57 160
1 23 59
0 15 184
4 32 65
3 45 33
50 9 57
2 47 149
1 47 92
18 7 41
8 0 112
0 24 32
36 51 48
17 56 113
1 35 157
0 12 110
4 41 1
11 41 169
0 33 25
543 12 165
70 41 104
4 3 17
4 59 69
5 43 155
0 51 142
33 10 15
797 39 150
6 29 97
24 16 3
2 43 70
2 55 86
37 35 139
2 41 15
512 59 115
0 14 71
1 58 107
6 49 156
14 3 90
0 28 82
0 56 173
47 11 88
0 28 183
68 7 81
29 21 82
1 25 60
0 37 65
2 20 118
0 26 161
52 11 133
3 55 95
2 50 127
440 25 44
3 46 17
2 39 174
0 1 97
0 16 149
1 2 15
33 40 95
0 32 155
1 31 103
0 37 139
6 59 24
45 50 97
20 54 42
9 47 154
0 38 61
4 19 87
7 38 137
9 1 74
0 45 195
113 43 27
9 49 142
7 14 162
8 31 34
1 41 13
7 40 153
14 10 109
1 19 62
0 36 161
14 3 199
0 26 167
3 4 163
106 40 196
0 4 19
0 23 28
0 27 155
13 41 34
3 34 146
20 38 89
0 44 158
65 19 83
717 56 71
0 18 15
34 5 157
14 1 22
0 35 86
1 0 158
0 50 165
0 54 131
9 9 56
6 47 159
0 3 78
3 20 56
2 21 150
2 52 12
4 26 76
0 39 161
7 4 114
73 24 35
0 18 187
406 33 181
0 42 179
1 19 1
1 17 48
1 1 192
7 50 160
7 34 47
45 49 103
0 4 32
2 17 40
3 53 49
5 23 11
1 48 5
0 43 100
14 25 90
4 5 66
74 14 93
0 14 98
1 54 16
2 58 96
258 7 142
0 53 118
0 7 101
1 57 107
0 54 151
0 53 22
16 15 58
174 46 49
1 16 38
3 1 146
59 36 162
42 3 107
66 9 151
7 2 167
1 51 55
1 44 151
0 51 194
0 44 115
0 0 196
12 50 35
7 10 143
88 55 133
1 1 48
4 52 124
0 7 167
8 52 48
0 30 195
0 12 81
2 39 20
0 49 51
72 8 186
17 10 162
8 10 112
0 25 118
132 17 142
8 13 134
174 2 54
276 35 114
13 39 35
3 19 112
1 4 56
14 54 114
0 10 45
5 1 87
0 16 132
0 42 133
0 39 57
1 16 47
1 37 22
0 27 158
4 21 132
234 52 144
5 18 145
1 32 1
1 59 116
7 34 149
28 58 35
0 41 110
2 36 47
25 14 97
0 53 27
3 17 2
0 39 78
0 54 7
14 40 168
8 12 139
49 25 104
0 14 106
66 55 58
0 4 188
4 57 52
5 31 10
794 1 40
15 42 11
1 19 86
1 49 176
1 36 30
9 50 172
0 46 29
8 54 176
1 51 125
23 25 68
91 43 90
0 30 85
6 0 94
0 31 46
33 2 190
0 10 124
4 7 126
1 3 165
5 43 26
0 35 45
4 30 46
21 14 160
30 57 174
6 8 58
0 45 56
662 21 62
0 51 52
4 37 58
15 52 173
0 59 4
151 13 196
6 7 46
16 14 11
36 10 46
2 16 83
0 19 106
99 50 70
584 46 53
11 17 91
400 33 187
9 33 172
2 22 120
0 38 20
75 41 146
0 17 153
0 19 37
1 10 168
0 36 113
552 26 182
0 46 156
208 2 111
0 52 97
8 29 184
1 23 124
6 32 92
75 52 181
720 33 105
13 38 72
4 52 128
3 35 136
4 42 174
2 24 159
188 3 16
1 16 50
775 7 80
0 35 194
7 41 62
4 34 71
3 47 32
1 18 116
0 22 153
0 25 106
1 57 137
1 15 48
0 28 196
1 14 192
3 51 145
6 6 97
42 36 22
0 3 105
0 52 40
13 50 152
25 37 111
4 40 7
13 50 139
240 9 114
0 14 48
11 46 118
1 3 14
8 31 105
0 23 120
0 28 106
0 48 59
0 11 110
18 46 136
0 57 180
11 35 8
0 17 67
0 14 76
92 39 5
3 52 123
1 33 111
74 46 164
2 52 13
0 7 72
1 30 111
2 33 16
6 12 27
95 23 150
0 18 124
10 9 71
0 14 85
4 50 11
0 18 121
8 22 121
0 53 184
10 33 52
0 13 100
0 3 57
10 57 164
1 46 124
0 3 200
0 55 160
1 13 181
7 25 110
0 55 41
3 55 134
13 34 169
2 48 78
2 46 109
9 12 100
0 36 200
406 10 93
2 44 84
15 4 139
1 43 111
128 17 184
6 16 36
3 25 123
42 28 166
2 16 47
0 58 134
3 14 11
1 30 64
44 24 128
0 11 92
1 0 95
17 15 42
0 47 179
0 3 22
0 44 119
0 37 178
4 26 171
2 24 73
3 55 101
46 27 121
2 49 171
0 14 198
0 42 198
10 38 55
0 28 52
0 51 171
27 20 171
0 57 69
0 24 22
0 57 75
6 31 79
7 13 66
1 22 87
1 39 82
3 54 2
1 26 158
0 0 106
30 6 103
0 46 70
43 44 95
21 7 43
3 42 48
1 26 161
0 58 67
44 57 106
124 16 15
2 36 29
38 57 164
0 36 12
11 2 125
1 47 138
0 25 115
2 36 63
0 29 72
2 25 150
29 25 190
0 6 117
0 50 32
1 48 23
0 35 4
15 27 200
8 15 67
537 4 152
0 0 97
11 35 53
14 40 54
0 26 144
0 0 107
0 35 25
1 24 36
19 4 124
1 53 40
7 1 39
34 36 42
1 36 126
0 29 51
17 57 11
5 14 25
0 37 123
12 16 130
1 19 78
159 58 2
0 12 83
0 48 184
16 4 42
6 48 178
2 36 148
1 53 108
0 58 132
66 19 40
0 33 60
3 25 29
2 17 42
0 29 34
1 3 64
4 29 102
1 26 171
85 49 5
10 50 7
0 50 87
1 18 134
30 52 121
0 14 22
86 17 158
0 29 37
0 37 11
43 53 33
4 58 164
4 9 189
0 30 129
34 33 96
5 55 65
3 4 183
0 23 23
1 4 115
0 35 40
102 18 112
28 59 120
4 19 143
0 22 187
0 53 168
4 56 81
10 37 192
13 17 94
20 17 81
635 47 140
622 4 43
21 31 86
3 21 20
7 33 144
0 20 192
0 48 140
0 25 46
4 32 108
11 3 106
0 51 78
0 31 112
0 7 112
1 27 72
35 11 55
1 52 148
18 33 154
5 29 182
27 45 67
0 54 108
50 21 23
1 54 17
8 13 88
0 8 188
7 4 200
0 18 69
19 50 27
0 18 140
0 49 60
0 0 150
0 2 93
5 39 172
16 31 73
84 38 116
1 32 80
5 59 130
1 18 177
0 17 58
10 41 35
0 6 96
0 48 58
0 49 47
15 50 122
0 52 12
0 28 169
206 30 111
132 26 117
0 38 136
0 8 1
24 41 13
84 17 191
0 28 7
0 51 58
1 33 56
7 42 136
0 10 168
2 57 186
0 0 133
0 15 81
0 7 147
1 39 94
179 6 33
0 41 13
0 32 170
29 42 137
11 14 116
1 19 81
0 8 120
1 17 2
1 7 50
0 32 90
2 20 144
6 44 45
1 26 163
537 5 193
2 49 33
0 12 76
15 42 198
0 51 88
0 9 15
85 41 52
49 6 156
1 22 64
16 49 145
76 20 115
1 31 54
1 30 91
0 48 194
0 45 121
1 33 107
1 50 33
1 56 67
0 25 179
0 9 183
4 19 74
0 19 175
0 25 61
0 21 63
43 32 31
3 18 69
2 43 161
1 44 130
0 0 52
6 8 52
0 56 179
28 12 47
2 53 108
1 32 110
13 40 11
0 3 171
3 21 67
0 40 43
8 42 171
7 55 57
0 21 11
60 8 78
67 55 42
1 34 26
3 45 78
1 20 190
24 12 137
3 4 165
114 33 58
13 46 146
24 26 41
39 32 164
3 11 100
2 15 110
6 59 39
1 56 78
108 26 160
409 59 193
5 39 121
14 4 194
0 11 136
411 16 138
5 20 47
77 1 131
2 25 180
18 58 110
3 7 176
1 41 169
0 27 44
2 39 116
0 10 110
4 52 84
1 24 127
0 43 48
32 4 45
0 11 49
722 47 181
23 22 89
21 43 165
7 4 73
2 18 162
2 7 170
0 3 6
13 12 167
0 27 159
0 28 144
1 4 104
1 38 144
2 18 32
0 14 73
0 55 192
0 38 93
1 51 196
2 5 198
2 39 59
0 18 181
17 35 98
13 58 153
20 53 18
283 22 186
86 3 135
2 1 162
0 40 168
9 11 9
23 56 62
8 6 180
5 45 192
371 41 16
1 23 81
16 24 1
651 52 161
37 18 84
545 8 179
0 53 99
0 16 97
2 6 170
0 19 91
0 20 1
0 26 94
6 30 131
0 51 18
0 53 174
42 33 5
0 24 101
1 42 173
0 55 138
7 42 61
0 27 147
1 9 83
0 48 69
0 56 48
2 6 194
1 29 191
0 38 159
89 34 82
2 27 195
2 40 115
3 51 133
474 29 79
0 54 139
3 34 174
0 23 133
140 45 87
158 17 4
2 36 92
4 31 102
0 59 10
15 56 180
7 50 138
0 38 104
17 0 81
8 39 136
0 42 132
0 42 143
0 59 175
1 0 196
0 5 155
722 13 110
0 19 188
0 44 139
0 17 65
0 18 79
0 2 148
3 55 95
6 22 54
2 52 4
0 56 5
0 5 40
132 55 199
2 43 157
0 4 160
2 46 125
0 16 1
0 55 133
0 32 31
4 17 199
336 7 48
1 17 60
37 41 47
0 35 14
1 58 33
2 24 97
11 23 151
3 24 84
2 20 186
0 3 147
239 13 75
0 43 35
330 53 191
0 3 35
128 54 55
0 48 122
0 10 76
0 19 176
14 3 71
0 17 165
0 55 134
676 7 113
0 55 51
1 57 59
2 38 170
32 47 182
80 37 94
0 15 12
5 43 90
0 28 125
6 10 83
0 49 149
4 18 131
0 33 144
36 11 166
2 40 186
0 24 125
354 35 7
1 6 147
0 34 10
0 33 53
0 28 45
1 30 66
2 10 48
7 47 29
0 3 183
9 29 197
1 1 125
235 7 152
2 54 68
0 35 65
1 5 158
0 4 123
7 1 103
1 43 142
0 54 108
18 51 69
0 51 168
1 50 183
10 29 58
260 29 139
0 30 29
0 24 143
0 36 45
10 39 24
1 33 37
3 9 77
0 39 3
0 24 43
1 16 82
15 2 116
0 45 132
2 46 98
0 15 68
0 39 187
0 6 198
0 56 140
2 47 69
0 11 118
5 22 184
0 29 146
10 47 134
1 53 150
9 18 118
5 13 133
0 2 2
3 10 137
0 14 44
290 56 119
1 28 126
0 45 162
6 4 67
9 15 195
0 10 174
1 56 138
0 19 179
5 30 87
0 31 147
0 14 124
14 14 164
106 35 138
298 52 167
6 4 87
11 10 78
0 56 28
0 4 68
0 19 72
2 10 36
16 20 183
1 55 44
631 50 106
0 22 122
19 12 51
21 57 149
0 20 80
1 20 150
0 27 125
17 23 153
0 1 12
2 20 4
17 43 107
1 15 179
7 33 112
0 31 10
76 40 144
17 55 175
0 43 183
0 49 132
4 55 24
12 57 20
25 29 152
0 11 5
2 29 175
0 19 170
0 11 58
0 29 193
20 48 84
2 38 73
0 55 30
0 4 160
11 17 144
0 46 152
59 35 117
21 22 93
4 19 110
2 40 119
2 38 33
11 29 46
0 37 64
2 54 192
65 55 145
18 40 51
0 36 37
4 41 79
0 20 86
0 12 177
6 20 65
22 36 72
6 53 184
0 8 182
0 58 37
0 29 57
258 33 101
0 9 199
0 59 21
653 14 183
12 9 197
351 31 138
1 27 169
9 17 50
1 38 181
1 52 32
204 33 92
12 1 177
8 53 79
0 0 17
49 55 20
0 7 189
1 27 58
0 2 129
5 55 7
36 6 161
132 41 146
2 30 71
2 16 181
0 39 24
1 4 25
0 5 141
3 10 137
0 29 195
226 50 188
25 8 183
230 44 28
4 39 147
0 30 89
9 7 63
68 16 38
2 29 5
102 36 74
2 17 182
0 11 24
0 11 17
16 45 25
2 34 11
37 26 185
0 35 88
0 11 62
0 0 86
0 17 164
55 19 148
42 32 57
12 21 34
0 39 166
18 41 156
1 22 133
3 49 69
2 18 177
3 53 99
0 6 172
0 24 89
3 10 50
17 31 88
4 17 66
0 36 103
1 11 109
5 36 153
0 13 145
0 5 81
10 32 29
0 55 164
2 34 4
33 56 196
0 46 18
0 32 55
4 6 41
0 46 194
0 43 73
16 24 73
1 58 85
1 16 119
2 32 123
773 23 124
319 26 16
1 23 46
1 45 51
0 8 1
1 9 45
5 0 189
1 56 76
0 27 142
0 6 160
1 12 151
2 6 84
19 19 69
16 6 80
41 34 4
1 48 128
45 29 111
0 45 60
67 15 30
2 11 58
4 36 3
0 15 173
5 27 117
2 23 135
3 50 72
1 9 123
0 9 49
365 38 188
73 34 152
10 34 49
1 40 74
0 13 70
0 3 136
0 16 102
28 58 135
38 53 97
28 14 83
0 22 177
0 29 187
1 15 91
19 1 42
0 56 114
0 9 68
1 56 43
79 41 175
0 58 73
0 40 62
3 45 173
103 41 105
28 52 93
341 2 117
1 43 61
0 57 31
10 15 60
0 0 195
0 18 199
3 32 178
10 25 51
74 31 96
49 17 133
0 18 188
0 29 64
0 26 88
0 5 101
1 32 21
6 17 47
0 17 35
12 44 8
1 19 51
1 7 46
0 47 57
0 36 53
2 36 170
0 29 149
42 19 90
186 25 102
0 22 41
0 9 169
45 21 158
10 35 183
1 57 12
1 31 53
28 11 4
1 22 181
0 54 112
0 21 193
5 51 122
2 26 26
3 47 123
0 52 147
193 55 50
0 49 69
12 26 112
6 4 182
2 36 200
6 56 81
1 26 172
2 22 101
25 29 38
3 24 151
7 23 140
0 34 89
0 59 153
4 42 122
64 14 23
41 6 19
0 28 74
2 31 141
0 13 26
0 44 28
1 44 153
72 53 6
4 55 120
8 32 193
0 17 148
0 30 151
14 48 41
5 3 116
5 58 195
1 33 60
0 15 186
8 21 98
5 2 139
0 11 189
0 18 112
1 32 91
0 5 53
0 10 150
0 46 82
0 45 91
0 37 133
263 49 147
0 58 164
2 18 76
2 45 104
0 43 86
1 33 108
0 10 50
17 59 177
6 26 153
11 55 132
0 16 120
0 3 177
1 17 155
168 32 2
363 9 200
17 39 199
0 2 102
5 16 24
0 16 80
5 45 96
0 12 15
17 15 187
133 43 43
1 26 38
1 37 127
611 35 126
0 38 59
0 47 151
2 57 160
610 14 126
493 16 50
164 59 102
27 33 132
37 4 58
0 57 107
170 47 185
13 52 86
0 56 22
4 33 158
11 7 167
0 23 87
0 20 152
1 36 182
0 20 94
28 30 44
101 57 146
0 43 90
1 31 89
2 5 94
3 15 50
1 8 64
2 10 9
1 0 29
0 13 103
0 55 162
26 48 150
82 55 173
0 21 198
340 39 183
0 42 49
3 0 184
0 41 136
36 57 128
67 16 148
1 42 40
3 25 123
2 31 119
4 29 92
11 41 63
117 21 195
0 31 156
145 26 174
0 46 73
1 7 184
318 16 184
20 57 64
0 18 20
0 0 154
32 26 198
32 5 99
8 28 59
0 24 7
23 42 5
1 35 37
1 47 67
452 52 81
0 28 143
1 14 175
0 33 26
8 36 119
3 30 177
212 2 103
0 20 158
13 57 152
1 22 165
0 25 110
0 6 102
4 11 85
0 30 197
4 28 69
213 33 129
0 57 154
2 51 179
2 0 59
10 14 49
0 11 35
1 23 115
523 29 105
0 56 88
1 41 156
0 58 123
0 23 161
21 30 10
2 3 108
3 7 37
0 17 37
4 48 112
2 34 186
1 20 150
19 55 11
0 11 157
11 0 63
2 45 121
251 53 183
2 8 147
0 29 163
0 38 185
1 6 81
25 32 44
22 55 195
0 37 159
0 21 77
2 37 170
363 1 98
122 6 99
0 34 101
9 13 55
1 24 144
58 23 188
0 39 18
0 28 159
0 12 90
7 47 20
0 21 45
0 45 104
0 32 9
1 40 78
514 16 47
0 22 2
0 50 48
32 9 34
13 28 10
215 20 141
0 2 168
0 41 177
0 4 145
46 33 11
311 10 46
13 42 127
0 49 153
1 16 4
4 46 13
0 38 97
40 21 167
67 33 142
2 53 141
2 46 46
1 4 198
9 43 61
1 26 54
0 43 133
31 41 142
4 48 167
1 45 1
7 43 112
10 22 12
17 16 198
1 0 67
3 30 136
0 15 80
64 30 53
4 37 112
286 48 62
0 59 133
0 27 148
0 31 67
7 15 107
2 1 5
48 29 127
0 43 21
7 37 55
1 57 22
0 41 163
25 12 135
63 14 79
7 31 142
11 20 21
6 26 92
0 32 181
0 17 162
18 37 158
2 44 12
0 22 84
0 37 96
5 3 117
0 25 195
3 39 109
0 45 178
100 30 65
0 38 116
0 58 196
2 39 165
278 57 149
28 29 72
2 3 194
0 7 165
1 27 1
4 52 102
5 31 37
34 4 57
3 2 26
29 8 144
105 23 184
2 57 115
4 36 178
1 24 178
0 1 153
1 50 114
4 42 14
270 21 33
14 43 70
31 38 156
8 14 96
195 15 152
8 18 165
77 53 89
50 16 28
1 16 39
3 54 117
2 2 136
0 23 193
4 54 91
12 7 46
24 7 156
7 57 136
1 9 77
88 55 18
2 37 69
0 40 46
0 53 151
1 37 29
0 16 17
3 54 46
1 32 127
0 37 199
0 43 40
5 53 15
0 49 150
26 11 89
0 23 57
0 40 18
0 6 16
7 57 189
5 1 46
16 0 9
0 39 39
94 10 88
15 23 54
1 23 180
2 47 69
110 57 29
8 42 151
4 33 87
0 31 95
2 52 192
2 23 52
4 26 95
14 14 164
2 32 147
0 43 54
95 55 189
5 38 156
2 8 83
0 1 184
15 16 45
15 37 188
2 5 167
0 1 85
1 8 135
8 56 20
3 22 189
1 47 163
0 10 176
0 57 123
1 54 167
6 2 12
1 24 42
3 12 6
3 33 96
64 38 125
4 52 167
1 26 71
9 46 137
4 35 99
0 17 200
7 15 68
0 28 185
14 53 142
0 46 65
0 33 112
0 41 104
6 1 44
0 32 182
5 22 73
9 46 53
44 1 68
1 59 57
1 47 86
0 59 57
1 47 4
14 55 92
10 52 117
1 35 5
1 4 197
0 58 63
201 43 160
0 53 138
87 46 39
0 48 51
0 7 101
2 7 38
17 34 19
0 3 44
4 18 49
7 32 158
2 11 135
44 52 135
30 44 149
1 43 142
14 32 131
1 40 109
3 19 91
4 51 104
0 52 136
94 34 82
0 12 119
0 37 97
320 58 159
0 19 37
23 37 163
0 9 68
17 55 175
269 57 49
0 28 45
0 53 33
1 14 68
7 11 19
0 17 75
2 45 199
331 20 148
0 2 53
1 33 168
31 43 100
3 2 140
0 47 103
6 39 85
7 25 141
0 58 71
8 21 55
223 20 72
59 41 37
2 27 165
15 58 45
1 41 108
1 50 167
76 53 8
8 43 3
98 4 170
0 37 90
7 11 90
3 9 77
0 52 89
0 48 188
1 43 33
1 14 89
5 39 94
0 30 35
0 24 157
19 50 121
90 28 130
5 2 49
10 7 108
0 32 54
13 29 117
26 8 177
0 35 135
37 47 145
2 20 28
699 55 181
0 57 91
0 0 177
0 55 163
0 17 2
9 18 108
1 37 70
1 37 31
3 46 1
31 52 65
3 41 169
1 56 28
0 26 117
15 40 176
5 9 179
0 13 162
9 1 140
0 43 179
8 44 112
0 47 162
0 42 174
0 14 24
4 1 98
0 10 135
65 44 94
1 54 51
5 57 123
2 33 121
1 40 61
2 14 72
82 41 110
1 55 5
0 24 194
0 26 112
79 34 4
1 26 133
6 51 19
3 31 35
0 11 147
461 45 76
3 10 113
1 58 193
7 27 42
0 37 158
0 37 133
30 19 31
40 11 186
1 15 92
5 56 102
0 17 127
0 14 162
0 21 101
0 42 159
4 40 62
4 8 157
5 9 142
0 13 104
0 49 136
15 16 74
5 41 181
114 58 115
29 50 184
17 48 151
17 42 36
0 27 66
63 39 186
224 27 91
1 24 65
1 51 125
0 50 168
1 32 160
1 43 35
0 35 45
7 47 51
0 25 196
6 40 35
0 48 104
0 6 127
0 38 159
3 8 193
0 47 62
0 40 123
0 0 52
4 14 121
0 3 175
2 54 132
5 56 131
0 17 155
2 47 157
52 22 99
83 22 32
0 12 166
7 34 44
91 25 90
0 15 120
1 0 127
3 16 181
65 28 104
13 26 54
1 21 106
2 24 75
73 51 75
19 59 32
18 57 200
11 29 46
6 8 174
0 17 39
143 46 151
14 54 158
5 40 133
60 23 132
0 51 181
25 19 169
18 35 72
1 31 29
0 1 34
2 39 72
17 49 53
1 51 196
0 3 44
4 9 31
9 24 96
0 34 87
0 49 168
0 16 191
14 38 105
0 13 12
3 51 62
25 9 150
10 21 86
91 30 177
44 49 105
5 19 32
1 2 95
7 18 85
8 52 174
3 50 4
123 59 92
2 10 21
1 50 84
243 7 199
0 17 14
0 15 151
741 26 185
1 22 116
6 30 133
0 50 104
0 18 65
63 59 178
0 44 15
3 6 38
0 58 127
400 22 36
1 39 150
0 9 113
1 15 12
0 15 34
3 45 27
19 44 189
0 7 134
3 51 157
0 58 65
27 3 11
42 57 50
2 32 19
6 17 27
0 21 74
1 40 168
4 16 188
11 1 37
1 51 91
8 28 197
71 25 155
1 30 200
5 59 145
2 19 38
6 27 29
2 33 90
106 49 78
6 36 110
8 53 193
0 52 172
195 54 154
602 26 78
1 6 148
4 21 44
0 59 32
28 22 113
0 35 173
11 43 130
3 49 46
0 3 33
1 29 165
0 24 69
0 27 134
2 59 49
0 29 108
26 40 138
17 25 63
15 4 118
13 33 111
26 10 116
10 21 200
8 42 161
13 7 138
3 4 113
1 1 101
2 54 106
1 26 50
0 18 7
1 4 195
0 16 116
0 48 55
0 45 39
2 34 145
2 1 131
16 39 106
3 45 20
0 56 87
0 51 67
72 4 81
0 29 44
2 22 53
37 23 54
1 4 175
6 1 183
1 36 91
0 11 170
9 46 195
0 13 175
1 5 19
78 56 10
0 20 178
0 27 91
3 41 35
4 6 93
3 12 131
1 14 27
0 3 79
0 1 54
1 46 86
4 47 87
6 23 157
0 17 121
0 16 187
0 1 80
1 18 165
1 4 91
20 34 72
0 58 85
0 39 178
0 57 179
11 34 118
2 2 35
14 7 72
0 51 55
1 55 166
3 36 190
2 14 189
390 52 177
29 1 135
0 23 41
0 48 158
7 48 179
10 30 145
1 41 76
0 14 156
2 37 9
2 53 9
3 18 84
70 37 138
2 37 135
2 58 110
15 14 194
141 8 9
24 45 132
3 53 155
2 57 125
29 9 26
1 25 115
0 18 180
0 55 32
0 19 91
689 23 191
186 0 44
86 8 125
8 22 13
115 44 38
1 16 66
8 39 163
0 23 131
26 4 184
43 11 6
0 9 115
5 24 189
7 14 40
1 8 114
2 49 80
616 35 126
12 54 96
0 38 177
0 55 33
0 15 59
3 54 105
2 25 18
0 23 138
1 25 2
1 53 72
7 17 12
16 30 74
277 18 70
1 21 70
0 26 40
749 3 62
2 30 13
2 10 53
24 31 15
3 7 171
233 58 173
0 7 136
55 24 47
0 44 113
0 20 136
18 0 123
0 35 33
1 20 135
3 58 93
80 1 59
0 22 47
1 20 190
22 45 58
3 41 43
2 2 67
15 10 193
0 6 61
7 24 12
0 11 120
3 31 117
24 13 99
9 21 150
1 33 63
16 24 96
8 8 83
1 8 135
0 28 173
0 39 113
0 15 108
2 50 100
17 36 200
0 44 35
0 31 88
2 36 135
0 53 184
0 52 26
0 24 137
0 30 184
0 36 180
0 32 163
582 10 55
1 15 93
0 36 60
0 12 154
0 14 139
0 25 111
0 12 84
7 14 23
22 55 93
1 25 65
4 58 100
141 55 136
0 39 126
2 56 1
12 7 87
1 22 164
120 5 188
62 20 174
21 28 124
1 4 177
4 12 119
0 22 172
6 16 181
10 24 174
0 51 165
0 21 60
2 7 100
0 44 195
0 56 46
4 6 87
32 29 173
8 46 194
0 44 168
4 25 190
7 28 15
12 0 25
5 30 28
0 29 184
1 37 79
0 4 32
0 11 32
73 3 158
68 21 40
2 14 55
10 51 85
1 0 199
1 21 2
0 41 88
0 28 112
76 45 171
18 49 42
190 32 15
0 30 55
1 25 55
1 35 76
9 28 149
1 30 112
0 25 49
0 22 68
0 58 151
525 10 31
0 51 83
7 42 143
1 0 148
8 1 198
17 7 104
1 5 45
11 50 127
4 37 97
2 5 74
63 14 163
0 6 117
19 47 45
0 30 138
0 30 59
0 45 6
0 48 30
0 18 126
0 35 196
9 8 49
0 15 81
0 41 145
12 5 32
0 23 78
82 32 166
0 1 15
3 23 166
3 53 11
1 47 71
23 2 179
6 22 57
11 33 166
1 59 59
0 50 97
4 31 121
23 4 53
1 46 180
26 16 114
1 31 96
4 42 125
0 45 104
23 32 154
0 41 27
0 30 84
5 34 55
0 53 113
7 28 82
4 15 57
4 39 32
80 10 79
6 54 9
9 9 5
0 11 82
1 42 139
12 57 58
2 18 23
0 48 195
2 57 8
0 42 125
0 43 14
0 1 197
0 57 137
0 33 18
4 5 71
0 33 32
0 43 86
7 37 172
25 7 2
2 43 97
13 44 20
2 26 8
0 25 119
15 37 127
10 27 45
9 18 67
1 1 171
3 20 132
2 53 163
0 58 85
73 20 122
0 30 167
0 18 135
0 22 38
318 44 37
14 32 105
118 13 138
14 32 197
1 40 177
27 15 86
0 8 157
0 55 200
6 11 79
192 32 166
0 58 9
0 54 82
2 6 120
100 27 9
0 26 92
0 36 162
1 0 42
46 40 60
1 5 105
0 39 144
6 22 84
0 9 151
0 45 20
220 20 187
204 10 158
0 11 57
114 35 75
6 21 40
7 29 185
0 25 105
3 36 25
0 15 177
2 48 122
0 38 122
6 11 91
4 30 37
0 13 46
2 20 30
0 32 101
3 12 181
47 14 50
0 34 170
37 10 131
0 25 55
0 35 78
2 24 63
1 14 40
1 11 31
0 4 61
6 3 74
2 29 53
9 59 118
46 35 70
13 8 160
81 54 174
9 50 47
0 8 92
6 33 124
5 11 159
0 27 110
1 33 102
0 55 70
0 17 164
0 26 148
2 55 5
0 35 118
0 53 85
0 32 159
0 26 77
47 40 171
4 40 199
80 58 122
46 0 189
1 56 62
5 49 146
0 35 163
11 11 57
0 9 69
52 33 35
1 9 145
0 8 146
1 54 109
0 43 55
25 9 32
0 50 90
0 29 79
2 17 98
168 33 31
1 42 184
168 30 144
1 15 18
14 55 109
191 16 198
0 30 185
0 50 20
0 6 139
5 51 184
0 27 89
0 48 177
7 3 134
3 53 48
0 26 134
5 25 184
81 17 58
0 21 136
175 4 14
0 13 137
3 30 9
0 13 96
29 28 40
6 28 121
2 19 140
1 8 133
5 51 67
33 56 13
3 53 54
35 10 133
11 38 154
1 27 124
2 5 7
19 57 159
2 25 98
19 38 199
44 7 78
2 48 178
11 59 21
601 15 29
1 9 31
1 18 95
135 25 55
0 34 82
3 21 11
0 20 85
5 2 49
0 33 82
4 55 26
25 16 104
4 20 149
198 14 30
0 12 5
0 33 5
17 57 16
479 15 182
17 3 29
0 47 112
0 20 84
1 41 131
0 0 106
0 31 193
0 7 18
38 44 53
1 20 140
4 51 25
2 52 20
1 46 183
0 24 106
43 54 26
75 44 87
5 36 107
103 0 61
0 52 8
7 17 53
0 43 16
1 44 47
0 57 29
0 7 186
0 42 55
0 51 124
88 40 58
0 5 192
10 53 75
2 31 122
33 44 44
3 15 36
4 19 131
69 56 18
1 57 68
0 4 72
54 37 92
2 12 137
5 27 128
2 36 16
2 6 37
20 27 21
40 4 190
0 3 198
0 3 75
3 7 71
97 8 165
0 12 2
1 31 4
2 54 149
0 4 81
30 25 142
0 33 89
24 26 124
60 57 97
0 49 99
0 7 4
1 48 186
2 35 60
292 40 195
0 14 90
1 59 153
66 3 57
50 17 151
2 15 120
3 39 90
2 3 193
0 10 79
27 25 90
0 40 106
3 40 83
0 47 10
11 0 60
6 29 15
0 8 146
1 26 99
0 50 134
83 3 92
0 2 89
10 35 94
4 42 85
0 2 89
0 53 49
14 35 101
0 0 168
0 45 27
0 4 95
0 39 14
9 44 134
12 44 114
2 30 93
31 12 77
4 2 181
0 31 191
0 5 116
0 29 192
16 19 45
3 42 30
6 30 104
0 43 121
0 31 20
1 8 187
1 23 59
0 42 143
58 30 104
0 48 158
36 29 150
6 32 129
233 49 175
4 11 135
0 22 101
0 22 16
4 19 70
0 54 191
1 46 67
0 54 141
82 22 147
1 59 190
1 58 92
3 11 6
0 15 187
0 15 112
2 41 108
0 32 69
0 41 195
3 55 152
2 44 167
0 34 10
22 46 111
1 43 44
1 58 49
2 43 69
2 41 32
1 54 135
2 31 107
0 58 158
0 53 200
3 35 123
197 23 37
4 52 91
313 12 51
2 23 121
180 1 73
1 29 10
0 2 9
24 4 102
13 5 25
3 4 79
7 9 90
0 2 114
0 52 110
11 16 188
2 37 27
136 49 63
1 35 102
0 21 33
0 29 113
11 19 86
339 17 174
0 41 25
0 32 45
31 58 146
0 32 28
0 52 70
7 35 152
0 31 8
0 57 16
0 48 45
0 27 28
0 36 91
1 41 113
0 57 88
1 25 56
0 12 7
4 40 178
0 9 172
1 12 125
0 34 165
1 26 37
63 38 62
1 15 38
1 11 173
0 24 122
12 30 156
1 25 110
0 58 6
3 34 127
0 7 192
6 4 199
763 8 88
0 11 52
4 7 179
0 2 138
13 50 183
1 43 4
0 3 18
1 33 127
0 53 71
0 35 96
1 48 164
3 6 52
7 23 15
4 22 83
11 4 19
3 28 40
0 44 134
0 27 47
0 40 89
13 8 175
0 12 35
0 39 78
0 5 20
0 27 3
0 22 56
2 6 171
3 33 37
0 15 148
637 3 97
51 16 129
0 31 124
3 41 28
0 6 39
14 27 30
0 48 149
438 9 43
1 14 19
0 21 99
0 10 62
0 40 117
0 30 139
0 40 65
687 16 33
0 36 187
2 5 54
8 57 158
0 38 159
6 23 180
0 58 117
4 6 183
1 11 195
0 10 106
153 50 162
7 33 151
0 33 97
17 22 34
3 57 144
1 37 197
0 49 103
0 45 192
3 23 186
54 40 181
6 0 193
6 48 65
69 45 49
1 23 32
13 19 162
0 15 161
530 22 79
0 43 200
8 34 84
61 6 13
0 43 28
6 49 1
1 0 92
1 32 131
4 18 62
0 40 182
7 36 48
0 23 29
1 57 167
0 38 99
0 50 145
207 41 165
1 45 108
0 51 141
0 0 168
1 48 50
1 38 195
1 41 189
3 19 90
0 57 54
6 34 16
1 51 35
1 33 185
80 55 26
140 6 169
0 3 82
11 29 120
0 17 175
231 26 161
4 12 91
1 13 173
0 3 60
0 27 3
0 29 106
2 27 102
0 40 55
0 9 200
0 58 17
2 0 40
0 20 99
0 27 97
0 6 125
4 52 17
6 12 129
3 59 162
3 15 140
1 50 47
50 49 122
0 47 186
237 49 151
0 32 23
0 27 47
371 52 25
22 26 83
0 16 115
0 1 57
33 45 83
2 53 151
0 41 57
0 38 164
0 47 54
6 48 174
5 50 45
0 49 36
3 3 11
26 1 167
0 59 161
51 7 35
0 39 110
1 23 57
0 34 3
0 5 53
0 48 101
8 14 32
16 51 2
3 27 67
1 59 87
1 38 2
0 46 66
0 10 136
43 2 134
0 25 85
1 55 37
0 30 20
37 40 16
0 23 119
0 37 179
2 25 94
13 9 179
16 48 155
0 47 107
7 31 41
1 17 138
1 45 125
349 17 44
12 46 17
0 48 28
0 5 28
23 54 165
1 58 39
0 34 198
1 22 170
0 34 172
7 55 132
0 9 148
16 21 166
18 44 181
3 31 48
6 2 162
0 32 85
0 50 10
3 52 138
11 43 97
1 28 151
7 44 123
39 33 120
21 8 75
1 35 151
0 41 60
0 52 133
33 0 38
3 37 109
1 59 153
16 32 160
1 59 96
0 19 144
2 24 107
13 7 199
97 44 120
31 7 159
123 36 143
10 25 54
96 18 37
0 7 85
0 49 161
1 54 44
17 8 85
9 43 121
1 23 149
2 31 77
0 48 161
29 34 28
6 19 86
3 7 5
7 17 40
9 8 44
0 29 70
3 28 164
5 49 134
0 10 124
336 58 43
5 38 135
0 12 9
3 40 112
3 57 129
1 21 139
5 50 25
59 39 52
0 47 86
56 51 115
333 4 191
1 3 198
99 39 137
0 21 78
0 50 84
32 10 166
3 59 142
513 44 13
38 56 67
0 31 175
6 55 151
2 43 1
79 35 3
5 15 123
0 30 38
11 21 16
35 46 133
2 31 136
6 48 65
3 55 121
8 36 122
20 9 95
4 45 129
12 45 1
0 16 156
0 17 138
0 8 127
2 1 176
1 4 99
0 42 3
8 0 146
0 53 33
140 55 162
0 51 122
2 32 112
0 45 137
0 37 53
2 33 170
12 19 119
2 58 158
0 29 155
3 32 22
12 1 68
9 38 142
0 21 17
0 14 151
341 37 116
1 1 122
29 8 5
2 47 27
4 30 142
0 3 41
159 24 60
1 12 172
0 6 37
21 8 171
94 1 141
2 39 11
137 21 151
0 20 86
0 58 104
1 36 140
0 18 129
0 47 117
62 57 27
0 18 19
133 41 116
6 20 55
13 3 44
3 31 22
1 42 191
0 3 111
3 33 179
0 56 164
0 34 29
0 33 14
6 25 166
0 41 88
0 51 18
6 41 81
0 6 33
1 50 192
0 23 177
0 5 110
0 54 118
8 54 110
2 26 122
27 13 177
16 20 192
0 20 14
1 30 161
249 49 94
0 15 24
0 17 199
4 41 36
0 39 163
3 4 44
6 21 33
0 14 180
7 42 13
7 38 1
2 20 105
0 34 197
3 18 101
0 27 82
14 42 164
0 52 182
1 57 135
4 0 75
2 8 9
0 16 182
53 31 164
1 57 154
1 59 23
1 55 109
2 6 168
0 50 149
0 37 152
1 1 196
29 24 75
4 47 65
0 6 185
0 4 189
30 30 51
0 22 51
28 39 198
23 54 180
4 29 24
128 4 144
0 37 50
0 19 68
1 11 12
2 39 151
278 4 78
0 27 72
24 33 25
1 14 23
2 50 25
5 55 37
150 43 118
7 43 3
6 9 2
0 46 10
249 41 22
2 26 80
14 21 185
1 40 189
0 57 142
2 40 35
4 53 50
0 51 33
0 23 138
1 9 171
4 12 54
463 21 119
0 2 150
88 49 100
0 52 82
0 4 21
1 5 75
1 52 118
5 53 171
14 54 188
44 9 154
2 50 73
0 8 32
92 31 117
7 43 80
6 10 162
6 31 72
0 22 34
0 21 98
1 20 53
3 9 8
2 47 87
2 58 185
5 50 107
0 33 111
15 8 177
0 20 62
1 16 84
0 47 87
3 58 6
10 46 121
72 6 146
6 22 31
8 22 168
3 24 115
1 16 107
0 10 98
0 45 186
33 32 191
6 8 194
0 48 52
0 7 186
4 3 132
0 10 200
4 6 97
1 28 46
0 34 49
3 42 55
2 54 166
2 43 17
5 25 171
34 23 99
0 35 27
4 49 107
1 12 72
9 52 88
1 35 191
8 20 194
54 16 87
4 3 87
259 33 73
2 57 67
0 43 155
5 53 133
3 47 141
1 47 147
0 24 118
0 3 106
1 35 102
0 47 146
2 26 144
40 49 33
10 3 154
0 41 173
0 42 174
133 39 105
1 0 117
54 9 41
12 41 153
0 40 83
2 47 118
496 27 126
4 26 153
147 35 82
15 31 193
1 47 194
0 8 157
1 10 156
2 13 148
0 29 193
4 21 186
0 0 163
554 40 164
187 19 92
13 43 199
2 4 129
0 22 97
29 46 100
4 31 30
426 15 137
1 41 40
1 43 101
3 17 106
0 51 195
19 24 12
56 27 19
16 51 16
28 37 142
0 22 110
5 38 52
329 6 74
0 24 112
2 26 10
2 2 109
2 46 5
42 42 105
0 58 197
0 6 15
0 24 5
134 58 187
3 2 85
0 46 165
43 29 1
4 14 109
18 25 61
0 25 28
0 8 57
1 49 84
22 4 113
40 43 127
94 20 185
0 26 115
66 31 80
132 46 29
4 33 161
125 23 116
0 43 81
1 13 5
682 19 115
151 16 53
0 0 50
1 38 166
1 0 130
0 56 186
0 19 40
91 13 49
0 25 196
2 25 84
38 0 127
0 10 155
0 30 140
0 32 127
0 17 48
2 20 140
205 48 133
1 58 92
629 57 152
0 42 58
0 42 35
21 17 143
1 10 17
3 12 64
4 21 188
2 46 163
32 26 2
10 11 29
0 25 190
4 54 78
1 18 8
180 6 197
0 2 109
225 14 120
8 8 136
1 7 199
31 59 172
197 22 133
5 19 172
0 52 21
3 12 134
0 10 119
48 58 175
0 33 82
3 21 171
2 3 42
3 50 20
171 50 108
0 29 167
0 14 104
14 22 199
90 0 122
3 37 181
0 21 51
11 20 17
0 17 193
1 45 196
1 59 2
0 20 31
1 57 42
8 43 3
0 14 187
6 33 185
2 22 35
8 38 195
0 20 181
0 18 24
0 39 29
45 30 191
3 3 52
10 5 169
74 41 78
0 34 188
2 59 165
0 42 25
1 12 197
0 55 7
0 14 117
0 32 35
1 53 25
0 29 29
0 5 14
38 42 138
19 16 52
45 21 176
29 12 134
0 35 3
0 7 11
2 2 186
21 43 1
7 33 77
491 47 91
46 9 138
0 4 113
48 34 120
0 1 79
0 32 154
0 51 41
24 14 119
45 6 47
139 19 133
0 14 16
0 31 97
219 21 182
3 1 88
6 17 152
3 4 156
1 50 150
113 20 171
0 59 87
9 17 56
0 27 118
0 20 169
2 0 15
0 22 163
0 47 64
16 27 75
0 2 176
1 37 66
11 9 80
21 21 75
1 23 6
0 21 110
3 1 175
0 12 81
28 0 24
0 45 67
3 58 80
1 7 158
0 38 196
4 55 73
2 54 175
223 17 30
0 29 49
3 8 48
2 7 98
7 22 57
9 3 80
51 24 37
86 4 40
0 59 96
0 39 120
0 17 68
0 35 31
0 19 29
5 57 121
4 4 161
4 23 149
0 52 196
7 29 172
54 31 40
2 20 30
20 38 133
4 43 193
0 11 69
0 55 179
14 57 5
0 49 105
9 50 22
0 0 162
43 10 143
0 23 1
12 3 60
3 26 116
0 32 170
1 14 40
6 26 129
1 9 151
1 54 41
0 27 98
14 11 152
74 37 154
9 52 104
0 58 54
0 30 111
0 3 192
2 33 98
2 34 125
1 37 159
4 33 72
2 8 30
0 16 13
3 47 55
29 31 73
63 12 162
2 47 70
1 51 23
0 5 25
1 34 126
234 11 171
25 34 12
2 9 138
0 32 172
5 51 154
62 47 14
7 7 172
8 59 75
1 10 1
1 40 149
0 11 47
0 22 92
185 18 181
0 25 118
1 49 61
0 40 71
72 19 90
2 42 85
2 0 61
0 37 117
0 15 155
3 24 181
6 18 189
4 12 185
31 10 66
0 43 76
1 36 123
193 41 81
1 34 45
1 13 187
0 38 43
19 12 52
89 17 191
4 10 163
2 39 2
9 42 89
0 46 99
8 23 183
0 28 162
0 41 133
0 4 169
1 28 54
0 40 127
55 19 141
0 36 66
1 3 136
0 55 53
0 5 99
29 24 147
0 55 133
0 45 79
1 17 73
0 59 167
25 58 13
2 53 101
0 55 186
0 19 100
0 0 160
0 50 166
0 57 47
2 13 155
0 48 183
0 22 40
2 29 30
0 58 130
6 47 101
1 44 51
0 19 89
9 28 170
0 25 76
2 19 123
0 11 173
1 28 101
0 38 9
0 46 100
1 54 136
43 21 121
0 15 157
3 28 19
8 23 83
3 57 5
0 12 106
1 15 85
0 31 10
0 9 91
0 7 77
3 35 133
133 56 104
2 44 63
20 7 23
2 51 85
3 2 133
9 44 53
2 41 101
595 15 17
0 57 113
1 34 139
0 47 190
32 3 133
8 47 73
1 2 122
0 45 164
12 22 76
0 45 143
499 10 70
0 42 74
2 41 140
14 8 69
5 58 103
0 54 189
19 11 95
0 6 30
0 14 103
0 21 173
0 38 195
1 16 184
1 20 148
3 57 43
0 43 34
12 2 8
0 40 78
1 54 5
0 18 192
76 37 132
82 33 44
0 45 37
0 8 187
8 5 95
2 49 93
24 49 85
2 17 179
0 49 163
2 8 134
0 7 119
2 22 130
733 24 139
0 9 33
0 54 125
0 50 137
1 30 55
1 1 92
2 42 116
0 29 90
10 41 100
1 3 112
0 50 154
6 45 17
73 43 53
0 20 100
99 31 184
9 4 119
0 14 141
0 7 6
17 45 106
1 56 92
0 16 171
0 33 2
0 54 150
61 2 132
1 39 160
4 46 164
2 28 157
0 14 149
10 55 48
2 22 132
0 11 98
3 42 70
1 52 22
3 22 147
7 48 197
0 45 113
12 39 81
1 6 33
0 27 63
7 50 81
0 52 149
3 11 139
1 25 124
0 50 21
17 2 187
2 45 23
17 56 109
20 10 134
5 17 4
73 27 139
117 10 2
2 28 19
40 13 80
1 49 104
73 51 68
1 20 164
0 32 119
2 58 133
14 41 50
9 2 5
0 50 86
0 35 72
50 7 140
8 21 162
12 41 123
2 26 142
1 26 142
1 26 170
4 52 93
0 4 65
0 8 96
3 9 101
5 53 100
5 35 188
2 40 26
0 7 5
1 20 17
0 14 13
48 47 93
82 29 71
0 50 143
43 41 75
21 50 8
0 20 30
1 28 2
0 7 200
0 10 77
9 37 165
0 31 163
33 22 194
1 35 124
0 53 70
2 12 99
0 35 169
0 51 55
21 21 97
2 18 104
117 5 71
2 47 184
131 20 123
2 6 48
2 53 24
3 53 96
278 19 1
20 45 183
7 55 9
4 45 101
36 25 75
0 42 188
0 30 115
28 15 25
0 2 76
0 55 143
0 28 103
5 3 10
14 48 165
0 17 186
0 18 153
54 25 176
0 4 152
0 21 197
7 45 100
7 50 42
33 40 194
661 24 1
0 9 173
18 20 49
11 58 137
3 19 114
1 43 105
16 32 198
0 29 136
2 30 94
0 31 51
2 15 84
5 56 40
5 18 60
15 35 110
1 23 168
0 0 145
9 25 145
0 29 28
13 47 92
0 5 33
1 37 86
17 39 12
5 18 200
6 29 14
0 43 178
0 49 156
0 46 190
309 30 159
4 42 24
0 19 55
0 46 39
15 36 7
250 42 69
1 23 184
0 35 184
0 23 169
0 38 148
8 48 79
1 35 185
90 37 164
0 38 139
1 17 114
0 45 153
0 46 80
0 31 187
0 28 155
0 15 179
0 2 52
3 10 195
9 21 135
5 17 61
0 50 143
10 51 187
3 14 152
3 21 9
6 34 99
80 4 176
1 13 161
3 31 108
0 46 189
359 37 141
39 49 39
0 21 54
0 27 22
0 5 161
78 27 72
2 54 80
3 26 140
1 46 9
4 23 86
44 18 111
0 56 178
441 31 5
18 48 66
1 44 104
0 20 59
2 15 64
1 42 43
1 44 62
7 51 97
0 43 38
25 13 123
56 48 78
2 6 77
0 43 155
2 42 168
50 17 155
154 20 2
10 0 96
7 54 24
24 40 188
1 54 124
3 12 70
181 42 143
175 40 125
11 13 125
504 18 4
4 46 92
0 5 195
0 58 40
1 5 195
0 23 163
25 14 11
1 37 3
109 29 40
3 35 133
0 56 117
5 32 97
0 59 51
3 3 153
0 12 82
0 8 167
0 23 20
0 28 144
0 54 103
0 17 2
17 55 84
1 59 113
3 15 18
1 33 132
78 56 11
1 46 186
1 12 24
0 49 68
0 20 143
12 56 126
35 43 133
0 8 113
17 26 131
124 38 29
0 26 52
0 5 166
55 14 101
0 20 59
2 5 186
1 19 138
26 51 100
0 42 34
0 2 94
6 34 49
0 10 175
2 38 154
7 43 35
4 20 64
15 20 46
1 28 123
83 25 36
2 32 23
0 19 88
3 5 87
3 46 152
1 2 130
0 31 48
0 42 37
0 23 127
98 54 67
5 5 175
3 7 62
175 26 55
0 54 31
0 43 168
0 9 23
1 16 70
18 36 4
0 52 109
228 37 21
1 35 87
0 16 196
0 27 187
12 1 195
2 58 161
2 42 147
0 46 13
0 54 153
0 52 135
4 9 86
0 35 60
0 2 180
258 34 86
16 34 98
3 5 147
0 28 144
71 49 156
1 58 49
0 43 177
24 58 90
0 19 141
110 16 195
2 45 129
3 56 126
10 45 167
0 37 18
0 24 114
13 1 140
2 41 170
0 41 196
7 6 170
86 3 181
4 43 127
13 17 190
22 10 98
0 50 197
0 35 16
219 50 33
4 18 174
19 29 5
0 11 13
0 37 78
5 52 18
2 37 113
142 47 186
0 47 69
0 56 24
678 19 74
0 44 132
2 53 85
0 54 7
17 45 76
149 18 139
0 43 21
1 59 103
82 30 23
0 40 174
4 27 199
43 14 48
23 43 31
3 54 86
2 14 74
2 44 135
23 30 138
1 14 117
0 25 175
0 17 97
1 50 5
14 59 25
4 14 43
16 49 74
0 22 178
0 1 14
0 4 132
231 20 140
0 3 195
0 51 116
3 59 84
6 13 103
12 36 197
0 58 44
1 10 6
0 47 79
59 37 171
2 37 133
12 50 60
0 24 82
33 3 162
1 23 198
0 30 98
31 37 31
7 15 135
0 25 198
4 44 166
9 12 29
0 49 153
2 46 107
15 9 197
5 16 167
2 27 164
1 18 177
0 22 180
0 23 12
205 26 183
0 1 162
8 49 103
0 34 121
0 54 153
0 9 83
1 5 109
0 31 69
0 42 168
0 6 180
156 28 56
0 2 152
62 47 125
0 3 151
0 31 163
5 8 188
1 21 62
0 38 55
7 35 57
0 2 100
0 41 111
0 56 112
0 48 4
7 4 150
5 12 85
18 18 141
12 18 163
2 40 147
38 22 84
391 17 158
187 29 98
46 18 138
8 39 63
310 49 57
6 17 126
2 18 57
14 8 71
1 36 16
3 31 25
2 31 142
2 29 200
1 57 160
6 27 199
2 9 87
0 37 119
3 52 60
0 50 7
1 5 81
3 27 76
2 15 153
0 0 164
1 25 115
0 6 39
0 5 104
0 1 86
0 24 95
25 40 38
2 27 95
5 20 140
4 38 33
1 14 163
22 24 34
0 53 50
0 5 14
1 37 150
1 16 110
8 19 8
2 39 198
3 29 110
0 38 149
72 36 87
4 55 167
29 44 84
7 6 79
24 50 114
3 34 10
85 17 199
44 51 128
0 10 150
0 43 155
6 32 188
2 38 17
542 33 95
0 3 121
252 18 109
0 32 30
4 33 171
0 43 74
67 49 137
2 14 170
7 6 173
13 17 171
0 19 60
30 22 85
0 50 29
1 40 4
1 9 185
0 3 150
0 6 139
3 8 180
0 19 94
0 4 104
4 25 107
3 58 25
23 29 193
1 15 96
54 54 34
0 5 67
0 2 43
1 46 96
1 30 168
0 35 92
0 19 187
4 30 74
8 0 113
1 22 100
97 9 146
0 9 160
11 33 55
0 2 52
0 59 3
96 59 132
1 49 180
5 47 35
0 51 122
0 50 92
1 19 18
25 5 77
3 32 35
0 22 27
0 18 161
1 51 28
0 33 118
6 29 17
5 25 29
0 30 42
0 19 162
2 44 42
0 38 108
57 38 151
15 23 154
0 12 103
6 40 89
4 16 128
11 57 87
0 1 71
125 56 67
2 8 98
0 58 11
1 53 12
259 11 23
0 7 152
0 31 56
2 41 71
1 9 136
3 2 75
0 14 34
1 10 6
380 56 165
1 36 45
74 56 75
0 21 50
24 38 126
16 33 135
0 14 87
0 30 137
12 29 152
0 40 78
421 10 195
0 7 198
5 3 146
5 52 148
0 20 25
49 0 119
26 52 196
1 33 193
11 16 171
5 37 96
0 23 190
3 59 25
14 42 47
14 50 59
552 35 73
4 24 153
20 20 27
3 27 93
0 45 84
1 19 99
2 14 9
1 51 167
17 47 121
6 30 97
0 15 136
0 40 183
2 24 67
3 4 101
13 14 115
0 37 70
4 40 132
2 51 37
0 38 12
0 47 134
525 28 128
6 7 37
0 26 133
1 12 11
0 35 69
75 45 15
0 12 191
0 22 77
0 39 81
3 10 17
14 28 92
3 44 107
0 27 6
4 49 40
9 23 108
0 18 74
0 4 190
0 17 183
5 0 27
16 40 37
89 12 136
0 3 40
16 9 181
5 45 172
2 48 200
41 47 100
0 6 177
21 30 25
0 42 62
517 18 20
22 30 149
1 53 129
0 53 116
1 39 21
4 57 136
0 40 86
2 50 159
2 35 58
0 27 164
0 22 90
43 21 185
0 2 66
0 20 124
72 11 56
263 1 115
1 42 89
4 49 7
22 46 35
103 26 71
16 54 67
1 32 150
0 49 131
0 3 195
98 0 141
457 14 126
1 41 188
0 26 98
52 11 68
0 58 163
0 37 173
14 7 158
1 6 141
0 10 51
5 58 35
28 8 68
4 28 43
0 43 108
1 22 26
1 26 3
33 38 12
1 46 156
10 19 31
0 25 7
100 50 72
17 43 97
0 56 135
2 29 114
3 27 167
0 53 47
200 24 200
2 2 136
18 4 29
36 58 124
59 42 127
0 40 87
0 39 88
0 41 182
3 44 104
3 0 200
5 12 125
2 7 13
40 54 87
1 24 120
6 59 29
7 29 72
0 47 133
0 39 151
0 32 114
4 15 53
0 5 8
0 46 32
2 44 92
0 28 18
13 52 10
1 15 12
0 33 7
13 26 198
0 32 159
0 7 90
0 11 185
0 41 47
1 13 31
0 38 30
0 0 175
6 57 175
16 41 181
0 16 46
1 47 131
0 47 26
0 41 79
0 22 176
1 49 189
8 16 72
0 36 162
1 54 49
0 38 46
9 57 90
278 37 186
2 49 128
52 37 4
10 28 71
13 12 133
0 8 58
4 40 117
0 29 60
0 12 115
1 28 98
19 13 25
0 56 142
0 50 83
0 44 187
1 13 6
8 54 186
2 10 164
1 37 11
19 23 96
0 40 142
52 56 160
0 11 120
6 18 147
0 36 120
0 37 12
6 45 88
0 21 84
0 37 62
0 6 125
11 24 17
3 53 154
38 58 145
0 11 142
0 25 121
0 3 64
1 7 155
0 15 188
0 53 160
0 2 77
0 20 7
466 3 96
0 45 200
0 9 123
234 21 106
0 41 90
11 56 156
16 48 125
0 40 141
5 59 72
437 42 162
1 53 94
0 21 106
0 36 46
149 13 134
4 15 38
73 54 105
1 7 182
2 18 196
12 45 93
0 7 13
20 35 40
1 13 54
1 40 136
0 32 143
0 54 109
0 4 32
0 12 97
10 48 161
5 32 79
0 37 32
0 5 118
1 4 168
1 9 1
5 57 152
0 29 40
2 26 163
2 42 132
23 22 14
1 39 65
5 3 119
23 37 75
10 26 172
2 21 31
5 29 152
18 43 9
5 33 183
673 2 44
0 22 166
1 1 150
7 14 164
0 5 48
43 37 170
70 42 87
1 41 96
0 38 198
2 48 124
0 9 178
220 32 48
5 54 109
0 2 139
5 53 62
3 27 44
5 26 171
0 0 97
10 52 140
12 19 35
11 30 17
5 43 157
2 39 97
9 44 168
0 22 65
534 50 84
4 5 162
2 5 159
0 56 14
449 35 163
20 57 57
1 17 59
71 10 46
11 34 186
0 0 123
0 16 124
3 2 1
0 24 56
0 6 166
23 27 156
3 42 72
0 50 43
2 41 43
1 21 189
2 12 82
1 37 117
5 53 134
4 27 15
1 10 16
1 24 119
0 19 20
0 23 139
0 37 96
45 0 81
1 15 39
1 40 82
1 5 63
4 3 85
1 36 117
0 44 50
0 9 156
179 59 29
121 46 140
6 29 136
12 47 44
469 51 106
3 28 83
29 25 165
21 30 147
1 23 47
0 59 54
0 26 142
1 21 146
0 15 185
11 27 51
8 3 69
5 30 115
15 34 63
6 38 91
3 2 192
2 5 48
58 36 165
2 4 115
132 44 132
0 5 123
2 2 170
0 8 164
0 3 158
42 9 69
1 43 129
0 50 10
86 21 19
1 35 62
5 44 66
4 25 50
0 58 186
255 51 106
1 8 116
29 58 119
194 21 162
53 59 2
29 11 158
0 50 127
2 55 161
78 19 182
0 5 42
2 44 185
0 29 161
779 36 91
0 50 89
3 29 196
4 7 114
0 56 161
1 53 97
1 50 144
5 23 71
3 36 182
35 45 200
27 0 133
1 23 141
5 37 17
10 41 113
8 48 82
14 56 45
1 14 142
0 37 57
309 27 2
0 43 67
3 5 190
3 58 34
273 38 133
181 23 89
16 8 119
16 20 41
2 34 179
4 1 8
0 13 149
0 37 83
0 43 43
0 58 109
12 10 197
59 56 127
7 11 16
0 58 87
32 54 147
13 32 53
0 53 153
1 38 17
6 3 125
1 11 81
14 58 132
4 20 167
0 7 60
485 23 79
5 44 43
37 49 195
0 10 105
0 49 28
1 46 20
3 45 190
0 43 51
4 45 77
9 47 96
0 24 11
0 47 8
3 35 64
0 53 85
0 27 187
0 23 135
0 51 196
1 54 125
3 52 70
1 51 136
1 53 55
1 27 98
0 55 8
1 22 85
0 33 64
0 47 129
6 17 119
0 53 176
0 32 30
8 4 66
798 3 121
3 21 184
1 2 23
85 3 94
2 37 169
379 27 198
26 45 5
64 40 48
0 15 131
4 49 150
3 14 43
13 14 94
5 55 174
0 49 186
0 54 87
1 23 125
8 57 129
0 27 54
8 58 68
11 16 52
2 22 158
24 48 107
0 40 33
11 46 21
0 57 188
2 52 189
0 43 29
14 37 30
15 3 99
3 34 160
36 50 199
0 34 83
0 9 71
0 50 130
10 55 58
0 52 151
54 52 61
2 38 60
56 19 144
1 5 51
2 16 113
0 0 54
0 2 77
72 47 124
1 58 87
0 55 51
0 46 38
0 31 132
1 24 150
5 46 62
3 56 118
8 6 190
0 55 167
0 6 92
0 3 164
2 15 101
6 2 161
6 44 52
39 31 18
71 47 87
2 23 31
0 15 52
1 41 118
9 44 40
0 35 143
6 15 134
1 19 193
3 29 96
7 13 35
0 29 83
0 4 106
1 18 159
0 57 14
2 43 187
10 42 15
20 27 116
12 59 167
1 20 181
9 48 177
3 13 199
2 58 1
1 27 122
223 39 190
1 21 90
0 3 118
0 41 189
0 26 47
2 17 151
4 3 77
3 39 66
0 9 76
0 47 185
0 57 28
1 13 124
1 15 177
11 16 6
8 37 159
153 52 177
0 37 133
0 2 7
24 22 182
5 50 6
0 32 26
1 42 144
0 42 120
2 29 44
1 12 61
8 42 19
2 46 134
4 26 71
699 8 108
1 24 33
0 59 75
0 32 42
0 7 125
1 11 5
252 39 153
7 5 39
1 52 35
17 45 135
0 28 115
18 34 121
0 8 190
0 37 168
402 17 196
1 36 81
4 11 14
0 21 199
0 16 91
1 17 154
2 27 130
0 57 99
2 6 191
0 6 141
16 45 169
495 16 58
0 46 46
401 3 44
0 22 52
353 24 140
0 32 44
543 29 49
4 26 162
1 19 32
2 58 69
2 52 169
0 47 55
255 57 157
4 6 97
0 27 78
4 1 86
0 50 72
0 40 108
1 54 187
0 23 195
0 58 197
34 17 141
22 6 84
0 58 70
1 3 25
0 18 200
0 14 60
0 13 39
0 40 89
0 2 159
0 39 3
1 50 83
1 46 43
0 41 89
2 18 111
0 33 42
0 36 186
5 3 81
11 45 10
1 23 176
51 56 19
34 45 63
19 7 84
0 26 25
26 52 198
33 35 51
70 40 119
0 25 16
2 14 166
28 54 10
14 24 74
1 35 51
0 9 95
16 37 20
1 6 139
99 20 77
7 34 63
0 40 188
11 46 16
13 21 59
64 58 121
4 18 93
2 31 92
0 33 190
3 50 101
0 34 43
1 39 34
0 37 30
33 29 103
47 29 96
13 23 70
25 48 67
0 46 78
51 23 131
4 6 17
5 24 60
0 20 70
2 28 6
14 57 85
5 33 124
0 35 59
2 41 116
1 28 178
3 19 147
33 7 149
534 26 68
0 47 94
77 58 173
0 4 147
3 46 108
5 8 92
0 58 157
1 19 27
7 1 90
2 46 74
2 17 53
19 14 120
0 21 149
0 58 21
0 43 122
31 31 4
104 5 63
0 14 90
0 43 137
0 16 23
17 15 4
0 16 147
0 37 132
0 25 94
5 34 96
125 44 54
2 4 196
2 40 62
603 52 117
13 0 149
168 43 188
0 10 177
4 1 167
0 55 65
7 39 19
0 28 4
3 20 91
0 24 179
0 8 89
1 3 173
0 0 19
5 53 82
6 48 138
0 2 93
33 51 105
0 27 130
2 50 45
0 35 115
12 29 30
2 4 183
11 41 32
109 37 52
1 40 187
7 37 39
15 36 85
9 11 98
0 6 164
0 55 157
0 2 99
17 57 153
2 24 45
9 52 194
0 57 48
2 53 164
7 20 29
162 28 131
2 18 196
0 16 165
2 24 46
0 46 114
8 2 177
3 20 132
0 30 157
2 35 126
0 14 59
8 41 135
9 51 24
2 10 47
2 6 67
0 44 146
14 45 189
7 5 171
3 59 46
109 15 10
567 2 107
5 10 126
8 41 90
2 32 160
0 34 1
97 38 195
8 14 170
4 2 50
3 34 121
0 43 36
0 16 8
0 13 168
90 47 185
351 3 120
7 50 181
0 50 159
20 33 68
0 56 179
0 23 198
0 35 195
8 51 192
2 28 109
0 36 46
1 17 15
13 30 165
670 11 65
0 45 76
47 28 68
6 48 175
4 23 89
0 23 193
1 14 121
0 28 111
0 33 48
0 38 24
5 58 11
317 2 200
204 9 2
1 13 178
123 36 177
0 56 68
3 59 90
11 37 104
112 25 42
20 41 10
13 3 94
2 3 81
4 24 152
0 13 146
0 13 1
0 54 151
3 3 46
1 33 76
1 33 120
6 46 159
21 44 182
4 33 72
103 49 89
94 44 72
0 53 69
0 16 165
0 59 149
2 48 110
3 56 169
0 47 163
1 17 72
0 53 192
3 40 142
9 10 150
5 7 8
6 15 152
6 9 109
0 26 6
0 27 23
6 4 45
2 19 165
0 31 83
0 0 81
0 54 198
0 58 150
0 19 46
2 4 110
1 10 101
3 0 84
3 39 56
0 5 150
0 37 34
0 20 196
0 57 121
773 21 178
104 57 14
0 15 78
0 59 138
1 28 90
135 49 85
0 14 11
0 0 133
6 14 78
0 16 85
392 34 54
5 53 76
16 31 177
71 52 148
509 12 87
0 24 51
60 27 188
6 17 44
49 2 149
25 34 165
5 33 152
66 59 99
13 56 28
0 55 96
3 19 28
3 24 9
1 53 44
1 17 51
7 50 7
0 39 69
13 24 32
2 10 127
14 51 30
52 47 72
0 22 36
24 38 186
0 21 182
0 47 195
11 25 189
0 22 22
12 17 96
0 1 133
16 22 72
1 46 194
3 38 53
10 39 58
2 52 108
44 23 42
0 42 176
377 47 2
0 54 33
144 51 6
1 22 134
7 37 11
7 26 40
225 20 66
2 47 18
0 45 31
14 56 175
0 22 64
0 28 169
0 27 141
9 51 78
2 20 117
19 56 137
0 48 132
54 33 186
2 12 165
1 54 120
2 21 113
2 30 112
138 25 74
166 57 75
0 28 108
0 49 194
1 37 84
1 11 65
0 53 159
1 50 24
35 33 172
0 8 119
12 13 86
0 15 81
2 22 26
0 16 8
0 34 176
1 31 164
0 21 118
3 55 14
51 38 145
230 7 132
8 2 90
0 17 57
0 37 117
16 33 103
18 12 17
45 53 155
5 7 200
0 7 92
135 17 122
0 45 126
5 19 187
1 43 100
1 0 183
2 20 40
81 4 57
0 33 116
20 29 22
5 46 139
6 6 192
0 15 123
70 47 117
1 7 103
11 7 175
3 46 66
0 10 17
0 37 181
3 52 51
2 39 170
46 43 96
4 7 86
0 52 115
0 19 136
0 13 61
0 46 171
4 26 141
1 46 76
2 20 21
0 10 95
6 33 9
3 16 113
4 57 195
1 48 73
4 1 58
23 2 96
0 3 166
220 55 115
0 24 135
0 40 62
2 4 100
0 38 132
1 54 51
36 58 130
7 19 1
1 9 5
0 44 137
7 4 112
0 42 197
0 1 126
0 34 3
90 20 138
1 7 145
0 27 132
125 55 68
3 31 19
7 53 178
8 26 116
7 39 151
9 11 143
0 20 181
0 44 178
43 49 26
0 43 72
1 27 173
0 9 190
17 27 32
0 10 173
3 33 165
9 53 176
7 18 16
19 6 87
0 36 172
0 38 21
1 7 15
0 56 100
0 32 82
1 26 195
1 11 91
0 17 23
2 12 82
3 14 40
9 59 142
10 50 126
0 22 79
1 39 73
14 59 87
8 28 53
1 56 26
1 56 128
3 39 163
47 39 191
0 59 10
6 51 158
4 55 79
556 8 79
9 27 179
12 7 7
1 17 116
0 27 99
32 13 180
0 24 109
1 21 129
0 38 2
0 13 35
0 5 56
1 11 157
9 14 69
415 6 47
128 14 7
1 11 14
0 44 162
0 24 97
0 53 123
7 25 173
13 6 2
2 34 185
2 13 116
0 17 151
2 40 166
19 41 85
1 57 22
18 20 60
1 18 51
15 39 145
6 45 153
1 17 35
0 10 131
0 31 82
0 33 166
19 18 138
0 11 4
0 20 193
0 26 149
7 52 182
39 46 63
0 58 134
0 19 38
147 20 26
1 9 127
357 14 155
0 55 87
1 5 183
0 33 73
7 16 30
40 43 62
0 20 13
0 12 21
9 45 16
53 57 98
2 24 120
0 15 40
13 50 121
0 29 157
103 59 71
15 58 162
4 49 163
32 44 182
1 36 139
5 36 80
4 36 190
3 8 173
2 54 192
1 54 150
2 23 30
0 39 94
174 36 115
2 15 33
0 35 18
70 48 197
174 54 87
0 24 88
0 10 113
242 48 62
67 29 90
10 50 108
84 35 40
0 15 21
0 12 13
6 58 45
1 59 39
32 52 64
1 14 44
2 59 171
2 40 10
0 36 133
0 17 39
8 26 122
10 18 168
120 44 88
0 23 125
97 15 170
1 12 70
90 2 110
16 35 39
0 44 177
3 42 197
0 43 10
0 37 31
6 32 92
762 35 102
0 5 14
3 15 63
0 4 153
0 16 61
21 42 150
1 58 69
77 9 32
0 15 125
1 44 119
20 25 142
1 38 38
0 4 179
1 46 130
43 8 55
0 31 136
0 8 67
0 6 164
1 14 51
1 54 24
5 15 56
0 8 78
5 50 86
1 56 51
26 33 176
0 40 139
14 26 182
3 16 102
1 14 190
1 0 166
14 59 74
8 17 61
2 18 66
3 26 21
7 24 172
0 52 52
15 29 76
171 31 11
12 8 193
0 39 93
6 30 168
1 3 17
0 34 39
0 1 141
7 42 100
2 50 81
1 28 3
187 29 135
0 24 118
0 28 98
0 16 196
2 32 84
20 37 21
1 42 84
149 47 52
1 34 177
0 40 60
11 19 105
28 44 64
0 56 143
3 33 3
0 28 181
131 15 130
1 58 134
106 55 41
0 4 193
5 39 36
0 0 138
0 10 29
2 50 89
1 49 149
1 35 83
6 18 195
2 56 121
9 46 89
229 30 200
0 40 91
0 22 134
17 52 131
6 38 192
65 59 111
96 25 152
0 49 65
0 36 81
0 53 24
0 57 32
0 34 164
267 35 96
0 56 105
0 25 111
0 54 173
415 15 165
1 21 26
353 5 104
0 42 38
0 10 129
0 27 108
2 8 59
10 34 36
0 17 95
8 29 142
36 48 54
1 17 87
0 53 135
18 24 117
0 9 134
491 50 109
1 19 148
0 23 162
14 14 8
5 44 36
6 40 103
0 13 140
5 42 92
7 4 144
0 2 28
0 5 43
11 35 16
12 25 19
0 51 107
3 16 45
131 8 123
3 0 47
35 23 5
9 25 46
0 57 84
67 43 8
0 15 17
1 48 106
29 30 99
6 7 193
0 55 198
0 35 117
0 51 200
8 55 200
9 6 189
0 37 128
32 58 172
6 40 177
0 25 169
15 14 45
32 24 188
0 35 184
1 27 1
68 8 66
77 45 86
0 18 27
32 33 100
4 40 64
0 56 146
0 44 184
261 12 151
1 3 146
0 4 93
3 16 191
1 36 3
0 26 49
0 27 148
0 57 146
4 52 159
0 4 38
57 31 51
401 23 22
0 13 139
0 18 109
199 38 41
1 20 38
1 48 92
1 53 51
0 50 113
118 24 41
87 6 63
3 6 35
10 2 159
0 16 66
7 39 147
23 34 164
0 24 87
0 35 147
3 1 55
1 12 114
2 48 42
81 27 111
30 24 173
1 41 14
0 33 55
5 18 101
5 19 194
5 51 79
0 29 45
0 37 134
0 43 114
0 5 90
3 34 165
2 6 151
0 0 120
0 45 172
0 42 175
11 33 11
0 56 120
13 45 198
0 47 95
0 52 47
6 42 172
8 26 89
612 56 84
158 15 8
31 50 4
3 7 68
23 25 79
0 38 83
69 15 45
42 16 73
30 31 137
0 48 33
0 17 183
0 34 123
12 58 68
1 4 116
2 34 188
0 35 127
0 13 53
111 35 20
170 2 70
4 59 145
50 40 156
0 37 21
0 37 133
135 19 89
1 56 175
2 40 51
0 22 17
16 41 129
66 28 15
429 44 192
3 16 14
0 18 167
1 47 80
36 22 85
3 47 141
16 5 111
0 37 18
20 5 176
0 24 84
13 12 165
3 39 81
32 11 120
0 0 116
16 14 142
0 32 165
0 9 93
2 26 27
0 49 20
3 41 180
0 34 76
0 47 30
0 0 94
9 12 129
14 2 141
42 26 24
0 20 64
0 10 140
51 3 87
0 6 190
1 26 119
387 28 186
0 45 191
0 36 106
22 27 80
7 47 72
0 56 35
0 22 162
3 4 1
69 47 141
0 27 135
0 54 166
293 11 61
1 13 140
1 3 73
335 59 86
3 22 73
39 0 10
1 8 78
0 53 111
0 1 184
43 0 56
0 15 126
3 14 13
0 57 181
3 11 29
0 56 3
0 54 51
4 35 60
0 33 189
0 38 16
8 3 165
23 5 95
5 3 16
7 42 140
190 17 73
7 57 119
8 11 36
0 14 163
2 0 20
6 6 94
0 1 37
52 23 84
2 21 177
99 50 107
0 6 110
11 28 27
1 55 24
0 57 53
0 50 150
1 30 164
16 48 174
38 34 71
1 53 88
61 11 73
2 49 123
23 14 196
6 40 115
0 57 53
0 23 149
169 42 77
3 54 119
50 47 47
0 44 53
6 8 114
9 46 87
0 31 59
3 59 119
103 10 102
0 53 199
0 21 126
119 38 171
0 16 21
0 43 57
1 37 126
33 36 5
1 20 57
10 55 104
1 18 191
1 36 136
13 11 88
0 19 152
103 34 118
1 54 99
4 35 109
4 24 30
0 26 83
1 33 185
0 50 88
39 26 140
0 30 113
5 51 116
6 51 25
1 7 166
0 46 42
0 50 44
33 54 119
0 39 43
18 32 182
9 31 21
0 10 8
21 35 107
1 18 42
5 22 18
1 26 84
1 6 39
0 57 181
0 31 169
1 7 183
0 49 129
1 19 169
0 47 85
0 25 30
5 20 119
1 35 69
0 55 84
501 58 21
2 22 31
1 11 196
2 51 134
1 37 13
0 31 1
0 21 47
0 41 170
2 53 4
1 54 103
2 13 91
2 5 188
0 29 103
0 41 84
3 49 20
12 11 84
1 29 48
40 31 26
2 42 169
0 18 124
0 57 75
5 46 6
7 29 2
301 7 123
0 18 72
0 20 189
18 31 76
2 26 188
1 4 173
17 7 85
0 3 39
21 41 92
407 26 70
0 51 146
0 16 31
1 22 26
0 59 64
3 59 147
45 10 77
15 43 174
7 33 96
2 33 142
4 45 71
0 45 146
1 51 69
0 42 200
10 44 106
13 11 32
4 39 122
0 46 130
598 45 114
0 12 122
1 54 12
1 57 75
4 7 195
1 15 158
12 46 99
1 15 186
2 13 107
0 36 80
9 44 157
0 50 131
5 45 49
52 11 66
0 43 179
1 16 65
0 42 154
770 13 77
1 6 28
0 39 42
31 39 173
54 17 100
0 12 42
78 56 137
0 7 94
5 8 178
0 16 9
16 37 7
0 11 80
0 53 45
18 6 191
11 32 191
2 56 122
1 48 172
30 38 167
0 48 28
21 56 188
14 50 180
99 0 29
0 3 32
0 10 23
3 35 114
0 23 197
0 33 145
0 39 85
1 25 71
8 17 156
2 18 42
1 47 148
141 46 116
1 30 138
1 19 71
12 20 9
13 55 98
77 48 22
0 15 155
9 6 160
3 58 137
1 6 119
5 21 4
0 30 181
4 16 13
3 32 184
0 40 51
147 5 84
0 35 109
13 11 73
37 42 94
3 51 36
4 56 69
4 8 122
2 6 71
0 55 149
5 27 83
2 28 56
8 50 37
4 59 118
2 41 186
92 47 90
2 32 180
7 56 188
0 46 132
0 21 183
0 39 105
6 56 20
0 18 179
3 20 54
2 5 159
656 59 7
0 48 103
0 7 16
0 57 96
0 59 31
325 43 47
607 50 150
0 24 143
76 30 125
118 53 11
0 55 116
13 29 157
0 17 96
0 54 152
0 43 108
167 4 163
1 21 88
0 37 122
0 39 89
1 49 131
2 27 51
1 44 24
0 57 71
0 0 30
88 12 109
238 10 30
150 11 135
4 26 57
1 13 116
0 40 114
0 36 47
0 12 86
1 10 161
0 13 141
6 48 75
0 53 137
0 18 1
17 4 32
8 28 136
0 35 84
13 48 162
7 9 57
0 8 45
9 59 5
1 15 102
26 24 148
2 51 163
15 23 74
3 39 103
3 7 124
153 59 42
1 36 133
0 57 150
2 26 119
0 48 66
0 47 108
0 28 91
3 32 171
4 56 101
0 11 168
81 29 93
4 10 142
53 54 112
0 26 112
432 57 185
0 15 163
0 26 147
0 40 60
0 46 108
1 21 164
5 38 156
60 22 124
0 37 1
2 47 19
2 5 196
0 12 131
74 10 99
2 11 173
0 30 147
34 28 177
65 44 156
0 33 72
19 24 138
3 40 14
27 56 125
6 20 62
18 13 157
0 49 108
7 29 119
2 11 143
0 2 107
38 21 110
4 37 184
0 10 145
0 57 125
78 42 115
0 51 26
1 50 35
0 30 141
22 56 7
771 44 44
2 12 178
0 55 187
4 22 101
4 27 162
3 51 104
0 8 188
5 3 52
150 43 191
0 1 132
2 5 93
15 57 60
1 57 92
240 30 60
4 30 69
0 48 150
4 30 199
68 33 87
3 33 136
61 23 13
86 19 54
25 7 150
0 4 145
3 16 198
9 40 193
0 5 41
0 3 181
5 21 184
0 46 191
53 24 178
53 31 117
4 46 197
10 59 73
0 53 85
5 3 92
15 25 131
100 16 144
0 1 14
0 56 161
2 10 56
18 14 197
7 59 67
0 45 106
2 59 67
4 12 135
16 51 17
2 10 10
0 40 41
2 15 33
24 52 145
269 5 4
0 18 164
9 7 87
4 39 172
46 14 158
5 11 3
2 34 182
2 52 158
5 9 152
0 5 31
2 57 123
15 27 62
3 53 135
27 36 110
1 31 22
0 25 150
1 7 117
1 41 103
5 59 8
8 2 185
0 11 192
0 47 183
9 6 194
1 44 117
1 41 117
245 33 5
13 38 114
47 56 181
23 47 167
1 22 152
3 51 123
0 49 108
0 36 178
4 40 19
18 48 67
1 56 160
0 24 10
1 53 173
1 15 198
0 56 12
3 18 32
0 10 138
0 48 129
0 25 144
0 48 192
0 52 171
269 20 92
7 54 65
15 51 24
0 18 131
0 23 147
7 32 190
81 1 76
11 7 45
0 7 160
44 24 44
1 36 25
3 48 101
24 47 127
85 7 73
0 57 117
1 16 105
24 28 175
286 52 128
1 1 47
0 52 63
0 3 39
2 56 115
0 36 45
1 15 98
0 23 119
12 45 68
11 25 49
30 54 73
1 31 38
0 8 120
3 4 25
2 10 101
2 58 129
10 45 84
0 26 113
2 24 125
1 14 82
70 10 185
10 6 78
4 48 197
5 56 179
0 33 196
3 3 181
15 41 35
1 5 92
10 29 31
1 12 61
0 8 157
11 15 102
31 11 5
1 2 16
0 1 160
6 3 161
0 54 64
0 17 36
0 48 29
0 11 124
0 18 99
0 50 23
1 55 75
23 25 185
237 54 195
65 6 22
1 48 139
0 6 46
0 11 60
24 40 146
54 40 30
129 19 37
46 7 102
1 53 54
0 2 3
76 33 38
126 42 134
10 47 122
0 56 27
14 51 1
323 9 115
7 9 5
0 27 8
10 12 33
2 12 18
1 27 67
39 28 168
232 11 170
0 37 97
0 46 174
6 20 131
1 59 76
3 37 178
0 50 152
252 33 60
32 50 5
10 1 193
1 32 121
0 47 33
0 55 14
5 16 7
29 6 183
0 51 42
623 11 84
165 48 82
9 17 72
2 54 22
17 34 180
6 0 4
0 37 69
1 37 53
0 33 133
21 29 42
1 12 146
1 59 79
0 53 73
2 45 15
12 43 169
171 2 166
27 5 36
26 14 145
2 0 1
0 48 197
5 17 11
0 35 79
8 0 25
0 23 52
2 53 103
15 16 168
28 31 94
1 22 66
46 50 138
3 50 140
2 17 189
69 30 100
3 23 133
0 24 30
3 52 37
0 3 92
15 41 2
1 15 169
1 6 188
1 25 70
0 53 150
7 14 83
1 7 182
1 18 91
0 0 126
7 0 156
0 11 136
107 33 28
0 5 18
2 34 101
12 34 57
2 0 51
0 2 197
47 49 149
7 9 57
37 39 28
4 11 183
1 48 199
384 17 39
0 17 132
1 52 130
28 44 130
28 12 3
25 48 22
135 17 161
1 1 141
5 5 153
11 56 130
7 2 147
1 10 123
1 32 84
9 18 180
2 11 107
5 1 102
0 40 129
0 53 51
1 35 64
7 19 117
16 24 169
5 28 187
1 39 37
134 52 160
449 50 195
8 33 30
2 36 167
0 26 75
13 51 78
1 0 150
0 17 110
0 33 68
3 49 82
18 54 52
20 45 21
0 40 16
9 50 156
0 33 23
3 33 7
9 26 6
2 21 132
2 7 18
59 16 94
378 19 182
16 25 56
0 0 143
2 53 38
20 7 47
3 7 170
5 30 43
0 7 1
0 53 4
1 52 111
0 45 12
0 45 78
165 34 11
15 38 147
257 43 24
143 41 133
2 14 18
1 9 82
3 29 181
2 28 128
0 43 180
2 9 191
10 40 170
0 27 17
8 18 198
3 5 180
0 42 77
1 56 105
5 1 99
38 42 60
39 32 55
16 28 114
0 31 25
0 41 73
1 47 81
5 28 120
6 37 99
3 33 191
0 35 188
0 2 21
7 43 91
6 13 61
157 32 131
40 7 133
1 25 163
1 56 111
0 16 72
2 21 7
4 27 55
31 45 199
14 41 67
102 9 182
1 36 131
3 19 179
16 52 2
0 22 164
131 28 64
364 47 92
0 30 180
0 28 157
0 23 84
0 12 118
0 0 108
0 0 156
0 45 181
0 31 166
2 24 73
0 11 23
34 42 158
610 54 125
4 6 70
11 30 73
1 52 153
12 44 25
1 42 108
4 19 111
59 55 49
226 14 183
0 12 2
200 15 151
1 53 134
39 54 185
0 13 123
0 56 118
1 41 53
0 49 133
0 25 116
29 37 21
130 59 79
1 27 194
224 50 32
0 47 86
4 10 159
5 17 94
114 44 151
0 37 50
1 9 47
0 39 62
0 1 175
4 28 18
4 56 87
425 57 13
1 50 181
30 58 91
0 55 89
287 22 185
0 56 151
16 21 4
3 6 173
0 41 140
2 31 9
0 26 186
5 9 111
0 2 180
67 2 45
23 40 69
1 10 34
86 58 154
1 16 190
0 29 163
78 36 76
3 12 13
0 51 113
1 7 16
0 36 199
0 43 183
18 36 115
18 56 21
3 18 68
0 33 117
4 35 118
2 44 99
38 22 45
1 17 166
1 24 169
23 31 132
0 16 105
27 16 134
1 52 91
3 22 135
3 20 80
2 43 117
2 57 129
0 21 69
5 5 98
0 58 116
0 22 171
0 30 130
0 56 141
0 39 189
0 15 142
25 24 169
660 37 117
0 57 195
10 6 145
0 30 9
17 57 35
0 13 170
15 11 73
0 28 73
0 56 35
0 20 64
9 56 100
4 44 193
1 55 10
0 33 100
1 29 135
61 55 31
0 18 175
2 7 160
54 23 38
0 33 159
1 18 51
0 53 163
0 50 191
2 59 114
2 31 59
244 5 62
3 14 138
17 18 130
0 4 133
0 55 51
3 51 126
1 52 138
0 19 108
92 18 87
1 57 154
1 23 45
99 8 19
0 49 160
3 19 15
0 58 192
367 22 149
7 33 32
1 52 153
2 17 87
6 37 76
1 53 145
6 30 131
3 2 178
115 21 143
9 28 192
19 27 153
0 45 5
0 12 96
104 1 189
0 23 46
141 15 2
0 47 49
3 19 71
391 1 11
4 21 156
0 52 125
11 54 66
0 20 99
1 54 178
0 37 65
1 36 69
370 25 176
0 59 139
187 58 65
58 22 113
3 36 22
2 56 40
5 18 4
0 19 126
0 31 117
67 38 90
7 5 22
2 23 174
1 10 9
10 12 26
0 23 90
7 59 18
0 31 120
79 39 182
3 15 187
8 47 51
0 34 4
0 34 195
249 21 118
4 25 144
4 30 85
10 17 67
245 10 165
2 19 179
2 42 4
5 14 110
1 6 180
0 51 116
13 19 193
1 11 141
41 19 16
50 48 60
10 2 133
0 3 141
232 1 24
2 5 152
8 3 49
17 43 124
0 52 182
0 1 36
17 40 103
5 16 21
1 34 10
1 51 136
2 24 5
1 8 110
0 23 91
3 45 67
9 45 6
11 45 41
3 57 172
3 5 143
106 55 133
0 23 57
4 56 65
5 4 80
0 59 138
140 20 153
0 32 64
0 54 18
4 13 190
0 31 52
0 24 140
0 46 177
2 48 151
56 39 117
0 35 165
69 45 67
1 34 171
2 6 188
197 57 123
512 11 95
13 29 197
279 6 1
0 33 58
30 28 55
20 48 90
2 37 133
97 25 25
5 23 115
10 21 88
1 7 158
1 18 164
0 43 59
1 4 56
0 26 131
1 48 110
12 30 33
3 51 57
249 0 164
2 25 188
7 14 53
1 12 80
0 37 118
7 41 39
0 23 78
189 26 182
40 30 116
318 6 118
1 49 149
0 14 111
10 28 158
16 57 156
0 33 134
1 37 189
0 7 14
0 54 95
2 38 35
1 20 29
1 23 2
64 34 61
0 5 29
12 14 100
1 31 199
129 12 30
3 48 53
11 15 28
0 44 144
3 10 123
1 17 55
1 52 44
0 40 33
2 39 190
0 32 116
1 3 8
2 48 50
5 19 127
1 40 180
0 59 130
108 20 144
12 0 188
3 29 137
0 13 76
2 26 70
0 55 117
4 25 55
2 52 109
0 28 151
0 38 132
0 5 78
0 9 40
4 13 61
9 58 138
412 19 12
0 4 59
1 59 10
18 45 9
0 41 67
15 14 195
29 49 165
4 3 89
6 2 89
1 41 131
3 18 140
18 45 137
12 19 164
4 24 192
16 35 192
0 41 179
0 17 155
0 17 169
4 50 192
0 52 198
2 33 76
16 5 63
0 53 28
0 40 57
0 55 6
3 2 158
0 22 87
400 16 148
13 49 95
1 15 99
201 16 176
0 8 57
22 18 79
53 49 133
9 53 185
3 1 74
33 12 183
1 33 21
77 57 96
8 45 183
0 4 140
10 50 124
13 46 56
3 17 164
140 29 72
3 12 173
29 48 51
2 46 141
0 34 51
0 52 137
8 42 19
65 13 159
34 17 169
4 27 131
0 55 81
19 21 46
544 22 142
0 55 100
5 32 116
22 13 173
1 42 131
188 34 71
21 36 174
0 56 72
1 20 76
1 23 130
6 46 94
7 18 96
300 6 71
6 47 161
9 22 132
11 11 130
7 23 197
17 41 193
20 57 86
0 35 164
17 39 14
2 0 197
4 57 45
31 39 20
179 8 159
0 32 81
0 45 20
0 13 190
71 51 162
19 38 61
3 36 73
11 49 15
0 32 23
0 54 55
0 0 129
9 9 175
262 55 57
0 34 76
19 28 97
20 25 141
474 47 3
0 0 156
3 14 33
0 32 20
1 8 93
0 37 43
0 27 67
0 59 84
8 46 114
1 7 129
8 3 85
0 18 193
0 31 75
1 21 24
1 48 56
0 34 166
78 56 72
0 44 80
2 12 34
0 6 162
0 55 37
11 55 75
0 34 50
0 50 104
55 41 45
111 19 64
13 20 135
16 10 99
1 7 162
2 38 123
1 43 168
1 27 139
0 9 18
0 42 6
0 10 138
564 12 173
80 40 142
1 45 149
10 3 61
0 46 135
2 17 140
113 47 24
0 48 114
1 57 186
0 34 89
0 23 73
7 17 46
0 14 49
0 22 58
0 24 12
170 44 135
9 33 8
2 52 8
0 28 87
0 37 135
22 50 64
0 26 17
1 45 9
0 38 84
28 33 171
52 52 181
2 55 30
2 40 171
1 44 117
4 37 92
1 54 79
0 42 13
3 13 176
0 1 134
2 10 27
0 0 148
9 25 18
0 4 92
0 8 157
4 20 26
1 56 87
10 58 55
0 0 78
0 58 186
1 18 5
0 56 108
0 55 54
2 36 141
0 6 74
0 37 84
7 7 34
0 26 94
1 30 26
48 2 197
5 58 25
0 6 29
68 5 135
272 25 189
194 24 94
0 17 29
0 51 198
1 35 91
1 57 18
0 4 123
4 30 20
2 1 52
3 13 69
0 55 45
0 27 45
0 54 19
0 5 49
18 24 141
2 0 10
0 38 84
13 33 1
93 25 8
1 30 24
0 40 53
78 49 18
254 1 170
10 6 128
0 34 82
2 35 20
338 10 156
511 26 168
0 38 143
32 25 64
2 21 191
0 44 154
52 33 22
0 21 200
0 36 36
3 13 125
33 23 57
0 15 28
1 23 163
0 45 70
0 23 91
0 43 10
4 51 7
48 40 141
24 0 166
0 40 76
2 29 118
52 4 126
15 31 58
6 32 104
6 50 88
0 3 89
582 20 125
2 18 53
9 43 85
2 11 110
0 43 23
2 58 157
7 17 95
0 20 102
0 29 47
0 15 189
7 56 46
19 33 166
19 59 79
1 16 192
1 16 5
21 9 97
4 8 174
0 28 185
251 59 91
4 15 41
0 6 44
0 1 124
1 55 133
3 14 155
1 19 105
4 59 106
5 29 96
2 27 110
5 43 15
2 46 69
13 39 152
13 9 108
220 47 20
0 7 161
0 21 177
16 48 126
0 31 199
0 26 38
1 56 6
12 36 88
0 56 91
0 22 162
78 35 11
4 49 93
6 58 106
10 14 125
17 18 131
1 17 88
0 25 193
0 7 140
0 38 129
5 2 159
2 39 186
12 58 26
0 57 157
2 22 26
0 37 126
0 15 108
25 4 104
11 22 96
0 26 10
10 39 186
0 8 193
126 18 138
5 36 106
0 51 74
1 34 13
2 35 14
26 38 150
1 33 135
712 18 160
31 26 124
0 58 21
14 35 33
0 17 169
3 48 78
8 25 77
72 55 158
51 16 20
0 21 83
0 42 42
26 39 7
33 33 6
0 27 105
19 14 2
0 33 38
1 29 119
0 13 63
2 29 37
46 58 180
4 55 180
42 22 29
360 58 101
3 33 9
16 43 167
16 26 52
0 8 133
25 44 39
4 16 24
3 0 136
0 57 42
42 10 152
1 24 6
55 42 105
3 22 128
14 51 89
1 14 94
0 20 118
0 14 89
24 20 35
7 15 162
0 39 117
0 54 82
0 50 193
0 21 97
0 24 67
6 27 98
15 2 71
0 52 57
3 29 172
0 40 167
1 42 101
1 23 108
2 15 94
133 8 141
0 58 8
0 31 181
1 41 12
0 17 54
5 13 15
38 55 93
35 12 143
0 10 40
1 57 45
371 45 3
1 10 120
0 8 197
1 17 70
2 3 34
0 36 195
31 13 95
0 11 154
47 45 31
10 37 169
25 48 26
412 34 30
3 44 190
0 53 11
8 37 25
0 3 157
2 40 55
0 13 160
14 5 91
1 18 18
0 14 19
7 19 88
47 39 62
10 29 166
1 48 51
0 33 22
0 45 74
2 27 76
3 45 53
8 26 36
6 49 25
1 20 35
1 57 169
0 42 136
0 42 87
5 21 16
0 12 98
2 44 136
30 28 117
9 57 92
110 25 198
1 21 151
1 53 91
28 19 123
2 24 28
0 39 48
0 27 77
4 31 138
0 56 42
0 18 98
1 31 12
0 10 80
2 51 21
1 50 72
4 11 98
53 40 142
4 17 121
0 47 132
0 27 149
0 21 36
4 59 30
0 15 178
19 8 94
4 0 39
0 17 133
29 40 81
5 22 117
0 23 196
1 11 90
0 11 78
0 44 17
0 13 29
1 33 184
3 16 84
17 34 125
35 42 56
10 57 157
49 35 174
15 29 111
3 37 163
5 0 84
3 18 10
2 51 176
22 8 18
2 31 21
2 55 148
20 44 190
16 43 97
8 59 158
0 26 198
0 23 118
24 8 31
2 22 134
15 15 189
0 38 120
0 53 47
5 42 185
14 32 139
0 15 103
26 36 189
6 29 88
71 3 9
12 48 34
2 18 197
47 26 111
16 8 57
56 8 63
0 14 83
0 51 109
11 53 104
75 59 160
16 11 60
33 5 16
145 46 2
5 56 141
2 21 108
0 11 76
0 19 20
3 26 62
0 35 85
6 25 15
3 53 48
1 28 142
9 59 81
2 43 169
0 52 111
23 27 32
591 57 132
1 18 10
38 36 6
3 44 158
56 16 78
1 6 36
1 24 134
129 31 54
0 56 78
0 53 46
608 33 128
0 2 172
0 1 189
1 5 51
0 38 188
0 0 91
19 56 45
17 20 65
0 22 85
17 24 66
0 59 158
2 2 93
0 52 19
6 15 119
3 9 7
1 51 19
66 6 133
75 35 32
43 15 49
0 57 104
20 44 31
7 27 151
1 42 189
17 17 1
0 59 37
5 2 108
1 16 193
0 55 182
0 34 147
512 52 42
0 24 125
4 2 164
0 41 126
9 42 20
109 15 115
84 22 22
1 6 163
4 5 96
144 42 192
3 53 100
5 51 48
0 56 84
0 23 149
5 55 151
3 50 59
15 55 13
0 24 196
286 24 192
38 25 81
0 48 33
3 9 169
0 31 121
1 30 158
1 8 74
0 23 62
0 25 122
1 32 181
0 12 196
371 31 128
10 52 193
0 13 150
44 13 153
23 34 81
0 55 78
1 23 4
3 4 179
2 0 195
54 22 169
2 44 66
0 38 82
3 47 39
6 17 97
1 30 199
0 50 111
4 5 162
13 19 187
1 0 109
43 53 56
2 55 37
0 12 15
6 11 160
21 21 55
156 56 96
0 33 160
0 20 99
9 25 134
0 49 155
2 30 80
2 27 13
0 55 91
4 43 69
0 57 54
4 11 86
29 55 107
41 59 143
0 57 78
147 29 24
9 54 91
2 57 52
3 47 123
22 43 59
0 52 79
4 46 41
0 28 106
19 43 13
0 28 199
0 34 92
7 9 14
10 48 81
2 50 83
0 29 64
1 14 121
2 42 54
10 25 32
0 59 21
4 17 57
11 40 42
0 7 52
284 42 90
0 54 129
8 2 153
2 27 71
1 35 56
3 53 184
30 28 188
23 44 105
16 48 77
2 27 176
4 12 172
9 44 23
42 9 171
1 42 103
13 42 105
4 39 198
2 47 6
3 19 139
0 1 135
387 23 41
0 25 196
0 35 152
1 12 190
0 2 62
9 5 80
21 45 78
3 4 196
7 52 157
17 47 177
1 0 113
2 19 133
3 1 29
0 53 132
177 56 149
0 32 171
0 3 176
5 38 137
173 23 122
6 17 3
0 49 64
151 31 135
1 5 29
77 36 77
108 33 3
68 26 173
0 34 112
0 26 92
6 52 56
0 1 60
14 31 81
0 25 131
1 50 159
108 24 116
0 39 54
17 5 32
1 32 138
689 3 161
2 11 46
527 14 140
0 8 169
0 49 167
2 24 111
1 8 176
2 40 200
182 4 116
13 14 31
0 24 7
352 21 50
0 41 188
42 54 81
16 44 134
23 40 23
0 1 112
1 17 96
6 3 44
8 16 171
73 59 48
0 14 101
0 20 129
1 18 88
1 30 180
35 25 59
12 16 46
1 13 79
92 48 96
6 2 76
0 56 43
1 58 190
0 11 46
1 12 186
2 17 131
0 24 165
1 20 124
0 41 10
2 5 158
0 13 115
8 27 177
1 50 66
2 34 165
0 27 52
10 44 116
0 17 4
17 51 50
0 10 166
15 14 108
0 29 181
4 14 55
1 13 65
65 23 42
2 57 33
91 45 2
1 21 143
13 32 183
2 42 47
139 22 126
40 21 15
0 43 30
0 20 63
5 9 198
58 29 169
4 36 35
1 54 2
31 46 54
2 18 57
32 48 127
4 5 22
0 28 64
34 6 133
1 56 59
0 49 16
9 49 148
209 50 137
245 40 74
0 13 155
6 56 32
4 9 136
0 16 9
3 21 34
4 17 95
7 46 28
18 14 34
6 21 52
212 16 84
1 29 159
0 57 89
31 9 174
40 36 200
0 27 119
0 7 165
0 50 74
2 56 21
6 59 192
3 48 117
5 32 39
4 33 129
8 16 4
105 46 41
43 14 91
3 29 78
6 25 134
6 45 38
5 37 127
0 20 192
1 32 72
10 55 171
0 45 33
3 36 41
1 40 163
74 21 157
3 3 11
2 2 165
0 4 92
0 32 185
15 40 46
0 36 101
1 48 123
761 40 79
1 41 21
2 15 153
0 9 175
0 15 128
0 4 119
0 2 155
0 6 132
0 31 37
2 42 69
6 38 118
0 6 189
1 2 49
129 37 89
3 51 136
3 12 94
0 31 184
0 37 97
2 28 187
1 50 82
1 42 186
0 46 136
34 56 118
0 17 102
0 7 121
0 3 5
5 0 7
3 26 34
7 50 47
0 31 200
0 25 83
0 4 159
2 44 79
605 15 36
8 24 112
4 21 47
100 5 157
18 24 13
85 7 24
8 46 182
0 16 66
19 4 138
0 52 112
2 19 163
0 32 99
1 40 183
1 26 21
1 8 139
0 20 137
1 59 166
86 39 156
54 3 123
1 40 44
30 18 130
4 5 95
0 21 155
20 48 43
2 26 99
1 38 32
0 33 83
0 1 164
0 15 36
16 44 67
4 22 181
2 33 1
0 43 175
10 11 56
3 29 101
15 53 94
0 55 132
0 41 85
3 9 73
0 57 112
90 49 168
120 22 110
0 2 24
0 35 132
153 28 137
0 13 198
51 19 187
5 19 179
0 39 53
0 1 130
153 17 179
0 57 30
3 46 119
0 58 148
32 34 194
178 9 64
0 4 176
0 33 22
3 33 107
8 22 30
4 42 108
6 22 66
5 0 9
203 45 64
0 36 88
0 22 17
47 8 31
17 35 146
72 23 150
3 39 88
408 39 14
1 52 148
0 42 57
48 18 41
0 8 183
0 22 128
0 47 182
0 51 102
135 32 178
1 35 23
154 21 67
0 34 18
0 16 127
20 7 109
0 41 167
442 22 133
1 27 179
611 21 195
116 41 82
5 43 110
148 56 154
27 34 35
3 4 118
0 2 14
21 44 49
0 56 14
5 57 198
0 2 16
12 25 145
6 38 111
27 54 11
4 34 21
0 40 36
95 30 120
63 31 71
0 6 87
1 23 116
467 3 37
0 25 92
0 9 22
1 42 73
0 9 94
1 40 27
2 43 190
1 29 72
2 35 76
3 28 20
0 47 35
269 41 101
48 2 7
2 27 83
0 50 164
26 23 50
54 3 67
4 32 146
0 55 139
8 51 113
2 54 93
3 15 129
3 23 34
0 50 10
0 58 81
76 36 161
0 31 135
0 57 7
1 21 49
1 47 24
0 36 199
1 27 93
0 48 36
1 10 40
0 15 14
71 40 23
0 9 120
41 58 107
7 38 53
1 35 132
0 35 54
0 21 136
6 10 144
0 36 5
32 57 70
1 17 57
205 53 182
11 50 25
4 7 200
0 12 118
2 27 128
0 53 174
4 15 17
13 15 96
69 5 78
0 47 134
9 14 183
122 36 59
1 42 85
0 48 100
0 11 102
1 11 118
70 11 96
92 11 188
0 13 53
0 20 51
4 55 15
16 17 133
4 21 83
23 52 43
3 9 19
3 59 169
19 20 174
501 16 63
0 37 79
13 47 43
21 39 49
0 46 98
308 59 65
0 12 191
47 48 119
13 17 74
1 56 52
1 0 40
0 45 142
36 16 184
12 39 48
5 30 186
5 51 59
3 16 3
0 15 155
9 42 159
20 41 137
336 7 150
1 20 35
0 19 71
0 8 82
3 4 24
7 28 128
2 59 14
26 54 89
2 35 109
0 52 199
0 1 166
20 48 122
1 50 168
4 30 183
0 58 29
0 16 51
2 25 84
1 6 199
69 47 164
1 0 42
86 44 92
12 20 109
15 55 32
27 19 25
8 42 103
10 48 113
17 18 93
0 57 176
0 36 136
5 26 134
429 39 9
46 43 110
0 19 167
205 58 79
1 3 193
7 35 51
0 26 96
1 44 64
14 9 195
0 43 191
1 59 73
7 58 101
7 3 21
7 27 121
0 12 4
0 21 37
0 9 14
36 26 117
164 28 7
0 58 138
79 58 88
1 33 84
1 35 80
1 49 40
0 3 5
0 30 119
0 28 156
7 48 122
0 30 122
0 30 26
0 0 51
27 16 83
6 45 172
11 34 116
0 55 116
3 6 111
8 47 58
225 59 40
0 34 26
0 26 84
148 27 10
14 28 195
31 59 197
38 31 26
1 45 88
16 47 111
42 39 4
0 3 76
0 45 79
0 46 136
0 9 84
0 41 129
7 23 162
6 38 79
0 56 23
1 42 127
8 14 191
25 36 106
82 36 52
3 41 88
3 36 81
1 31 92
0 40 76
0 27 132
1 36 66
0 27 86
6 15 123
0 52 169
1 19 23
0 7 170
56 59 187
8 19 109
1 6 189
0 55 67
22 10 138
0 14 102
0 47 26
0 35 172
2 36 178
6 22 123
6 26 20
0 55 174
19 18 79
0 1 40
2 26 119
1 7 175
2 28 88
3 29 119
6 27 141
5 41 154
4 58 173
1 27 76
2 51 143
0 44 172
0 15 78
18 50 191
4 46 36
1 42 129
0 44 32
10 30 30
0 9 33
1 3 108
0 6 102
0 33 78
0 19 124
3 41 113
0 19 24
3 21 15
1 16 8
2 43 70
2 24 91
4 31 160
0 50 23
4 35 196
2 38 51
0 25 174
36 51 61
9 23 65
1 58 199
1 53 136
61 34 168
0 9 121
0 11 9
3 53 64
0 17 103
54 26 89
0 4 181
13 23 125
2 49 179
29 23 146
77 45 98
0 55 82
3 58 168
29 0 130
0 29 46
2 39 124
1 58 7
0 54 33
2 42 78
9 45 162
1 18 136
2 45 160
5 37 78
10 26 171
0 52 193
3 40 32
0 41 89
0 56 55
1 43 34
1 11 103
3 59 145
0 56 3
18 22 61
25 4 9
1 11 66
25 10 45
160 50 99
319 30 3
0 57 182
4 41 18
0 36 41
0 37 172
0 58 162
28 10 62
0 15 166
268 35 185
0 6 162
5 9 115
0 4 114
2 39 115
0 44 78
6 5 199
0 49 59
0 53 78
317 37 186
1 36 12
0 24 125
7 38 183
247 40 90
26 21 44
28 51 91
0 58 38
76 14 74
0 30 80
0 33 24
16 5 109
494 59 149
1 18 179
3 36 163
2 58 122
87 6 36
0 58 25
1 24 196
109 12 43
37 54 130
14 12 17
4 6 83
9 27 17
6 20 155
310 41 53
0 18 43
1 46 77
0 23 153
6 11 195
143 26 166
269 0 110
0 22 165
4 43 137
11 12 176
0 21 109
6 19 189
147 27 51
0 32 176
3 37 194
0 48 14
3 3 50
74 21 111
7 23 71
0 33 161
5 25 178
6 2 170
0 5 140
28 7 179
0 42 64
1 3 117
0 43 92
0 23 64
1 37 100
1 19 59
9 23 177
0 25 158
0 37 199
3 49 56
11 9 152
0 43 92
0 57 170
12 23 61
0 45 176
0 43 121
1 2 40
0 55 186
2 8 170
37 43 21
12 23 134
1 1 129
4 5 189
5 33 141
1 43 168
0 12 156
0 13 78
5 46 1
26 39 70
8 17 15
90 22 146
0 1 154
3 21 25
1 17 179
208 52 128
0 11 70
0 13 167
71 19 144
4 45 67
7 56 40
23 16 140
0 47 41
37 6 175
5 18 110
0 33 46
127 40 188
219 27 194
6 58 162
66 3 29
0 57 87
5 20 97
1 41 49
0 33 169
4 31 46
0 17 169
3 9 138
6 20 142
7 2 152
1 18 133
2 11 161
0 18 185
3 32 112
4 3 15
12 12 83
7 55 35
0 16 110
0 18 164
33 33 84
0 21 114
0 35 159
0 41 52
32 34 178
112 52 182
1 37 166
3 46 106
2 0 160
0 30 47
0 5 126
4 53 135
0 36 90
0 29 154
2 5 194
0 38 151
0 52 84
29 56 14
25 29 162
0 13 37
136 16 115
10 55 101
2 22 54
3 55 35
3 19 142
5 20 82
0 49 123
0 11 3
0 59 101
0 12 159
2 6 5
4 10 98
18 11 182
10 0 39
1 46 134
17 19 43
0 40 64
10 58 18
8 5 120
6 10 37
94 55 98
0 24 162
190 14 105
1 22 104
0 20 149
0 38 24
6 34 45
0 10 46
1 5 158
4 56 183
12 14 168
3 29 185
61 27 99
5 18 117
1 2 166
0 34 87
0 51 33
0 1 78
2 19 193
5 29 190
9 17 140
6 40 121
0 22 141
4 0 137
13 0 13
510 10 158
21 22 34
0 16 107
0 16 42
4 12 166
6 30 22
0 7 140
2 27 191
12 48 150
0 7 14
3 55 105
1 57 48
14 17 196
0 6 96
34 41 73
7 22 42
0 8 114
2 19 2
409 16 75
8 14 56
5 19 43
0 37 14
0 19 3
61 15 159
0 38 184
30 26 19
0 19 106
1 13 35
2 51 195
0 54 109
0 55 12
3 20 83
9 9 67
3 48 90
9 35 192
18 21 88
0 9 53
0 55 197
156 43 183
3 43 199
5 36 85
5 44 127
55 22 82
4 24 36
0 53 152
13 53 6
0 8 180
0 20 94
45 32 63
188 51 5
3 53 14
0 49 179
1 25 161
20 47 166
2 24 134
0 15 139
1 47 124
0 52 93
1 21 65
2 11 17
0 37 97
314 36 60
0 55 34
0 22 34
6 8 153
9 39 18
2 14 186
3 34 63
0 16 77
0 36 72
6 24 60
13 45 140
13 47 86
15 4 178
344 8 56
1 51 184
37 32 105
0 4 16
13 55 50
0 3 81
0 25 170
0 44 167
40 43 20
0 23 42
18 15 55
4 47 37
22 54 194
1 15 7
0 37 121
0 23 59
0 56 101
1 5 6
0 30 173
16 35 76
0 27 187
15 9 167
2 59 110
0 44 145
1 56 117
1 5 157
0 8 84
1 57 25
53 16 102
241 25 80
0 58 171
10 10 100
2 10 192
347 54 4
0 34 122
16 32 109
1 41 137
104 9 87
0 36 111
2 6 1
0 59 178
6 40 129
14 1 150
87 4 12
170 31 120
1 15 27
1 25 41
71 40 199
4 33 44
0 36 113
0 58 130
81 51 176
20 47 101
282 18 185
2 34 81
0 50 63
0 50 42
0 54 16
1 45 110
9 22 93
7 50 147
0 33 68
0 41 84
4 37 35
1 36 92
11 39 59
0 13 41
19 34 200
4 28 188
0 3 116
56 22 129
10 56 75
3 39 132
0 9 37
21 34 182
0 34 17
2 7 83
2 26 90
548 40 146
15 11 97
0 32 88
1 57 100
82 2 38
6 33 195
0 43 16
142 33 25
0 9 51
29 16 103
1 19 60
1 50 88
12 9 190
7 27 127
0 11 192
3 34 177
0 26 68
201 17 24
4 30 92
5 6 130
0 58 9
4 15 58
17 2 100
0 5 51
1 36 163
16 18 31
3 12 105
1 12 14
4 50 64
0 29 175
11 31 104
0 25 198
3 14 112
1 44 123
48 23 54
0 8 107
20 28 139
0 40 92
45 45 131
0 19 187
0 28 13
1 51 33
1 45 30
6 17 15
0 15 112
3 4 118
0 41 40
174 3 139
3 19 43
12 38 27
0 3 140
0 46 176
0 39 66
3 43 39
332 7 147
6 57 83
1 58 164
223 9 200
4 47 6
1 47 13
1 59 29
0 57 199
34 39 170
14 19 158
0 30 11
28 24 163
31 41 45
0 34 76
0 6 198
2 5 76
6 36 21
0 14 151
0 0 53
2 27 146
0 37 132
0 20 11
0 24 116
0 3 157
6 4 91
4 50 10
0 57 1
8 45 107
9 45 97
8 47 28
9 14 193
271 54 31
0 21 26
0 17 130
0 42 119
1 1 161
0 43 96
5 35 91
246 56 81
9 41 116
13 5 137
0 37 183
0 52 129
3 28 130
0 5 129
0 30 127
23 3 38
128 23 11
17 52 88
9 48 137
0 15 102
0 47 19
6 50 187
3 25 194
0 30 5
1 53 200
27 6 51
0 11 70
0 31 131
1 56 125
43 34 116
6 9 106
2 41 199
40 55 131
182 59 170
1 53 84
0 33 133
0 37 163
1 50 135
19 5 132
0 15 112
0 30 79
0 42 127
1 25 7
0 39 85
127 40 137
296 30 120
2 40 39
0 48 147
0 33 146
0 20 197
6 56 136
1 13 136
0 12 112
0 54 4
1 55 84
0 42 3
0 12 101
30 20 193
1 59 192
16 5 169
3 38 151
1 9 195
29 54 15
1 14 16
12 1 175
0 57 172
1 42 143
12 18 59
1 20 158
3 25 132
10 25 1
41 47 140
0 41 119
0 27 74
0 16 185
1 32 36
0 27 165
2 57 47
1 19 94
4 36 18
0 3 179
81 59 31
0 0 134
0 56 25
20 45 136
4 28 4
0 47 164
65 47 36
3 31 112
2 26 32
32 29 50
0 42 41
7 58 165
101 58 23
37 58 72
4 10 18
0 5 46
0 34 101
93 38 187
0 39 50
42 43 19
1 5 37
0 16 168
6 39 190
64 22 125
103 33 114
1 47 197
8 0 31
0 47 174
1 32 72
44 48 107
14 32 90
27 4 53
3 41 104
0 13 1
11 6 101
0 29 32
0 23 112
41 37 112
3 8 170
4 44 93
12 48 192
175 12 188
0 52 168
24 19 115
0 22 28
311 48 84
0 7 171
0 15 92
35 22 49
164 1 113
0 1 190
0 54 142
0 46 192
0 11 151
3 51 21
0 29 72
75 59 14
14 39 143
26 21 64
14 7 29
8 10 76
2 26 198
0 18 184
0 31 90
0 7 137
2 24 183
14 0 146
5 12 156
322 12 88
0 44 5
2 2 79
0 14 64
8 27 53
0 38 169
0 43 124
3 49 113
573 47 35
3 18 187
323 7 182
0 6 129
0 19 193
6 29 139
0 44 189
0 21 28
5 5 81
1 11 138
0 25 56
1 50 65
0 2 22
0 54 111
0 0 50
1 32 147
2 11 187
6 17 142
0 11 43
0 42 120
99 5 150
1 22 93
0 42 131
14 39 132
29 16 146
0 40 43
4 18 196
0 12 51
4 16 84
0 48 77
299 34 60
7 26 106
26 34 6
0 44 97
2 4 5
1 30 89
11 56 141
2 17 6
0 52 189
0 2 114
0 25 12
27 59 26
3 27 66
49 34 96
186 47 96
34 28 40
9 23 160
0 26 71
0 53 30
0 28 161
0 47 103
2 2 184
35 51 189
4 21 87
0 55 24
69 38 166
0 6 174
0 36 113
0 9 16
0 8 1
18 55 52
5 20 32
0 26 23
2 15 191
3 57 127
0 40 190
14 4 108
27 4 26
0 54 65
29 8 96
0 36 44
5 5 106
2 28 189
21 56 111
0 0 14
0 3 3
2 5 149
0 41 127
0 15 77
25 40 173
5 13 52
109 40 136
1 10 114
8 33 129
30 29 158
0 19 84
0 22 98
5 24 93
57 54 64
0 27 176
0 28 145
41 37 5
161 3 6
1 48 129
14 22 17
1 44 80
568 37 198
2 44 109
0 48 53
0 41 49
0 47 15
2 30 163
1 59 128
304 47 24
12 38 179
0 8 94
1 6 144
0 44 63
5 1 12
16 21 108
0 36 183
352 50 128
117 37 19
0 16 151
163 58 32
72 27 33
0 0 21
0 23 53
6 0 55
0 24 90
1 8 126
7 0 20
29 13 85
0 59 160
19 41 82
0 51 49
0 49 96
3 12 12
12 17 151
7 2 185
334 13 148
0 39 190
5 22 178
6 29 162
2 9 89
4 41 63
0 1 49
12 56 33
21 50 126
27 47 46
0 39 108
0 39 76
85 42 193
0 13 9
0 4 43
0 28 146
18 48 147
1 19 31
27 6 28
0 39 156
0 30 128
7 38 77
173 35 67
0 18 82
1 35 31
1 48 146
2 7 21
45 55 74
0 56 15
1 44 74
13 57 113
0 42 95
28 59 186
0 21 120
1 42 197
1 53 92
2 22 120
11 46 147
0 3 64
0 24 196
0 8 82
0 5 24
0 26 137
56 3 182
0 42 21
0 43 23
1 29 109
0 7 38
142 54 103
445 31 198
8 7 150
1 44 174
0 25 191
1 25 140
9 22 74
0 28 196
0 59 58
0 25 9
0 58 23
1 16 9
2 17 29
0 32 166
0 43 6
0 45 109
0 23 154
5 8 158
1 0 12
5 5 128
0 8 3
4 0 49
21 24 195
1 17 186
169 42 166
362 2 194
6 57 159
153 27 159
8 48 84
3 7 2
172 52 178
483 15 119
42 29 44
0 9 147
0 34 177
0 52 82
11 37 66
1 20 173
1 43 11
47 5 37
0 14 179
38 33 177
0 9 16
0 27 60
48 8 108
103 7 27
0 44 8
1 10 43
22 30 194
0 27 79
2 40 178
11 48 178
0 53 98
96 5 150
5 14 53
187 23 80
13 8 18
4 28 114
0 33 133
38 57 198
0 13 119
1 21 158
0 41 26
0 50 127
0 39 75
0 27 119
1 44 93
0 14 129
0 59 121
19 11 124
10 7 139
444 59 100
0 11 109
8 46 81
5 54 153
1 54 114
1 29 46
427 6 15
50 14 161
0 47 13
3 37 17
5 23 16
2 14 29
0 26 116
0 1 58
5 38 102
0 59 48
0 18 1
1 15 30
5 33 40
4 31 130
0 16 198
672 57 140
0 21 48
0 34 105
3 27 87
0 2 68
0 38 21
0 56 5
0 23 13
0 37 6
6 53 69
17 38 18
0 24 189
0 15 63
36 32 161
0 14 81
36 30 101
0 28 21
2 22 131
0 49 199
0 17 59
0 41 176
1 28 188
0 20 14
9 15 43
0 59 77
0 32 102
1 47 166
41 40 158
1 39 97
0 54 127
51 35 18
2 20 126
9 46 176
18 54 145
0 4 7
0 29 111
4 14 106
7 45 63
1 15 166
1 0 106
0 48 127
438 5 188
1 54 3
0 53 166
0 8 69
0 57 56
0 32 98
0 45 136
9 54 115
8 26 88
10 12 187
9 46 72
0 25 48
0 47 25
40 51 178
2 54 175
0 13 172
3 31 96
1 0 62
8 22 135
4 25 8
1 29 124
18 25 148
43 11 143
1 38 122
15 11 7
2 57 183
537 16 39
1 58 188
7 36 151
0 1 16
7 21 15
0 37 167
49 47 135
2 43 49
0 48 200
0 22 186
2 8 190
22 3 72
1 19 42
2 37 22
4 39 60
4 57 24
0 56 200
0 55 22
23 39 59
0 25 129
3 17 20
0 16 200
0 21 17
27 59 100
1 15 85
1 55 172
0 47 44
3 53 116
3 44 26
28 54 9
1 28 123
12 49 193
26 32 156
115 41 155
1 21 95
47 34 194
5 59 14
0 28 190
39 9 140
655 28 153
7 58 137
7 47 98
2 29 35
0 54 97
0 29 171
2 29 2
6 9 141
0 19 82
59 30 55
0 32 191
1 41 57
0 51 29
3 1 17
1 44 164
32 11 90
76 2 200
0 14 5
1 40 88
82 23 82
4 21 1
0 23 60
0 41 70
11 6 62
0 46 43
3 4 122
0 35 127
1 51 177
0 51 45
4 33 139
1 37 174
1 15 97
4 30 141
1 25 125
87 58 30
474 42 166
3 30 175
0 16 156
1 57 41
5 23 48
0 0 74
1 44 164
1 38 13
6 6 65
0 17 51
8 8 188
0 53 8
13 48 197
0 47 132
0 53 27
1 33 68
1 6 86
8 47 156
35 15 15
244 47 82
17 14 193
0 37 81
0 35 76
0 13 179
487 10 169
0 13 47
0 40 199
9 19 172
75 35 104
2 44 138
3 49 32
0 1 31
0 59 60
1 37 123
0 26 198
9 5 36
0 45 184
0 6 69
3 39 105
0 8 64
0 46 99
0 4 142
0 5 179
2 19 159
12 30 70
0 16 58
4 44 126
0 20 108
103 58 155
9 10 149
15 32 147
4 40 91
4 6 23
1 54 138
19 46 33
9 21 161
4 55 52
13 39 43
14 24 108
7 18 175
0 51 28
1 51 93
10 38 25
5 26 41
0 9 65
0 10 42
91 31 4
1 51 85
0 0 17
45 15 109
2 18 132
5 13 161
1 58 173
1 51 198
1 42 179
1 37 100
0 53 167
2 51 62
0 2 126
2 50 65
2 56 41
0 20 70
0 39 29
31 15 41
0 0 114
40 51 128
0 3 68
0 16 173
1 28 83
0 50 43
1 20 107
4 29 137
5 56 200
10 0 167
4 18 97
6 26 167
0 12 89
2 34 123
0 22 72
11 45 62
165 27 33
0 15 199
0 38 144
0 22 130
160 35 43
64 37 8
2 50 26
1 15 15
0 5 52
0 11 105
2 57 162
1 44 140
2 40 94
6 11 58
5 18 39
112 5 116
58 54 135
1 41 200
0 56 192
10 53 180
73 52 133
0 33 185
3 1 191
0 44 162
5 32 42
58 46 59
248 22 45
22 0 135
0 27 196
1 23 33
14 2 176
0 21 104
2 15 55
8 24 49
0 33 102
1 21 65
610 58 143
1 51 46
0 15 154
8 43 147
0 33 3
0 12 166
1 52 11
1 14 2
1 54 139
42 57 185
7 8 12
0 12 111
0 9 1
0 7 3
0 40 109
0 18 197
0 52 116
0 16 53
2 36 22
0 31 19
0 19 97
5 29 92
6 8 109
0 10 120
1 59 132
2 20 66
1 8 112
2 23 93
616 20 108
2 15 185
2 1 19
1 9 121
0 41 128
3 24 101
11 56 196
15 3 124
2 16 92
23 28 51
2 23 80
108 49 47
194 11 108
22 39 145
2 9 97
0 8 57
1 33 186
1 32 82
21 5 88
0 50 106
0 50 180
1 24 129
4 58 133
0 43 182
0 58 73
0 40 75
2 44 109
1 38 88
13 34 103
0 56 131
0 34 126
6 21 146
1 35 75
0 52 111
2 28 52
49 58 26
0 46 27
2 48 41
0 40 164
4 38 165
3 30 5
5 13 1
2 56 78
3 54 58
20 54 122
0 46 133
1 3 128
4 58 67
0 50 72
19 33 125
58 28 104
0 45 97
14 33 39
0 36 110
2 24 92
9 53 90
4 15 162
42 2 142
2 58 194
3 32 13
245 30 25
2 6 156
0 16 143
2 56 127
0 6 79
15 56 32
3 5 179
0 40 66
43 8 71
117 30 147
2 27 63
0 24 103
1 51 133
5 15 31
0 13 97
8 47 53
1 25 100
0 41 137
0 8 45
5 9 187
141 10 128
19 38 103
0 18 145
1 43 183
61 21 116
19 33 89
3 7 155
2 36 166
12 24 92
0 53 32
2 27 198
0 31 60
1 6 71
0 50 67
4 42 80
0 54 80
366 59 122
35 27 38
2 0 169
5 26 144
14 40 59
0 24 194
0 39 70
26 52 188
15 48 171
0 42 173
1 41 173
125 16 150
0 3 95
4 12 63
2 40 130
13 2 137
14 27 137
0 10 21
72 41 92
59 52 38
1 33 21
0 23 141
12 22 152
21 1 13
9 51 64
0 9 178
2 43 178
0 15 55
0 52 119
0 45 64
0 47 164
9 14 86
0 8 79
76 51 160
1 35 101
1 38 166
1 23 155
0 35 119
0 38 176
0 52 33
3 26 68
0 20 155
0 2 128
0 49 10
2 19 1
1 23 1
3 31 196
0 5 116
1 50 108
50 34 14
0 51 156
90 1 102
7 24 10
2 41 192
26 59 43
0 43 88
9 8 72
15 59 30
3 0 139
9 20 135
1 21 91
1 53 161
2 39 69
5 3 147
2 10 59
1 53 198
0 26 38
0 45 166
0 39 80
0 0 164
0 1 102
161 59 122
103 47 143
0 12 68
0 0 2
0 21 184
0 47 126
0 16 40
0 33 65
1 50 56
22 48 177
480 7 53
2 3 145
8 0 130
3 15 197
2 12 35
1 38 200
1 0 15
0 32 175
2 28 112
0 29 6
1 18 101
4 1 149
1 46 195
1 52 198
8 46 178
0 24 174
0 21 6
2 48 138
2 18 191
2 53 88
1 6 183
1 8 94
0 12 38
0 1 99
0 49 47
270 51 115
0 22 165
492 21 198
30 36 193
3 41 8
1 37 141
6 39 28
0 46 21
0 28 32
0 43 34
0 55 182
0 3 30
0 28 32
22 58 173
0 30 78
1 40 142
65 46 170
272 59 28
0 38 26
14 11 185
11 7 157
0 25 98
0 14 77
2 9 148
1 52 16
11 41 199
0 31 34
1 43 20
8 30 69
0 46 41
1 2 59
9 12 110
1 31 111
3 30 168
2 42 84
5 19 47
0 0 196
200 21 25
2 6 2
5 32 68
5 34 95
0 20 84
12 25 146
17 51 109
131 57 90
0 38 88
0 42 138
66 55 94
0 24 99
3 1 28
0 18 11
2 15 34
82 17 177
0 8 56
9 34 51
4 4 147
0 36 43
1 39 150
14 42 13
1 34 103
4 46 79
1 33 128
3 35 35
0 9 192
96 15 200
0 44 181
0 49 34
0 53 26
23 30 77
3 45 35
54 7 99
10 20 67
0 49 123
4 33 161
318 32 65
0 58 96
2 18 106
7 23 83
8 55 90
1 52 120
95 39 22
1 50 84
0 40 121
0 53 132
5 15 175
0 10 27
0 13 191
10 2 180
2 26 128
6 38 43
1 42 95
0 15 159
5 26 125
2 51 1
1 37 88
0 4 171
3 12 41
59 44 133
0 29 132
2 35 9
2 21 171
0 11 180
12 32 73
1 1 106
290 20 65
132 21 123
11 16 114
3 43 187
5 41 85
5 58 142
1 7 122
0 37 122
0 16 178
0 21 142
8 39 100
10 54 170
1 24 152
0 39 152
0 8 114
327 24 98
0 6 195
21 25 46
0 21 127
1 16 76
1 53 30
13 42 71
8 21 147
0 43 59
1 7 164
5 10 93
0 49 82
1 9 35
2 20 197
3 45 177
84 20 141
1 29 127
2 7 194
24 39 146
27 54 162
23 21 189
0 18 57
42 48 8
0 4 149
9 41 29
3 27 113
1 33 123
5 18 100
1 8 170
0 22 184
51 30 90
17 20 36
1 33 50
7 24 57
1 32 143
1 31 57
20 38 35
0 40 6
9 49 98
5 21 16
0 25 90
4 26 57
195 46 36
52 44 183
0 59 153
2 28 3
0 18 74
9 24 98
0 28 79
3 18 142
1 55 18
228 29 175
2 57 80
20 27 188
1 7 100
609 25 46
0 24 92
98 52 47
2 53 46
128 43 83
3 52 199
1 48 138
0 35 144
8 26 35
1 55 41
58 21 48
1 3 22
21 35 163
3 17 50
5 29 36
1 24 191
367 38 86
408 33 75
2 18 145
0 29 76
4 11 146
393 59 196
10 30 169
0 33 1
11 40 169
3 54 162
0 40 121
0 5 39
0 2 165
8 47 99
113 33 60
0 43 53
144 47 85
2 59 125
1 4 162
0 8 40
0 19 180
18 49 104
3 34 78
0 32 162
167 42 197
9 50 29
22 45 82
0 1 13
2 53 65
3 1 159
30 33 91
2 10 79
38 22 186
25 34 15
107 57 32
20 5 22
23 54 106
51 7 10
3 44 170
3 10 38
65 40 115
5 28 197
15 39 52
0 13 20
0 56 124
1 27 187
1 54 130
405 48 8
733 31 67
0 27 69
17 46 33
4 16 79
8 24 38
2 18 54
1 0 110
6 53 197
0 29 187
632 18 129
7 58 181
2 26 27
0 57 59
2 21 74
3 8 103
0 12 52
20 33 38
16 53 105
0 7 168
3 34 198
2 34 111
2 21 158
5 48 91
38 48 186
1 27 191
4 28 184
1 59 5
0 40 19
4 11 97
0 49 140
66 21 5
19 8 146
7 32 53
0 28 102
4 55 98
46 9 91
1 28 177
0 21 17
4 7 156
1 23 136
0 8 37
0 45 61
13 19 108
102 45 47
2 51 184
0 51 180
5 9 112
0 42 99
0 12 26
60 44 101
17 54 196
82 25 116
0 0 34
1 16 93
1 3 77
1 31 85
76 52 118
4 14 145
4 32 14
0 37 27
4 44 121
4 42 108
14 11 110
367 39 31
1 19 22
761 21 64
2 27 153
2 24 152
0 55 158
0 8 98
0 41 134
0 35 182
0 6 74
0 45 100
741 39 150
227 57 75
13 18 112
6 10 27
0 4 148
0 29 17
5 13 24
110 9 14
2 39 124
16 4 79
4 8 163
70 5 15
33 47 128
0 33 56
0 13 21
0 0 198
0 59 45
3 9 78
35 1 94
3 30 191
0 58 59
5 20 114
190 11 185
0 13 22
0 6 152
0 30 137
17 36 72
5 21 136
3 20 109
6 8 40
187 49 83
10 10 123
7 48 140
4 32 76
5 36 108
4 46 150
0 39 25
4 32 174
7 26 58
1 39 59
137 35 120
2 42 181
10 13 148
6 53 137
0 18 194
14 15 3
0 42 13
2 24 59
266 16 133
3 27 116
18 4 73
1 47 115
4 38 178
4 30 185
0 48 32
2 4 92
382 25 167
8 39 164
80 11 129
0 4 1
1 3 100
9 5 46
3 25 149
1 52 87
148 55 36
1 19 45
99 59 40
4 45 58
0 29 98
1 7 66
7 21 19
0 14 151
2 25 10
3 20 53
459 19 192
3 26 127
28 1 111
2 42 35
0 59 52
0 0 52
166 4 3
277 54 55
0 18 82
336 8 78
1 47 144
0 54 4
100 56 28
1 45 53
3 20 61
1 19 58
1 2 121
32 4 64
4 41 10
0 39 86
2 52 56
0 36 73
31 28 104
0 54 131
12 24 102
1 49 4
5 17 108
0 14 77
0 43 3
1 30 26
0 32 123
57 40 60
11 2 60
1 24 176
0 56 128
0 3 61
0 42 149
2 48 199
0 25 128
3 24 153
18 59 71
0 21 124
0 33 99
18 11 77
0 47 112
6 18 11
27 33 179
0 4 26
237 58 175
625 44 184
277 39 159
17 43 121
0 21 47
4 46 4
2 46 132
2 19 40
0 29 66
25 4 132
2 38 16
22 4 138
0 45 81
14 9 187
0 47 126
1 18 153
1 32 29
0 12 92
0 17 54
4 25 75
0 38 158
2 10 111
0 37 6
0 14 66
1 2 136
0 31 174
37 48 190
2 9 55
2 40 162
41 30 106
4 27 30
2 8 194
0 50 114
2 7 170
40 9 54
0 22 153
21 29 171
235 2 162
6 37 139
9 19 88
15 48 70
0 28 36
75 44 60
0 31 98
0 31 128
207 48 27
1 30 93
1 51 138
32 58 178
70 57 124
0 16 7
565 47 23
47 51 68
153 22 116
1 26 42
0 38 109
0 25 177
3 5 85
82 7 145
0 14 13
115 24 40
18 5 91
0 4 131
7 29 3
2 57 32
1 26 23
0 14 160
11 8 152
6 43 150
17 45 108
0 34 116
1 7 150
0 23 142
2 11 96
35 31 84
73 50 197
0 56 56
0 34 165
1 16 37
8 44 85
2 40 182
0 38 59
0 0 100
11 16 46
57 22 174
0 58 120
0 19 110
1 39 81
0 14 168
2 16 21
11 30 142
0 51 61
0 39 107
12 35 16
0 39 96
0 19 192
176 23 116
0 19 44
3 6 119
14 51 113
61 1 184
1 4 67
0 1 131
0 22 170
6 28 170
0 14 165
5 20 70
30 37 146
1 32 160
2 41 58
10 23 12
20 6 18
615 41 196
1 46 137
2 19 4
2 33 5
8 14 169
0 47 167
76 53 175
6 22 54
1 52 55
0 21 163
5 55 99
13 49 104
0 46 150
11 56 99
241 2 39
1 34 45
3 47 181
2 51 134
48 14 199
0 7 195
13 51 37
0 13 85
0 3 111
120 13 116
14 18 165
35 25 6
2 39 175
0 16 71
6 46 167
78 18 69
151 49 86
2 14 117
0 46 182
43 39 129
3 29 103
16 45 93
5 24 63
2 52 134
8 33 92
2 9 33
10 55 65
0 56 142
0 47 4
0 59 151
4 32 180
0 15 56
0 19 58
56 12 143
69 53 175
1 49 12
162 44 162
0 29 150
0 44 197
0 21 179
3 52 103
0 35 193
0 26 2
5 29 160
23 35 48
7 54 87
2 51 28
0 52 120
0 33 91
0 32 44
2 26 165
397 10 4
2 15 60
0 40 142
344 6 84
3 49 109
3 40 82
3 17 115
0 10 142
1 26 35
1 26 84
59 7 64
255 35 170
0 41 90
0 38 126
0 48 103
0 19 84
1 45 140
3 8 197
48 13 110
1 43 107
73 26 180
0 13 105
0 32 157
6 4 181
1 56 191
4 1 107
4 19 142
1 20 75
2 58 148
4 35 26
0 43 28
11 38 81
542 2 118
1 43 137
10 17 163
0 23 90
1 31 121
21 52 111
0 12 86
9 31 22
0 21 11
4 48 40
5 42 169
15 41 94
1 28 125
2 44 69
2 46 70
3 26 55
8 0 28
1 31 100
1 46 14
1 46 91
26 18 72
20 33 156
0 21 94
108 50 109
175 46 196
0 23 118
2 23 3
0 29 109
0 36 123
0 15 23
132 55 107
13 54 58
3 31 42
0 35 8
8 41 72
10 16 7
0 38 183
0 20 161
23 15 72
326 59 20
3 11 32
30 37 181
0 10 181
44 31 97
177 3 188
4 21 74
3 20 67
1 53 84
11 32 126
0 52 59
0 4 21
8 41 169
5 26 118
0 34 83
103 41 16
0 6 181
2 30 123
0 39 197
1 23 177
0 49 50
1 8 98
0 53 28
0 6 90
6 20 159
4 36 58
1 5 87
9 29 173
4 2 76
0 58 43
5 1 101
1 2 116
22 25 70
1 18 175
0 6 27
1 24 31
25 14 185
4 28 71
8 24 153
0 19 25
2 5 142
8 37 6
10 16 78
1 31 144
2 14 105
0 18 126
348 40 185
0 39 84
196 1 180
0 3 63
0 32 63
21 21 36
0 26 33
0 28 80
6 37 64
662 1 168
181 40 42
0 29 177
40 33 71
570 4 133
1 1 98
268 30 88
42 56 89
353 26 20
11 3 77
42 8 158
6 26 57
4 20 75
244 59 77
0 27 52
0 31 43
11 15 192
1 23 72
11 40 191
14 27 45
0 20 90
0 26 186
40 7 186
0 59 117
9 48 148
0 5 135
2 18 21
0 35 29
14 59 144
6 1 34
0 50 92
0 30 112
0 49 114
394 12 145
76 3 128
0 9 33
1 7 88
5 52 19
0 3 33
20 27 181
0 41 121
0 43 31
0 58 189
1 50 95
0 44 178
0 44 107
1 34 76
1 19 52
1 50 16
3 45 61
0 45 174
33 30 68
10 37 142
1 20 137
0 9 3
0 33 183
4 18 46
1 28 121
0 14 59
0 18 154
7 23 15
7 23 54
0 8 31
73 26 114
0 31 165
16 13 52
4 53 150
19 30 104
0 46 184
2 11 189
4 36 135
0 46 33
1 48 170
6 10 61
1 16 161
0 1 91
0 28 187
6 48 57
7 32 93
5 13 145
0 25 126
0 56 129
407 8 128
28 13 146
5 54 39
3 58 154
0 32 24
7 9 150
5 32 49
519 10 180
169 52 90
502 11 98
53 34 142
1 56 74
5 2 159
7 24 153
21 53 28
7 36 67
0 18 72
24 12 15
0 30 107
0 28 184
0 23 45
2 6 33
0 25 150
0 58 71
20 53 53
0 40 71
0 11 176
1 28 126
0 9 87
0 13 174
3 44 22
5 19 17
165 54 152
1 24 108
0 19 28
4 7 178
0 9 164
1 0 186
0 8 73
1 24 137
1 55 31
0 16 185
1 19 185
722 0 34
61 13 61
48 20 167
12 39 169
3 23 40
0 28 61
0 59 6
381 15 99
0 0 138
0 27 194
1 57 56
2 7 67
18 19 132
233 47 167
0 0 89
2 46 34
1 22 126
324 30 109
49 59 97
1 1 80
0 4 159
0 6 63
9 20 95
0 30 31
118 4 75
0 22 168
2 14 91
0 59 4
10 57 52
2 55 189
0 52 21
0 35 77
0 42 26
0 32 42
0 37 183
21 54 140
0 44 131
0 9 72
0 6 56
2 46 138
0 39 45
15 9 116
0 19 127
8 17 190
3 49 93
13 22 182
34 34 199
26 37 149
5 50 106
5 50 65
5 45 129
0 40 117
3 36 118
0 16 91
298 41 134
2 4 35
27 57 62
66 10 20
6 16 55
1 33 83
1 12 115
0 54 52
0 23 93
64 55 42
8 38 122
0 6 168
0 57 101
0 59 141
0 24 144
0 58 161
0 40 58
0 40 57
0 59 137
29 34 50
1 13 38
369 44 31
2 4 62
1 33 195
0 16 178
0 52 101
38 27 1
158 19 128
1 48 158
1 0 104
0 16 60
132 26 155
47 43 195
0 13 111
3 44 183
0 18 71
228 40 91
201 15 20
3 34 190
2 31 75
1 5 66
2 40 16
8 26 77
6 30 173
0 23 186
0 7 33
7 17 170
57 58 7
1 20 197
6 5 90
10 40 91
14 3 31
2 20 43
0 46 29
41 49 129
2 0 4
3 23 188
0 58 99
731 55 114
13 2 86
4 13 107
1 4 195
0 41 64
0 18 2
2 25 113
1 53 163
2 16 35
128 48 38
0 5 198
0 46 166
3 43 116
51 34 89
29 1 83
0 16 136
1 3 8
0 13 64
0 11 162
39 42 52
0 37 76
2 54 54
2 33 47
7 50 126
6 45 181
2 55 77
9 21 33
12 12 196
1 32 182
0 43 21
0 46 37
0 48 134
4 35 107
1 46 99
10 3 193
143 16 155
0 52 122
0 55 85
13 58 192
0 14 18
0 59 103
0 1 154
20 0 155
1 49 72
2 13 69
0 34 144
0 35 21
3 39 130
1 31 112
45 26 185
0 43 162
0 24 28
1 23 116
0 47 43
1 12 195
0 14 1
0 51 71
8 33 143
1 45 4
0 25 41
2 32 146
3 32 106
30 11 60
540 41 75
1 28 88
0 54 193
3 46 79
0 59 191
0 1 65
0 34 58
5 52 189
0 7 19
158 54 5
43 18 57
43 38 176
1 19 128
7 56 134
1 44 133
28 24 50
10 9 80
39 44 171
0 26 22
1 24 91
2 45 96
28 53 129
2 54 96
1 57 74
16 58 29
12 20 173
0 5 156
115 42 107
4 1 29
8 3 71
0 10 131
2 4 200
58 27 17
2 56 72
0 42 189
2 46 137
1 50 102
1 28 191
1 0 142
0 41 135
1 41 13
2 19 198
10 21 76
1 8 29
3 28 45
1 5 78
0 51 80
20 36 9
5 38 121
191 45 137
0 43 172
1 26 96
5 22 177
0 48 78
32 29 50
297 34 24
694 37 185
42 9 144
0 17 99
2 4 195
31 0 82
2 7 180
0 55 40
0 54 46
0 5 31
0 32 80
14 5 135
1 9 57
0 9 179
168 29 78
0 13 144
79 45 82
3 27 1
0 55 116
0 27 23
8 3 145
0 15 199
645 10 112
9 55 4
0 5 128
0 47 65
16 58 69
3 51 96
0 40 195
1 59 75
0 41 87
55 49 31
0 21 72
15 40 162
1 12 145
14 5 28
2 59 78
45 23 2
1 22 49
0 45 167
47 4 98
65 16 171
2 9 146
2 22 131
0 59 178
63 15 30
1 52 124
5 58 185
246 51 170
0 2 9
3 35 66
18 21 41
7 26 90
1 59 59
5 55 28
3 53 15
15 57 37
0 46 59
0 42 146
4 38 120
13 1 90
0 54 179
168 10 56
179 37 50
3 59 80
0 40 134
11 27 179
2 15 40
1 50 125
0 24 38
6 13 157
1 16 161
1 41 70
6 55 156
10 22 95
9 36 17
2 33 108
0 3 127
58 49 124
13 33 9
2 22 154
85 15 61
0 37 165
0 11 114
1 18 113
0 45 57
52 54 109
0 16 55
6 37 60
15 23 183
0 8 17
0 41 144
0 8 11
0 6 37
191 10 90
35 21 9
659 43 142
4 53 61
0 55 91
5 50 108
1 39 59
90 36 10
0 7 139
0 43 199
1 50 58
0 2 98
0 29 161
0 2 50
0 16 174
3 11 116
0 22 177
3 52 95
0 46 63
1 8 18
0 52 171
0 33 15
0 0 9
0 27 144
0 57 164
0 46 180
1 11 53
21 27 62
165 36 118
209 7 21
27 57 62
0 16 33
0 44 20
0 28 174
0 21 131
22 6 147
9 43 114
0 42 179
6 17 76
5 9 113
1 33 42
63 17 193
11 59 36
32 47 23
132 16 46
0 16 94
0 29 197
0 8 19
0 33 61
0 29 183
162 27 153
0 58 195
0 42 146
37 30 108
1 8 66
1 29 29
73 47 44
1 28 23
0 7 42
1 21 52
0 7 185
1 38 148
0 29 194
141 46 106
0 39 159
0 36 147
6 18 165
1 3 114
20 35 96
0 4 153
1 1 55
0 31 41
0 47 138
3 43 29
1 3 31
3 25 135
35 51 69
0 57 52
56 9 73
2 12 167
0 19 108
1 48 19
0 57 172
0 16 162
2 7 12
3 16 115
0 37 195
7 22 196
1 33 124
1 21 58
663 6 154
7 5 65
1 8 119
0 42 16
0 32 62
32 6 13
0 28 132
0 7 171
0 2 180
22 1 181
0 42 133
302 53 105
47 41 54
0 39 56
2 12 136
0 20 11
0 17 14
1 51 10
1 11 50
1 0 136
0 29 80
55 0 12
21 0 52
0 45 79
0 30 6
0 46 12
0 46 110
18 44 200
101 25 75
0 32 191
6 39 144
1 6 196
5 38 94
4 22 21
3 53 111
1 39 106
1 28 94
0 45 126
0 52 18
3 54 124
39 56 82
0 0 12
0 24 74
55 1 53
0 29 184
2 57 30
0 45 134
0 21 176
6 51 24
2 5 114
8 59 123
0 5 179
21 40 61
8 3 103
10 36 38
4 14 109
22 28 185
0 34 200
8 55 147
0 24 162
7 24 75
0 47 56
50 48 59
1 5 79
0 39 183
1 55 72
0 32 188
16 8 109
0 59 142
227 6 141
9 34 94
0 51 107
0 11 182
17 29 61
19 57 56
11 24 104
0 7 115
7 2 40
0 32 146
1 16 101
0 38 72
45 56 58
0 35 178
0 0 124
16 43 129
0 30 42
0 50 76
9 21 111
3 37 81
1 43 174
0 25 84
0 12 44
0 31 94
0 38 11
0 22 25
0 46 76
0 30 193
1 16 176
0 29 174
0 38 78
0 31 68
2 55 161
2 36 116
1 21 180
21 31 39
0 2 81
12 5 120
0 17 110
13 30 8
7 56 24
1 20 171
2 26 145
5 32 57
1 34 73
1 17 3
40 27 178
2 43 187
6 11 150
0 14 175
0 46 138
1 21 31
3 51 136
6 28 196
0 15 109
7 12 189
44 46 180
1 56 61
0 45 35
0 13 7
2 37 61
2 49 97
2 38 185
0 11 124
112 57 75
3 1 91
448 22 91
0 37 116
0 27 158
0 29 109
4 57 70
1 47 167
0 0 44
1 16 175
6 19 132
6 24 108
1 57 54
3 35 195
5 10 35
0 44 129
0 41 41
10 12 191
9 55 23
0 9 13
0 42 43
42 37 142
0 41 123
0 23 185
3 55 140
0 8 24
2 30 42
0 7 20
3 36 2
0 39 183
1 31 127
0 48 121
364 22 3
266 31 102
99 47 95
0 38 117
182 4 22
2 56 103
17 30 95
506 6 24
3 47 196
3 11 10
0 25 190
0 21 79
2 39 125
20 37 192
0 18 49
0 16 113
32 51 166
7 9 36
0 35 134
0 16 34
20 23 167
0 35 77
9 15 176
3 26 66
0 22 86
7 53 15
0 8 54
0 45 127
4 52 32
2 37 73
0 49 33
0 25 198
420 47 58
0 53 196
119 59 46
0 28 147
0 27 195
0 25 82
49 54 67
0 25 51
0 28 53
3 41 1
92 21 103
22 33 156
0 36 117
0 31 84
0 25 187
0 25 87
0 27 57
0 43 86
0 56 173
101 5 183
0 49 56
1 16 80
147 52 150
0 22 155
1 16 65
0 47 98
87 16 92
0 49 73
17 14 80
6 53 80
19 45 172
4 7 16
9 24 154
12 20 134
18 49 179
0 11 83
0 4 70
2 10 30
33 56 100
34 36 20
1 31 50
74 28 167
1 12 11
59 53 141
426 30 149
0 49 105
2 31 14
10 32 135
0 8 21
81 13 152
0 43 131
1 30 189
3 33 29
0 57 27
0 41 112
2 19 25
0 45 68
0 43 122
126 55 96
13 17 199
2 10 192
0 40 196
36 59 48
0 50 175
14 47 45
0 43 99
9 30 143
0 53 73
1 42 28
0 9 68
23 49 15
0 30 162
2 29 154
15 12 95
7 7 157
0 29 20
0 41 167
3 4 47
22 29 71
0 57 189
444 6 150
0 11 151
0 14 124
0 21 84
3 36 167
0 10 146
5 39 82
235 38 151
0 38 111
0 18 116
7 27 182
0 8 48
63 28 181
1 47 195
5 15 12
36 28 41
8 20 7
159 38 68
4 30 195
4 16 56
1 4 123
149 9 56
0 20 164
4 8 119
3 47 42
0 29 106
0 36 42
0 0 67
2 3 109
20 20 13
150 6 3
0 33 22
85 42 198
1 46 15
0 5 34
0 7 55
0 0 113
0 28 66
1 36 114
27 59 157
86 10 9
1 7 56
36 14 85
0 51 111
14 36 36
10 1 189
1 9 64
3 31 117
0 22 38
91 10 150
44 40 72
192 55 110
6 50 37
0 51 104
253 46 103
14 29 49
0 32 58
45 45 18
93 31 179
5 52 109
50 3 146
5 42 49
0 45 59
250 0 86
0 36 177
0 42 12
16 28 112
2 5 79
4 4 133
13 31 43
1 1 46
2 10 39
176 54 127
1 44 122
1 56 175
370 55 156
1 26 64
11 44 107
0 54 157
0 48 173
0 5 125
0 9 22
7 47 161
3 5 85
11 1 199
13 5 8
1 16 49
8 58 183
1 38 195
0 14 10
0 0 114
13 12 160
0 17 125
1 31 60
76 48 35
3 35 70
56 57 189
13 48 165
0 31 170
0 16 104
2 54 186
1 28 168
1 29 173
2 13 56
0 14 194
0 40 23
235 25 97
0 11 138
189 52 140
0 49 7
23 35 40
0 17 77
9 46 17
0 32 37
17 10 24
212 52 139
9 14 195
3 7 120
2 15 14
322 4 191
14 32 78
2 53 9
0 35 37
0 11 20
0 22 120
1 50 126
0 25 39
0 15 61
0 27 15
2 1 150
0 23 49
1 49 189
0 8 73
6 21 121
4 41 194
14 35 154
189 45 23
15 15 150
88 58 158
0 57 122
750 25 41
21 54 166
0 49 172
36 53 141
16 41 156
0 6 144
0 23 125
0 30 97
528 49 89
4 40 75
3 28 146
10 45 160
135 35 166
41 41 196
45 31 98
140 50 29
0 34 122
8 39 118
69 29 5
1 47 1
0 34 115
26 39 200
0 48 148
0 20 53
0 20 42
2 14 173
0 45 6
0 58 113
1 26 80
0 4 144
4 7 44
3 30 37
1 13 98
5 46 4
2 39 57
12 24 83
23 41 104
32 44 168
0 0 27
28 16 155
2 48 91
0 57 75
24 53 11
0 34 39
4 24 170
0 59 71
8 37 90
8 0 103
0 10 74
32 28 47
83 22 142
123 44 51
179 55 40
0 35 91
0 29 129
0 42 161
0 26 136
4 55 157
0 55 6
0 53 116
156 30 182
27 4 159
533 7 7
12 15 74
1 18 34
4 25 13
7 21 49
0 7 179
0 51 57
205 28 162
0 41 181
66 3 22
0 8 64
10 38 128
0 15 116
1 34 121
9 20 78
0 8 86
40 3 79
2 33 4
2 45 140
3 38 26
26 48 29
10 32 145
53 19 101
8 5 140
0 52 47
1 8 2
1 9 199
17 51 89
1 36 24
171 59 111
1 22 192
41 13 55
1 38 142
0 57 86
7 34 92
73 18 26
1 12 25
53 50 68
0 55 176
14 21 154
0 52 52
1 54 62
0 0 174
3 48 57
3 59 191
40 6 191
0 38 98
0 46 149
0 37 26
7 1 66
88 54 146
1 56 99
5 24 112
30 55 68
3 20 85
1 41 14
543 42 68
0 23 19
1 54 112
6 55 122
0 41 19
4 47 6
0 31 31
5 5 44
21 23 42
7 9 20
0 24 141
75 39 196
4 26 152
13 2 44
4 18 129
0 59 46
2 27 199
6 51 74
1 54 116
1 41 49
0 9 137
1 27 186
15 55 99
796 30 183
12 56 137
78 36 112
8 21 163
10 25 194
5 3 88
0 56 142
0 55 163
30 5 153
141 39 189
0 48 116
3 58 198
2 9 195
78 19 142
2 35 180
20 47 47
14 31 41
246 29 125
12 41 81
0 49 132
2 48 40
0 37 170
3 27 183
0 39 25
2 40 17
5 49 187
26 40 175
29 24 167
54 31 126
0 23 198
143 39 156
0 26 120
0 35 94
0 32 76
40 24 32
1 52 98
32 31 99
2 36 15
0 57 112
48 50 21
1 21 98
0 30 186
69 35 140
0 33 130
0 48 154
4 54 178
13 43 47
10 43 70
175 42 42
1 43 142
9 7 120
5 3 176
543 7 182
1 22 29
0 23 178
699 20 47
0 41 74
0 2 90
4 10 79
0 40 11
0 18 191
2 54 17
17 16 58
0 28 198
318 55 106
3 30 131
18 37 174
2 38 91
0 16 141
0 27 125
0 53 148
586 17 14
0 14 170
1 35 22
3 9 22
0 14 122
17 36 1
2 42 19
2 43 15
0 17 60
1 31 146
1 31 188
0 21 140
2 5 194
10 16 149
2 8 77
4 55 51
2 12 175
4 41 10
71 34 23
13 55 38
0 32 100
8 0 163
1 25 117
0 9 178
6 24 66
3 8 117
1 3 109
0 5 23
9 22 96
3 58 146
0 44 28
1 33 167
4 45 30
2 0 78
8 34 148
0 10 118
0 50 41
0 51 85
4 54 149
7 4 5
0 28 76
0 2 73
28 30 183
0 0 146
0 39 31
5 2 65
1 18 60
0 33 27
9 55 101
1 41 129
3 6 99
0 44 198
3 28 105
0 12 129
1 45 161
0 30 90
0 27 45
0 34 78
627 56 59
8 3 123
0 44 95
5 15 36
1 36 34
0 50 40
1 7 119
1 40 43
1 17 100
6 36 166
10 53 198
1 39 192
0 2 136
8 28 16
29 21 159
16 24 200
0 51 59
4 17 43
2 41 13
1 21 60
10 27 64
0 38 41
1 49 165
1 3 26
1 44 74
1 38 37
13 30 33
0 52 157
3 33 68
12 24 177
0 57 192
0 22 42
2 50 186
3 50 169
0 21 144
0 46 59
5 52 170
31 8 10
0 34 66
14 40 199
100 18 83
11 4 142
0 44 92
0 56 78
60 3 50
1 26 26
3 13 143
52 39 89
0 34 108
2 46 99
5 21 140
0 1 1
198 9 123
0 56 151
1 32 131
0 18 102
0 36 34
0 18 47
33 13 115
180 20 36
135 0 2
1 17 140
0 0 59
0 13 89
5 50 34
83 59 72
424 4 15
6 1 131
4 51 140
0 0 191
0 1 195
13 4 55
2 11 121
200 18 24
1 54 178
6 27 176
8 58 83
1 4 175
15 15 111
2 13 44
25 47 62
668 26 85
2 17 71
14 10 185
5 34 120
23 10 188
13 42 65
50 26 110
1 16 138
0 25 69
13 53 159
281 14 32
2 56 73
0 18 66
0 59 3
1 31 66
0 48 152
241 45 185
2 34 21
15 47 120
3 55 53
9 12 21
42 5 108
0 1 187
0 29 155
0 51 52
9 56 101
28 22 107
10 37 113
0 14 7
0 22 74
0 18 169
10 36 61
1 51 42
2 35 78
0 46 162
0 39 175
4 10 95
0 10 119
12 54 53
3 52 164
0 56 65
13 40 112
1 54 176
1 43 152
273 26 109
3 29 154
205 18 164
2 53 76
2 22 123
36 13 72
28 28 85
1 53 104
0 46 5
17 47 199
2 55 129
1 49 25
398 4 100
0 44 128
64 58 22
28 43 188
1 22 113
0 53 134
0 53 128
0 32 126
0 54 86
3 1 52
6 34 113
0 49 200
14 25 99
0 23 14
26 57 141
25 44 21
1 24 51
130 53 22
5 10 36
0 44 197
0 11 189
1 35 118
1 40 124
0 30 82
2 51 66
0 53 173
175 22 31
4 5 109
0 32 52
2 18 11
3 18 65
17 8 185
131 40 56
2 42 28
1 42 31
0 20 166
18 52 64
29 47 16
15 3 51
0 22 142
1 24 18
1 45 98
8 21 157
2 55 24
1 1 195
170 47 149
2 47 120
14 59 36
1 51 155
6 20 176
4 24 153
6 55 192
20 42 1
0 11 95
0 20 112
0 49 107
2 1 94
21 25 56
1 14 104
392 46 88
0 28 180
9 59 117
48 2 185
1 45 51
19 41 48
3 55 169
10 1 111
22 56 27
0 22 159
1 33 166
1 30 113
12 25 190
0 52 85
369 13 112
25 37 129
11 32 102
0 44 11
1 39 61
4 57 197
0 56 107
4 17 167
1 40 200
1 50 46
28 57 79
0 56 15
8 10 20
0 58 176
17 56 166
3 56 101
2 36 16
0 55 141
43 10 40
11 15 6
0 44 169
1 48 139
0 17 193
0 37 115
0 20 169
0 30 105
0 27 55
0 30 163
0 8 12
0 59 176
5 44 186
341 45 22
5 42 176
6 50 108
53 28 41
7 20 14
32 47 180
11 18 64
142 42 143
17 37 110
2 22 10
25 9 29
1 52 6
0 1 10
0 26 157
23 31 28
0 5 138
2 15 141
0 49 118
2 20 37
182 12 116
0 27 152
6 42 136
0 4 143
0 41 1
10 23 41
257 24 32
1 56 167
4 34 123
11 0 4
4 24 9
0 9 31
3 57 129
0 30 139
1 47 75
0 41 31
0 57 40
1 46 35
2 1 57
2 42 28
0 4 167
3 18 166
3 28 180
1 32 19
0 15 127
0 43 40
0 8 87
1 16 37
0 56 38
33 30 133
0 47 159
0 9 154
0 21 137
1 54 29
37 54 82
40 23 33
3 51 63
113 23 51
7 55 103
0 1 6
0 24 87
3 3 27
0 12 43
8 55 67
0 0 67
27 37 59
14 43 50
0 13 72
4 39 82
1 7 86
3 11 185
306 18 65
2 25 182
11 50 95
362 51 44
26 43 75
10 30 87
83 1 38
0 49 10
11 42 19
1 43 39
0 48 23
0 39 24
0 30 155
366 13 184
4 9 110
0 55 152
0 15 32
4 7 169
4 33 174
424 30 176
0 46 102
4 18 182
6 30 150
0 28 58
0 7 195
279 9 11
2 40 112
4 22 75
0 48 50
2 11 4
545 58 55
0 53 52
0 34 25
1 26 43
1 53 155
1 49 125
4 15 167
0 27 1
2 6 47
12 42 104
1 39 44
0 33 96
1 23 47
25 17 86
17 59 8
1 49 16
17 55 34
90 2 34
0 47 187
152 14 48
11 33 197
3 25 42
0 49 55
337 20 25
7 12 79
402 53 27
28 37 182
1 24 67
0 48 49
0 4 117
35 52 21
0 46 116
3 20 189
0 45 87
1 52 172
144 58 108
1 57 38
8 32 57
0 45 56
2 22 147
0 10 124
1 32 93
17 0 7
0 21 9
6 1 24
1 17 71
0 1 46
7 49 50
0 40 38
0 55 9
6 5 4
50 33 74
4 47 2
13 13 33
69 56 97
0 34 28
18 13 135
0 18 10
2 20 9
192 17 85
2 54 155
1 58 117
0 18 124
8 46 61
59 49 98
1 28 153
133 32 146
5 54 71
2 29 112
0 28 39
1 53 196
72 17 122
4 59 22
4 58 77
0 1 191
7 38 196
170 33 159
2 51 185
0 50 173
0 1 149
0 35 31
1 9 119
0 52 76
0 54 36
0 26 126
0 37 36
0 3 47
2 23 184
17 29 195
5 12 140
8 1 103
149 14 149
32 13 98
1 43 80
24 12 48
3 9 95
8 59 5
0 55 61
2 40 79
1 27 53
0 45 66
0 17 109
0 58 123
6 47 42
5 35 118
0 27 146
1 46 126
1 57 95
1 4 131
0 17 96
7 45 179
0 20 88
7 54 128
0 34 70
0 39 82
2 26 6
45 19 16
15 22 134
0 26 145
53 31 4
17 31 174
9 22 131
0 19 99
1 13 52
312 45 182
0 29 10
1 51 195
2 27 61
0 47 31
81 24 182
5 15 71
0 39 156
1 53 194
6 30 117
36 59 95
43 14 27
83 46 52
1 21 115
89 37 106
158 49 62
0 14 151
342 20 116
3 14 2
7 54 80
23 11 184
1 28 120
9 48 35
1 21 181
43 27 103
0 39 171
0 1 50
1 48 187
44 53 69
125 8 72
1 8 170
0 43 175
0 24 36
0 15 157
22 36 157
28 20 84
390 43 112
17 0 193
3 12 93
11 29 91
0 45 51
0 45 158
76 11 157
0 0 179
15 11 182
0 19 94
0 20 123
3 15 126
0 32 159
0 31 176
0 1 8
3 46 83
1 50 52
7 36 50
0 27 99
3 3 123
11 17 58
1 19 104
18 25 77
438 8 79
0 29 158
7 0 12
15 23 45
136 20 156
9 9 90
1 44 143
0 38 153
7 33 181
14 57 144
423 45 38
1 42 83
9 15 105
2 3 6
0 35 16
0 35 107
3 47 56
15 52 120
0 4 190
0 50 3
0 21 112
41 33 168
142 16 142
3 10 148
0 38 150
0 43 113
9 39 61
313 29 158
3 21 170
0 55 177
0 13 43
0 32 71
0 5 180
17 46 105
11 55 113
2 14 86
0 22 55
4 59 54
0 9 154
19 9 100
1 44 195
1 53 55
101 37 167
0 55 52
271 9 195
0 6 73
1 36 96
32 37 154
154 54 24
1 35 199
5 3 105
0 12 72
5 28 20
33 19 192
0 52 79
8 14 110
32 29 191
265 46 13
14 42 120
0 37 36
70 29 98
1 0 140
2 44 190
26 42 91
8 47 15
2 49 107
0 0 33
1 31 181
428 39 168
3 58 140
114 28 46
0 45 46
1 36 66
1 13 49
115 14 1
0 32 121
32 52 102
25 4 167
2 50 124
0 59 5
2 23 5
82 55 106
0 23 100
5 56 4
0 49 4
16 57 136
0 13 132
3 26 63
1 3 21
14 34 177
2 25 100
1 47 161
8 40 7
4 44 4
2 50 56
1 51 94
1 30 15
0 41 108
9 31 108
11 26 168
160 39 37
0 22 102
0 15 5
400 4 31
0 24 181
2 48 9
430 0 31
0 43 90
1 20 53
7 9 196
304 58 162
12 16 5
1 14 62
226 45 76
5 13 61
0 52 148
0 6 76
26 19 8
38 48 149
0 15 8
1 32 196
17 30 170
0 52 120
1 56 60
2 20 95
0 40 19
0 35 132
3 37 118
0 26 166
54 25 44
0 40 93
1 21 170
0 31 198
2 48 59
1 55 64
1 30 24
9 23 152
2 8 149
0 29 81
62 55 130
1 48 102
60 20 13
0 4 32
76 0 89
142 6 1
0 15 163
0 8 123
0 19 38
4 2 55
0 23 56
0 24 27
15 54 76
0 1 6
1 55 168
2 0 37
1 37 35
67 19 112
389 30 6
236 40 159
0 28 198
1 17 30
4 54 162
0 45 100
2 15 146
0 0 33
0 39 4
0 54 33
1 33 99
0 5 191
14 58 117
253 32 119
0 44 8
0 36 82
2 28 73
5 15 107
2 54 178
0 17 116
15 10 137
0 40 111
124 0 136
18 14 108
1 16 113
0 34 198
2 18 111
14 17 163
0 37 113
47 52 148
236 17 91
23 12 98
2 2 121
10 52 117
6 47 187
11 0 196
26 22 152
0 35 86
1 5 6
16 31 130
0 21 145
0 58 105
5 39 30
0 8 49
0 8 184
1 58 106
0 48 46
122 51 138
1 11 29
0 26 177
1 58 129
27 34 133
0 18 197
16 20 72
0 1 116
0 56 140
0 45 52
0 28 54
1 50 93
1 15 16
15 49 93
2 3 83
4 33 62
9 32 175
0 42 85
1 19 186
0 15 130
4 39 129
0 52 191
21 0 87
0 47 57
2 50 105
0 7 75
1 26 66
87 17 125
1 26 52
1 4 55
1 2 124
12 36 19
0 39 103
10 40 179
0 57 18
2 40 139
356 38 157
24 36 177
0 19 29
3 1 142
2 54 130
0 23 72
2 49 120
1 0 136
11 25 48
1 1 84
353 19 120
3 10 23
14 15 50
7 37 103
1 8 41
1 22 158
12 42 62
0 38 63
4 57 163
0 40 155
3 39 130
0 10 49
2 51 85
39 17 51
0 9 197
685 45 17
1 38 187
53 33 80
5 48 140
5 54 116
16 37 148
9 10 28
13 56 11
12 59 110
14 27 18
66 34 27
8 18 10
16 11 108
4 52 95
0 14 106
156 6 182
4 13 99
0 16 126
0 9 68
16 44 64
1 34 82
3 3 141
10 29 12
523 42 25
10 40 12
0 37 40
0 23 181
0 5 80
1 8 156
4 25 130
0 22 70
24 18 174
0 24 192
7 24 140
0 32 53
54 23 151
0 51 143
1 21 168
7 43 178
133 15 66
12 15 69
10 2 129
0 24 91
1 4 65
1 55 169
1 13 12
36 25 151
3 29 36
265 41 15
139 45 155
0 8 160
19 30 83
1 17 159
1 39 142
5 24 20
2 16 66
5 0 197
0 34 92
11 46 24
4 25 124
0 16 110
6 20 83
54 20 12
1 3 155
0 0 106
12 21 187
2 16 184
23 59 113
2 36 33
52 49 95
4 18 91
0 52 1
0 33 94
2 5 109
0 42 174
0 28 187
723 34 149
0 14 146
1 48 153
6 52 44
0 8 123
84 24 78
0 43 170
2 18 34
0 11 83
7 52 2
78 21 30
11 18 190
15 54 82
468 51 56
338 56 134
0 43 43
0 46 78
0 57 195
2 12 127
0 31 25
0 49 115
13 51 46
0 40 1
50 47 148
1 4 157
1 40 107
0 56 118
2 3 41
2 1 181
13 55 136
2 25 151
0 34 180
0 4 18
10 17 67
34 34 57
8 11 169
39 9 20
0 5 2
45 46 185
38 58 130
2 2 81
2 26 146
172 29 7
119 37 118
2 6 44
0 33 122
1 40 164
0 34 84
63 40 16
0 7 26
4 52 188
1 42 200
0 58 187
2 22 13
0 33 96
12 3 176
29 18 15
1 9 45
54 11 16
0 6 37
0 57 128
4 6 111
3 5 71
10 2 173
13 17 52
3 48 22
43 16 181
0 54 97
16 0 52
1 30 91
0 44 141
5 47 27
7 26 151
5 47 55
2 32 16
0 0 51
27 22 65
1 28 19
8 22 21
4 52 153
0 25 133
39 40 176
0 27 165
513 45 42
0 58 145
207 35 197
22 1 162
2 6 148
11 0 184
2 8 187
1 13 178
5 47 162
3 23 186
0 34 130
0 12 69
26 48 1
4 5 130
0 32 198
23 33 194
5 47 13
0 33 81
20 1 24
2 25 155
43 30 25
206 35 81
0 28 159
764 46 104
0 43 8
10 41 185
5 57 115
2 9 200
9 34 8
0 39 116
0 7 6
12 43 17
32 14 54
0 33 47
10 51 177
3 27 87
0 37 185
3 53 92
0 42 109
0 8 105
0 18 166
0 19 29
2 16 75
2 47 40
505 6 104
122 35 54
140 28 33
15 0 113
1 18 23
20 9 15
5 55 37
0 57 134
1 29 160
15 39 5
0 39 15
1 5 123
0 15 4
0 15 30
85 28 175
1 49 62
1 47 191
7 57 136
2 38 119
2 36 4
24 41 108
0 57 54
8 51 198
237 54 12
0 54 43
74 11 43
0 27 92
1 57 186
4 38 90
2 7 184
0 50 139
1 32 10
440 41 55
0 56 184
1 22 106
0 47 128
0 49 158
2 53 182
0 35 151
0 41 184
0 55 129
4 25 29
5 38 51
0 39 92
0 14 55
13 33 11
1 43 99
11 25 56
0 6 22
0 19 114
0 48 82
69 24 98
0 7 162
12 58 189
1 45 1
0 40 73
0 41 166
0 29 9
128 57 83
12 55 14
28 39 6
0 13 127
78 25 63
10 37 31
1 3 97
680 47 192
18 23 159
69 20 70
2 40 125
0 55 143
21 25 133
37 20 158
3 23 90
0 46 137
4 37 107
0 30 193
1 14 44
0 35 104
3 21 36
0 27 74
1 26 140
2 6 92
0 6 123
20 26 14
0 17 144
41 58 169
0 24 109
8 6 47
3 20 71
3 51 94
1 47 153
0 1 172
8 38 78
10 11 115
370 42 4
0 44 115
6 38 70
3 15 186
0 35 192
0 3 12
1 59 141
18 48 46
459 46 8
0 51 129
0 23 57
126 25 193
2 43 47
4 24 110
719 59 167
12 55 23
109 5 120
28 26 73
4 16 74
4 38 69
0 53 15
21 19 176
0 1 190
1 2 14
52 58 99
1 45 96
0 28 171
1 39 84
28 55 48
6 9 116
1 16 150
2 10 18
4 41 1
36 49 80
16 9 127
61 15 172
0 26 138
23 25 124
0 45 113
13 4 75
0 46 198
100 9 44
1 21 183
2 0 86
11 15 51
0 28 88
0 23 48
6 41 199
0 3 114
6 54 159
1 56 181
0 57 142
3 27 174
44 8 170
21 52 125
3 53 176
64 49 194
2 32 184
3 2 106
38 19 44
8 16 47
2 48 129
4 43 152
0 4 77
17 56 18
590 7 94
1 30 78
3 11 101
45 1 1
9 13 162
1 2 21
5 36 27
10 57 166
0 1 45
2 21 161
11 51 147
0 34 13
0 6 104
0 53 124
31 8 140
3 57 61
2 17 183
3 37 177
0 41 82
4 25 88
0 17 54
0 52 200
10 2 115
0 20 174
292 26 162
4 2 193
1 49 62
143 20 135
0 53 142
0 9 38
1 33 97
1 32 199
0 45 182
0 4 79
8 14 155
0 45 25
22 51 25
10 13 84
10 40 158
21 17 116
43 16 168
251 19 104
0 42 85
22 49 34
0 29 88
14 57 132
87 43 37
1 19 93
0 37 80
4 26 41
0 0 144
0 43 131
1 42 49
0 23 80
9 32 165
1 4 191
0 41 132
5 12 96
1 56 110
0 6 73
0 42 51
1 42 82
0 32 116
2 40 99
2 4 41
0 13 187
7 5 193
0 2 84
0 40 131
4 20 47
2 53 15
0 53 163
21 14 155
50 57 26
15 58 128
511 26 198
2 26 130
0 22 132
0 28 10
0 21 2
0 41 150
0 50 78
0 8 70
3 43 180
0 39 50
0 21 35
1 1 169
0 31 113
24 54 88
30 9 140
17 36 85
0 29 10
11 30 18
2 7 7
1 31 4
693 22 76
28 45 41
0 56 110
5 17 61
0 5 141
0 8 55
0 25 162
0 12 69
4 37 108
1 1 120
4 18 170
2 41 98
499 38 78
17 40 165
1 5 51
7 18 117
15 50 145
0 23 45
0 51 158
0 51 47
0 56 14
0 18 83
0 45 196
57 30 1
25 31 149
49 30 69
3 53 92
46 12 73
21 48 170
1 49 81
0 28 47
2 11 90
33 3 74
0 23 28
0 8 184
6 37 101
256 9 7
0 21 18
196 33 159
13 38 5
0 33 147
75 48 198
0 46 57
17 41 187
14 2 144
0 42 48
0 6 118
0 50 30
22 44 199
0 38 126
4 41 104
0 25 85
0 26 164
10 18 27
0 59 83
6 54 62
1 26 174
701 29 38
0 3 32
1 49 142
0 23 28
0 39 127
0 26 87
1 48 136
24 21 143
403 27 180
0 53 165
0 34 138
0 52 125
11 20 59
5 23 76
22 26 120
438 16 126
1 33 144
1 16 135
0 12 125
0 47 137
0 35 48
323 49 154
0 42 75
24 23 198
3 52 179
1 23 84
0 19 13
14 38 1
13 39 43
3 35 124
2 59 45
3 39 24
0 47 53
98 32 47
11 26 24
0 8 15
3 24 31
1 43 61
146 1 115
0 59 131
0 50 172
12 42 52
37 20 197
1 9 15
23 22 145
16 20 164
1 46 116
0 55 98
0 51 145
0 23 48
0 15 22
1 15 170
0 41 54
126 53 171
0 56 97
1 50 163
1 48 17
1 56 199
0 0 142
1 17 34
3 41 106
5 45 134
5 51 164
6 13 84
0 22 18
3 40 132
11 30 101
0 13 34
1 13 102
0 50 163
0 28 8
3 19 6
46 52 190
4 14 1
0 52 179
204 34 62
1 51 20
3 34 132
14 3 132
0 12 110
214 42 85
46 49 26
27 17 133
15 56 188
0 36 162
1 25 14
0 1 7
2 40 45
1 50 176
11 38 158
169 18 57
382 54 184
0 48 66
8 52 117
0 31 102
1 39 137
132 39 47
2 34 26
2 24 9
0 5 140
11 31 93
0 18 70
47 41 1
38 36 107
304 12 166
9 53 130
338 32 193
2 8 39
2 33 114
276 24 124
4 6 128
5 44 25
2 47 134
0 55 132
0 13 199
41 15 114
44 14 40
5 41 84
0 14 109
4 27 57
249 5 33
5 45 109
1 0 30
2 51 152
0 53 81
0 48 25
3 38 24
46 38 100
0 53 37
26 54 29
2 5 180
1 30 76
0 25 123
0 9 185
1 32 164
1 56 174
0 41 32
12 54 75
4 14 98
0 29 193
42 53 47
1 59 165
3 25 167
0 45 136
0 16 49
0 54 161
1 48 51
16 42 193
235 46 30
152 38 142
0 7 76
15 13 34
22 19 119
59 36 74
3 29 31
2 55 165
6 58 198
14 43 99
13 43 33
482 37 72
0 38 161
23 14 36
28 53 21
23 7 15
1 37 83
0 10 122
5 44 148
3 34 175
0 58 31
0 7 182
6 3 51
1 15 72
1 14 97
0 32 70
30 49 144
5 54 3
6 52 12
15 32 189
336 3 94
0 13 174
0 10 116
0 23 34
0 47 84
0 16 98
475 42 158
2 31 82
0 21 46
0 52 165
1 2 175
1 29 149
65 9 64
0 19 87
0 46 121
12 42 67
0 13 147
0 26 136
0 56 83
34 4 118
1 50 176
4 36 62
22 27 23
0 14 11
0 32 34
3 18 83
1 54 81
0 35 181
0 8 160
0 16 183
0 15 70
25 31 47
0 2 48
0 30 65
0 37 42
8 4 3
1 52 175
0 48 157
13 47 21
0 38 28
0 56 28
8 20 9
9 51 140
0 54 110
0 19 141
0 34 186
0 23 191
0 49 125
2 9 120
38 5 19
0 28 123
0 45 81
0 4 124
5 13 62
0 30 93
3 8 110
53 51 7
0 42 143
1 38 44
0 7 103
7 7 105
4 0 159
5 52 30
0 35 22
77 33 177
2 15 181
1 27 162
63 43 5
49 48 78
5 15 141
0 38 105
0 38 138
0 32 65
1 34 52
0 31 78
0 55 138
7 21 6
15 51 127
8 57 3
1 49 2
2 38 82
11 45 126
2 8 2
5 44 107
0 31 39
59 25 168
0 58 158
84 2 2
0 44 101
11 27 137
3 57 147
0 34 141
3 12 113
11 45 92
2 30 149
1 52 34
1 4 139
0 31 200
0 5 165
8 42 36
4 13 196
0 17 146
0 37 164
2 52 190
1 2 117
0 21 36
313 24 92
0 33 186
0 26 12
0 34 125
183 45 91
0 2 200
7 43 49
4 14 185
16 9 13
76 4 194
0 25 5
1 4 130
3 42 49
0 17 20
0 35 142
0 17 66
15 39 47
25 27 24
8 53 153
292 12 43
8 18 145
2 48 150
13 11 38
79 37 141
0 8 106
0 37 167
1 47 196
0 44 164
39 28 43
0 59 85
10 39 85
4 54 41
1 32 143
1 6 167
476 41 78
0 28 159
4 8 99
36 28 124
98 31 158
1 23 70
0 54 72
0 28 141
4 30 13
0 1 127
2 26 150
0 19 95
0 35 184
0 17 77
140 49 85
4 39 146
241 19 39
3 30 28
2 46 24
24 56 122
1 50 132
0 58 113
8 57 112
0 22 189
47 15 41
0 19 18
0 46 86
0 25 155
0 26 153
1 47 165
14 18 6
0 31 199
0 6 194
0 30 191
1 6 2
0 20 84
1 35 88
20 13 92
46 21 67
4 58 143
0 3 144
120 17 5
0 30 103
281 26 20
1 33 18
0 10 5
37 37 154
1 42 53
88 18 167
0 46 23
12 33 156
174 11 162
65 33 181
1 23 129
2 55 106
71 49 154
0 32 36
7 31 188
17 22 141
2 44 140
147 23 177
2 48 110
9 23 31
0 8 150
500 2 29
1 30 106
0 49 146
5 18 25
2 58 145
2 3 9
30 39 93
587 50 133
1 0 156
0 37 167
115 43 89
0 57 32
8 56 93
70 29 60
0 50 195
7 41 21
1 39 7
0 30 7
700 7 199
84 49 167
1 34 175
0 16 142
2 53 164
3 38 121
3 47 35
2 25 157
10 36 78
75 10 92
0 12 33
1 5 15
0 59 87
19 7 72
2 48 183
0 1 44
23 50 11
0 1 92
0 27 187
0 21 59
689 42 58
0 41 142
25 55 66
0 12 24
0 27 125
3 32 134
1 4 185
0 26 35
0 51 92
0 6 76
1 7 3
6 5 92
2 52 29
32 18 6
3 53 3
0 18 13
1 1 105
1 58 184
1 24 198
5 39 151
20 8 34
0 14 181
2 54 81
47 59 144
0 30 151
0 48 6
0 47 139
93 28 100
9 49 19
23 51 26
2 47 176
270 49 20
74 8 73
0 5 84
0 26 42
1 10 81
11 18 165
0 37 125
55 51 181
12 5 164
0 54 127
59 41 176
10 46 161
0 33 190
3 34 138
13 51 160
2 48 116
0 44 184
77 33 109
1 45 88
2 55 34
0 39 70
0 26 91
3 22 94
2 6 55
1 32 6
0 16 46
0 33 58
0 41 104
2 41 65
56 42 45
47 7 2
31 58 151
0 30 71
0 57 189
0 5 177
1 2 141
9 55 136
4 23 60
0 19 34
48 14 50
0 42 135
0 41 129
3 23 178
16 56 48
2 31 154
0 48 172
2 5 171
9 4 107
3 53 7
7 19 113
0 50 32
3 19 39
16 57 55
6 40 30
0 23 78
3 56 47
1 24 123
0 39 196
2 36 62
2 51 18
4 44 51
14 43 82
0 47 13
1 4 77
27 52 58
0 11 57
405 46 26
3 46 78
8 44 153
0 59 124
4 23 170
12 36 120
0 11 137
14 1 6
8 14 40
28 4 85
4 2 74
32 36 102
12 35 10
0 37 102
54 40 142
36 19 72
1 30 52
0 34 41
4 31 198
0 51 135
17 59 156
0 49 120
0 51 19
5 36 11
34 7 13
0 42 35
2 47 9
0 35 137
2 53 142
1 32 78
2 30 200
2 7 37
6 53 139
57 37 162
1 24 52
0 20 169
48 4 57
1 54 53
3 20 57
9 34 96
0 47 142
0 45 118
0 9 126
14 25 132
1 40 169
1 46 34
0 25 136
0 48 33
0 32 176
11 42 186
5 52 94
0 20 131
0 43 194
26 48 184
0 43 141
7 24 62
19 1 76
0 27 127
49 16 144
1 25 124
0 22 65
0 33 2
0 22 121
0 50 75
0 22 91
0 53 171
0 24 52
2 20 162
9 34 27
6 23 116
1 34 18
0 55 117
63 16 79
0 41 181
0 36 83
18 17 182
0 39 67
1 18 103
5 23 161
2 56 90
0 44 78
3 36 41
1 29 58
2 53 189
4 13 130
117 48 147
1 38 177
1 23 65
0 34 72
0 43 194
34 43 81
209 13 50
19 21 185
4 5 83
0 36 168
1 24 27
1 59 124
0 51 165
4 15 119
1 32 197
1 16 26
1 59 16
2 24 200
0 26 131
0 28 106
3 5 40
0 30 103
0 9 30
0 24 94
0 0 155
40 5 96
1 24 104
4 48 33
0 12 38
15 30 141
31 14 124
3 10 62
30 38 141
2 43 130
0 39 175
1 7 9
18 37 102
0 5 135
427 15 44
1 28 124
4 40 194
0 50 97
112 2 30
0 48 168
35 3 140
0 4 164
0 59 48
43 0 153
0 45 92
8 46 164
3 35 133
777 37 95
0 16 101
0 40 55
4 10 120
0 50 137
0 42 106
2 25 29
0 29 131
56 50 128
1 32 46
4 4 148
13 5 19
0 18 79
126 31 24
0 57 60
0 2 134
2 32 42
1 4 162
1 20 62
35 30 161
19 27 158
0 45 157
1 38 54
0 56 109
143 20 185
0 1 25
1 37 152
0 41 192
3 34 164
0 34 191
7 9 16
33 37 122
1 35 13
17 7 44
0 18 124
2 44 18
2 20 84
5 17 168
4 42 180
15 9 89
0 32 69
6 44 52
0 58 92
167 31 84
1 49 74
52 17 5
23 2 112
3 54 94
0 22 12
7 20 51
636 34 157
13 3 93
0 37 96
1 15 107
9 44 41
35 20 180
1 32 19
166 5 187
0 43 5
0 23 92
1 55 1
0 32 102
210 8 185
8 58 125
24 57 200
0 13 105
5 32 123
22 30 96
1 59 2
0 13 110
0 22 166
15 33 141
1 34 193
0 15 147
2 45 199
1 57 102
5 44 56
1 24 60
1 35 85
2 9 5
138 50 63
504 20 157
14 33 68
53 30 68
1 12 85
7 22 12
33 28 178
3 56 54
6 8 44
0 10 2
1 7 132
0 26 132
1 45 165
15 56 17
0 5 147
0 59 41
0 28 181
16 9 89
1 25 2
2 2 153
2 23 119
0 41 29
1 0 113
0 29 26
0 28 61
2 22 128
0 35 31
60 30 150
5 4 191
9 4 77
10 23 118
2 23 41
48 15 27
0 47 177
0 46 40
8 23 165
0 30 26
2 31 10
0 14 155
110 57 109
14 55 88
27 3 4
1 18 177
6 12 133
0 34 23
7 14 182
0 50 183
9 24 53
14 22 4
0 5 96
2 38 161
1 43 68
201 46 43
4 29 181
46 13 140
0 48 147
0 56 124
0 47 68
4 49 11
7 33 39
19 31 141
216 59 20
0 40 41
1 57 191
1 38 78
0 56 124
0 9 128
3 28 131
4 36 41
0 30 198
0 51 50
0 3 123
5 40 70
0 22 197
0 29 30
0 8 74
18 41 161
8 35 17
0 44 94
2 20 43
0 44 184
43 49 154
81 46 171
6 20 11
0 4 198
12 0 13
1 46 141
1 16 55
276 49 152
0 50 169
2 27 101
483 49 11
9 21 127
2 43 86
31 27 176
5 46 27
0 55 96
0 4 188
1 43 31
5 44 94
0 3 110
8 6 89
1 28 100
601 50 195
4 45 97
0 40 60
4 1 143
165 29 118
0 55 176
0 52 166
55 37 64
18 56 28
1 17 128
0 27 10
2 0 163
0 39 54
0 18 142
5 31 165
0 37 77
377 48 93
1 41 141
0 41 59
25 16 190
6 38 167
0 30 191
1 39 14
1 52 131
4 2 154
26 2 187
0 35 184
33 40 63
1 23 102
8 2 172
144 21 123
1 59 102
309 37 27
1 17 21
0 45 89
358 39 125
12 23 43
9 47 2
0 30 164
27 34 114
23 29 63
18 22 85
3 54 133
15 33 38
14 16 78
0 9 184
0 42 96
0 24 13
34 51 139
81 47 155
0 52 189
1 26 108
3 30 104
4 53 38
0 10 134
86 20 169
0 45 80
0 4 157
9 32 39
0 55 84
2 8 27
5 17 64
0 48 82
19 12 110
2 15 159
1 40 49
2 28 90
14 35 74
56 19 40
0 58 43
2 58 20
0 48 75
3 15 151
0 32 90
30 11 113
1 18 45
2 32 63
0 1 103
60 23 113
311 7 101
9 30 127
0 20 101
0 16 61
56 33 197
91 28 171
2 44 99
8 16 96
0 9 65
0 6 8
41 24 28
26 31 54
0 28 131
284 27 124
7 3 118
0 34 81
4 43 139
4 12 8
25 15 27
0 2 96
15 0 167
8 17 97
18 39 21
67 27 26
9 1 59
359 26 56
780 57 11
0 34 61
7 17 80
3 48 36
3 58 48
16 39 105
10 40 94
0 23 75
0 33 27
439 57 90
1 51 138
0 5 125
23 41 146
4 44 141
267 51 78
4 50 33
154 27 141
2 39 173
2 55 54
2 40 169
7 16 66
84 36 23
44 48 165
1 57 179
7 39 92
1 27 55
0 34 51
1 58 197
4 15 6
0 10 20
0 25 182
0 0 163
0 8 28
81 58 114
2 42 18
5 24 71
1 21 157
0 50 157
11 6 18
132 4 182
43 58 76
464 31 31
0 2 83
343 20 200
4 12 129
0 55 194
127 37 8
2 29 64
0 39 163
1 5 102
0 29 101
0 52 102
46 22 149
0 47 131
2 52 109
7 18 36
2 45 93
0 36 6
0 37 1
3 11 178
1 33 98
0 34 157
0 58 65
1 57 112
19 34 194
0 51 154
5 57 16
62 29 68
453 17 39
5 20 141
432 44 123
1 12 139
0 22 153
3 43 71
9 50 49
8 56 159
0 21 159
0 43 83
9 49 170
0 55 200
8 3 76
0 24 76
3 3 9
2 58 102
0 16 109
5 58 158
18 29 43
0 13 174
12 33 23
12 45 168
0 57 65
103 41 158
2 26 45
29 35 66
5 44 27
4 52 36
10 32 162
0 47 158
0 48 192
1 3 72
0 5 152
494 7 85
23 37 173
2 18 120
7 36 83
1 12 145
2 55 49
44 58 29
0 42 46
5 35 34
6 22 157
0 56 25
3 29 49
1 32 5
35 23 108
19 38 131
121 38 69
0 42 62
3 29 54
0 57 200
1 44 180
4 26 45
1 14 169
0 58 187
18 4 61
10 34 71
2 8 95
63 30 121
2 52 118
0 20 136
72 2 150
3 32 181
18 35 170
1 38 56
430 5 166
0 24 153
1 19 186
1 9 79
1 4 56
8 48 170
139 19 59
0 57 71
1 40 55
0 5 4
4 20 136
0 25 158
304 17 63
7 46 72
0 38 15
2 35 20
0 43 85
0 23 34
3 14 173
121 19 196
0 12 51
81 8 80
0 30 47
48 53 8
6 50 199
0 22 110
0 38 114
0 39 46
442 5 143
94 21 172
0 45 180
0 56 111
1 24 144
0 56 14
0 5 77
73 44 89
0 25 196
0 45 139
733 59 84
56 3 79
1 20 112
0 18 86
0 27 3
20 40 177
30 56 154
0 18 87
4 53 48
23 17 133
1 11 147
42 23 153
1 48 50
41 48 176
0 16 126
1 21 199
0 50 10
6 38 168
12 42 155
0 28 171
23 27 179
1 16 193
4 6 9
36 15 11
13 11 33
2 0 142
2 49 152
0 18 122
64 13 77
43 37 69
79 8 117
70 29 86
0 19 183
2 5 99
0 16 192
9 5 100
0 12 60
154 6 77
4 58 85
0 26 82
20 32 57
63 56 168
2 3 179
1 53 9
0 39 114
0 38 28
4 32 126
0 37 143
3 25 30
111 53 27
95 9 4
14 12 147
5 17 12
4 30 16
1 4 26
6 45 43
0 57 164
0 32 66
0 42 134
0 59 164
0 10 171
0 12 82
2 56 81
1 45 174
2 23 15
170 22 174
3 47 11
1 43 44
0 32 64
4 13 171
11 34 5
3 32 45
211 27 8
15 1 168
15 7 55
0 9 7
0 1 116
15 44 22
2 44 115
0 32 179
3 15 95
220 50 92
15 54 55
4 23 45
3 8 175
0 27 115
0 40 180
0 22 139
9 0 21
1 3 33
39 56 162
52 55 132
0 43 62
2 59 105
2 6 23
13 10 136
51 12 8
1 34 91
0 36 20
6 33 153
0 49 66
2 30 104
578 14 70
20 8 166
1 28 123
9 19 89
50 50 19
1 38 158
0 43 155
33 16 96
2 16 19
0 58 45
1 27 101
2 33 138
1 18 1
2 46 60
143 2 58
13 28 46
1 55 161
0 36 153
0 10 195
1 50 20
1 48 194
68 24 15
0 13 200
26 47 198
25 45 187
24 15 68
4 3 149
0 12 189
1 42 188
15 49 99
1 17 53
277 12 90
0 57 160
0 11 144
11 45 103
307 44 6
18 19 143
0 30 100
3 51 173
0 40 93
0 6 169
0 48 143
28 11 43
61 33 5
1 52 112
0 8 198
11 49 156
0 1 184
10 11 39
13 37 49
0 43 78
16 39 79
7 16 27
3 53 182
19 46 169
0 44 115
0 45 32
0 57 166
0 42 102
10 7 45
0 24 37
0 58 107
186 11 127
179 56 127
1 50 166
126 29 92
0 24 148
108 58 146
0 28 198
12 46 184
12 50 164
5 25 93
3 54 84
15 20 93
3 4 144
4 45 118
1 48 131
0 16 106
12 50 96
29 33 70
225 14 93
5 36 96
0 7 89
47 58 85
0 2 55
0 13 71
0 10 62
4 30 97
16 14 175
0 16 63
2 58 110
1 44 123
4 15 29
0 44 58
1 12 188
0 28 139
0 8 111
525 1 132
321 21 48
0 38 109
0 27 33
0 4 19
22 3 29
0 34 117
7 26 90
2 46 84
9 56 152
3 16 37
0 27 118
1 31 176
1 3 145
3 53 161
3 37 8
6 7 110
0 11 48
4 59 61
15 18 8
0 24 149
0 51 147
0 50 10
7 57 82
218 32 25
1 25 27
0 30 94
349 55 91
3 9 161
5 57 172
0 59 113
0 21 17
5 33 84
0 59 37
4 55 48
0 8 58
58 45 198
4 7 139
162 48 132
5 29 90
1 3 189
4 21 104
3 28 55
5 43 194
0 14 5
4 11 20
48 21 92
0 53 184
1 22 190
0 28 184
13 30 52
62 56 50
2 39 128
1 12 67
3 5 22
0 28 43
0 15 63
32 4 103
3 39 149
0 21 102
1 37 73
7 56 60
3 32 23
0 7 14
3 54 68
0 51 114
0 21 60
3 47 167
3 31 43
158 41 160
25 35 12
28 58 19
600 2 116
0 33 149
4 48 41
0 25 45
0 26 103
10 14 1
5 10 51
4 12 111
255 9 29
3 58 113
1 47 135
3 18 161
0 45 113
1 30 196
0 40 63
0 24 167
70 58 106
19 37 171
31 40 198
88 25 102
0 25 31
8 47 56
0 53 40
0 11 169
3 38 32
10 2 84
0 24 190
3 46 105
3 50 193
260 0 30
1 8 113
0 21 106
7 33 63
2 31 78
0 49 131
0 11 158
0 8 45
11 44 189
5 10 25
1 56 37
0 46 67
3 45 55
4 0 44
0 33 106
119 5 87
0 23 53
3 46 51
0 1 67
0 49 4
2 42 8
0 1 176
26 15 26
2 18 192
9 43 28
0 13 87
1 52 49
0 6 146
0 13 50
619 33 124
7 16 113
1 0 38
0 26 136
11 50 174
1 17 34
0 16 118
0 23 45
0 53 188
2 11 82
0 35 56
1 6 97
0 26 129
0 48 145
0 46 97
4 44 107
76 28 139
9 50 13
8 37 177
13 21 142
0 43 13
0 5 3
0 12 5
27 21 190
1 46 62
79 27 32
0 10 148
33 46 42
0 9 184
1 15 178
3 12 46
6 25 25
0 10 93
0 35 167
391 15 89
3 42 51
0 22 155
0 30 58
1 3 84
19 52 120
143 47 119
0 36 10
0 36 182
12 14 191
0 46 149
12 6 21
0 12 53
9 15 131
0 45 32
11 14 28
28 37 43
0 2 54
0 33 7
1 18 77
117 11 27
8 6 17
2 43 133
4 46 39
1 59 55
0 39 179
102 43 46
0 51 22
6 58 162
1 58 193
36 47 58
10 7 102
0 47 191
0 14 2
4 59 74
0 30 174
0 34 58
2 30 47
0 27 86
0 42 86
0 46 108
16 17 16
3 50 40
0 53 2
7 48 172
0 32 198
1 42 135
8 2 90
7 43 30
1 4 61
0 50 163
37 48 129
1 31 76
0 35 34
1 12 86
1 12 135
4 20 9
0 47 133
2 23 59
1 4 87
0 26 149
1 10 133
1 19 6
183 41 142
1 16 89
3 54 137
1 20 39
108 29 65
0 47 108
1 17 32
0 31 48
0 1 49
1 31 3
6 16 100
0 20 157
0 54 143
45 43 41
0 24 160
0 44 104
56 5 82
0 54 171
2 4 53
0 25 70
16 28 155
8 38 178
1 15 57
4 57 183
75 16 36
0 43 163
2 7 79
5 32 28
26 40 61
0 16 29
1 29 30
133 53 121
2 23 62
43 11 145
14 59 175
0 11 152
73 52 55
8 24 68
4 42 162
2 51 166
0 25 136
1 12 132
1 49 137
49 44 72
12 49 184
88 47 149
10 12 158
0 25 65
0 3 6
0 34 33
0 18 139
6 59 2
27 7 53
126 29 122
1 1 14
0 26 184
0 1 49
0 42 103
8 2 29
6 55 101
1 45 20
0 33 68
33 32 69
0 28 53
0 41 191
0 20 23
0 9 92
0 41 179
172 55 2
0 37 52
0 11 135
3 28 170
34 36 7
9 42 134
4 54 141
14 36 199
2 12 77
3 21 116
11 17 35
0 42 73
2 33 162
2 47 95
155 25 150
381 47 83
10 2 112
18 37 170
7 19 123
1 20 195
152 8 85
3 36 116
16 32 195
49 31 192
0 32 47
1 28 103
25 10 100
8 36 157
2 24 110
1 49 3
0 55 34
27 43 78
3 4 193
14 57 32
39 49 98
2 32 189
0 29 29
2 3 81
3 14 27
44 29 116
10 15 44
1 45 96
9 46 170
2 57 46
28 50 133
29 23 128
0 44 49
10 23 21
79 42 49
166 51 28
27 48 3
0 45 163
2 57 197
10 35 154
0 47 134
1 50 56
14 43 152
0 11 57
2 28 153
14 21 81
0 56 49
0 7 143
19 7 150
271 31 57
0 22 123
1 26 143
1 48 45
11 12 97
21 12 139
0 16 33
3 3 115
56 20 119
39 3 49
32 57 68
0 51 182
3 10 36
7 59 53
0 29 144
0 31 185
7 13 5
17 28 97
1 14 100
1 38 45
0 52 115
0 45 97
21 16 88
0 12 59
8 10 65
40 26 176
517 17 76
0 36 156
766 42 194
0 29 12
65 18 82
0 2 6
14 40 20
0 25 157
0 13 76
3 2 65
1 16 116
57 33 129
46 57 107
72 44 37
6 51 28
22 57 170
0 37 66
1 41 13
4 3 56
0 11 105
26 44 181
1 48 54
0 20 16
0 38 57
1 25 70
0 23 18
0 26 200
7 37 20
17 54 10
603 53 96
3 24 31
216 14 92
4 47 9
7 29 16
0 45 188
3 20 175
1 44 33
0 35 197
0 41 128
1 39 197
10 33 97
7 27 40
3 18 89
3 10 60
5 54 74
0 19 30
0 5 157
0 9 183
0 59 183
0 9 118
0 41 18
5 2 125
34 41 162
1 32 47
1 24 29
117 36 79
118 11 89
0 32 125
59 54 151
40 21 3
6 54 183
0 55 7
5 38 49
13 40 26
0 32 149
0 28 93
0 8 135
2 28 38
337 34 21
2 17 47
1 56 152
0 43 62
12 50 38
0 22 173
325 58 12
0 4 94
448 59 185
2 15 177
34 53 141
2 43 187
1 35 164
2 41 55
6 3 107
44 38 145
12 25 117
1 0 152
3 24 146
0 50 55
0 18 149
44 47 162
0 20 25
0 27 60
0 37 17
0 45 157
44 34 39
0 29 24
0 0 49
0 7 129
3 18 101
5 52 161
2 1 53
1 23 30
5 50 143
1 6 168
1 46 160
0 24 36
767 23 173
2 47 152
0 22 2
298 10 60
210 10 101
0 25 85
0 25 136
0 24 134
9 8 144
0 56 117
0 24 25
12 41 27
4 10 59
371 23 41
1 47 115
4 28 34
3 8 51
31 7 181
0 59 57
11 42 61
14 9 197
1 27 167
24 21 8
438 27 101
0 5 15
47 7 18
0 20 185
0 42 46
0 29 195
0 13 129
8 55 90
0 42 170
23 54 50
3 1 180
11 30 160
2 52 5
0 41 32
381 30 188
64 39 52
6 20 43
0 24 75
103 44 85
2 40 101
47 10 184
447 58 113
7 8 61
15 7 185
0 20 8
8 42 191
3 10 21
4 18 89
0 13 96
0 9 83
0 18 80
6 6 200
3 31 11
3 52 142
13 40 104
2 40 186
0 22 195
175 49 137
4 54 119
20 30 34
0 14 125
4 35 46
359 32 179
69 33 1
440 31 181
0 15 181
1 7 37
701 43 52
0 37 70
70 54 66
3 52 81
8 59 9
1 54 50
2 8 198
0 54 200
32 34 188
0 41 94
4 20 118
0 24 178
0 6 168
3 22 76
2 56 190
97 35 184
27 27 100
5 0 3
14 12 82
3 6 18
14 48 119
0 58 86
0 57 4
3 44 96
74 9 37
0 49 66
42 43 190
0 23 182
0 33 51
0 21 2
0 26 82
0 44 35
0 45 11
40 10 75
0 14 166
64 53 97
0 8 159
3 41 3
1 58 26
0 22 109
1 9 125
4 43 44
312 16 130
2 48 142
212 35 58
180 50 111
9 40 193
2 51 78
9 32 153
11 12 101
2 39 146
10 9 133
512 41 149
0 44 11
1 20 5
0 39 89
0 51 157
12 59 101
1 5 123
0 15 14
0 39 133
1 43 84
36 48 84
4 45 32
7 48 194
0 20 155
0 53 190
0 58 87
1 14 164
0 29 191
9 40 199
9 19 154
185 25 22
248 43 180
50 17 39
0 27 191
4 59 101
1 3 52
190 16 88
0 32 65
56 33 45
0 39 44
4 39 163
86 55 41
0 52 43
21 20 179
1 7 63
0 54 113
4 30 163
2 36 135
12 45 31
0 34 29
2 41 154
251 28 69
131 20 149
0 4 162
0 5 181
1 46 110
18 1 167
1 32 137
1 2 167
0 25 112
2 3 135
0 4 197
0 53 24
0 59 122
7 1 112
1 38 194
1 11 97
0 8 103
79 30 163
111 33 136
1 56 186
3 28 81
0 10 32
0 7 92
2 8 162
2 24 83
0 37 98
0 18 24
1 15 29
1 43 97
6 52 108
9 23 66
67 17 129
58 12 99
1 7 190
23 26 160
1 23 12
0 16 169
6 54 124
0 14 66
0 26 7
1 49 179
0 10 62
4 30 196
2 26 25
9 30 40
1 4 105
4 55 188
2 7 116
3 11 71
4 4 136
0 21 183
0 22 157
29 53 44
0 33 75
3 38 22
1 14 166
18 21 53
0 37 150
9 10 192
0 20 102
0 6 136
1 15 74
22 1 41
1 30 92
33 40 199
3 39 44
87 54 7
0 45 66
45 42 5
1 26 126
1 29 41
2 41 66
1 29 72
0 40 168
0 18 192
5 11 19
0 24 137
0 34 61
0 4 96
2 49 109
1 2 123
0 52 23
0 36 20
3 27 84
21 31 67
197 18 69
1 3 182
0 55 166
0 39 26
57 17 22
0 19 173
223 58 109
1 57 34
0 20 115
1 36 54
1 9 199
0 48 91
12 58 116
0 24 49
6 12 83
75 58 61
159 2 182
302 2 94
0 9 19
0 56 184
5 15 12
0 26 179
14 30 190
0 29 98
5 41 73
1 6 183
11 18 152
1 3 57
6 18 62
0 25 30
80 29 80
3 22 198
1 19 62
0 50 36
5 25 172
147 43 119
0 28 62
197 25 156
1 29 101
267 13 174
0 29 199
0 3 92
7 25 162
13 10 40
1 19 81
60 21 53
0 24 145
1 40 83
2 39 195
3 41 50
650 3 126
0 7 37
1 33 4
1 26 154
0 55 13
0 46 26
0 5 147
0 59 149
0 40 178
9 41 6
473 1 30
241 22 58
0 22 124
5 23 107
1 30 21
0 19 178
15 44 103
1 25 46
0 2 105
0 39 185
3 7 123
2 3 49
7 29 149
6 58 92
0 9 85
0 5 58
0 40 130
74 43 29
2 4 130
5 41 47
1 31 200
1 18 64
1 59 197
202 38 75
0 29 130
1 42 137
9 52 150
12 17 61
6 58 95
0 20 7
53 13 56
2 55 30
4 15 130
1 10 170
5 5 64
2 5 52
7 29 22
0 46 84
0 43 43
16 55 172
1 2 55
13 35 78
120 17 116
0 10 195
0 13 118
29 24 188
3 27 105
0 36 196
0 27 142
1 46 92
1 47 114
33 50 129
4 29 49
0 59 58
4 28 147
0 10 57
0 22 77
53 18 116
0 55 146
3 46 125
38 25 182
3 26 63
1 43 94
2 40 135
3 26 154
1 34 194
1 54 159
3 14 158
3 36 42
0 46 158
6 2 91
1 11 48
17 10 131
1 15 9
1 26 59
0 20 123
50 50 144
1 1 192
224 0 155
0 45 142
9 52 38
2 48 16
0 33 50
583 11 122
1 51 77
0 19 98
0 52 105
0 52 32
5 48 60
0 12 18
0 0 185
0 49 130
1 37 79
0 48 109
5 30 167
5 53 152
3 58 45
6 3 96
1 25 78
0 48 83
164 9 19
7 20 84
0 19 92
136 52 109
2 18 8
24 54 47
43 0 123
0 35 114
2 49 91
58 26 194
0 56 6
0 39 111
1 30 146
36 2 71
7 8 65
4 57 77
31 35 39
147 20 37
216 33 101
17 50 141
5 24 134
4 0 27
0 55 170
10 46 26
5 37 75
0 39 106
328 51 53
1 29 157
17 9 189
0 14 3
235 58 27
13 12 93
1 21 154
0 29 168
10 33 181
28 31 87
4 45 44
7 47 88
1 23 47
8 6 133
1 9 38
2 44 113
773 47 161
519 20 136
1 20 140
143 56 97
0 54 189
2 27 136
9 53 170
0 26 71
1 42 115
45 5 109
335 50 25
7 24 121
253 35 127
0 43 150
0 36 127
15 35 70
287 58 96
1 59 11
0 27 196
1 36 115
0 26 104
23 52 191
0 1 61
0 21 61
5 30 97
35 2 153
8 34 139
600 33 50
19 36 159
0 38 91
288 8 34
0 59 41
3 58 110
117 35 135
31 31 188
0 9 112
8 53 80
3 35 92
5 39 43
12 5 44
83 55 61
7 15 70
3 52 104
0 16 103
152 8 35
8 29 193
1 54 75
0 50 49
1 40 51
0 10 135
0 39 18
1 0 36
6 1 114
71 5 91
3 55 12
1 17 139
1 32 21
1 50 180
3 53 128
0 16 122
4 55 48
0 20 128
98 37 94
0 48 60
0 34 32
0 26 61
0 25 169
26 2 179
2 19 58
3 24 5
32 32 124
0 46 81
2 4 101
3 13 15
77 49 147
1 14 72
0 59 27
28 38 109
16 43 149
4 54 4
0 34 129
0 30 116
7 54 160
0 30 149
5 22 51
60 13 12
42 30 182
4 52 161
20 52 149
6 16 155
2 8 165
8 16 25
0 28 158
0 50 196
1 14 175
0 38 112
3 27 107
0 24 48
0 46 74
0 8 171
11 58 50
0 24 57
4 22 70
1 48 146
10 21 2
142 59 186
1 47 136
0 51 60
59 51 124
4 6 77
0 0 185
2 2 146
4 38 165
585 30 3
5 46 71
39 5 88
112 20 23
13 30 172
0 28 43
5 48 65
0 7 120
2 42 106
0 51 176
6 40 183
0 10 23
0 15 27
0 9 139
3 29 76
0 53 60
2 6 29
0 10 125
0 7 160
80 51 158
0 55 187
2 42 30
4 18 185
0 48 172
25 32 73
15 9 175
0 7 96
324 15 77
8 30 149
10 55 117
3 37 76
1 54 3
28 35 153
2 22 1
3 53 21
4 31 65
1 14 149
6 39 104
0 10 104
16 39 3
0 18 192
0 38 53
59 29 113
0 57 88
0 36 120
44 44 183
30 54 129
1 46 200
1 16 91
0 31 62
0 53 74
3 38 51
0 9 150
0 8 96
0 51 107
6 19 57
7 47 125
0 34 113
18 1 60
4 47 48
4 47 138
0 56 114
51 39 12
104 4 176
7 54 150
24 18 59
3 49 67
0 46 131
1 38 52
1 55 119
10 25 185
19 43 137
7 37 9
63 2 133
0 27 135
0 32 138
0 57 9
2 57 94
2 38 48
0 44 185
0 30 187
1 44 184
0 18 29
2 37 132
57 44 143
63 38 11
2 44 85
0 1 102
18 52 18
17 33 161
68 26 126
3 29 9
0 20 170
21 38 155
0 2 134
4 57 137
0 38 26
2 18 107
0 26 5
0 13 148
0 57 91
0 4 151
366 24 6
0 11 164
2 54 168
11 57 148
9 5 67
6 46 198
0 58 102
2 59 91
0 42 185
3 34 65
0 11 4
1 9 145
30 54 117
0 34 84
2 28 97
1 9 136
13 3 122
4 2 23
377 14 186
0 46 24
2 56 111
31 14 10
16 3 128
180 34 40
0 20 170
25 21 106
0 51 195
0 37 157
0 14 38
0 59 117
7 59 112
1 54 142
22 25 200
2 47 42
147 12 96
28 19 3
1 22 109
5 46 180
2 32 32
0 54 92
1 50 182
19 29 17
1 40 135
553 32 12
0 12 126
1 28 54
5 29 57
0 29 178
1 47 105
1 13 41
5 39 14
15 17 64
8 38 176
20 11 112
54 13 91
0 39 169
8 6 46
1 6 58
1 51 143
4 6 80
3 46 179
312 55 92
158 8 143
681 33 79
0 15 183
3 43 106
9 50 151
3 54 72
2 20 163
12 38 109
0 40 49
0 37 194
3 18 69
15 11 47
2 54 79
140 56 75
0 45 43
1 10 58
2 25 91
1 4 118
1 20 153
0 47 101
0 34 110
0 38 149
1 40 33
1 13 13
0 41 115
2 43 60
2 22 4
1 36 196
0 1 49
1 30 56
13 19 40
10 46 32
0 55 53
7 6 15
1 51 117
1 11 7
122 23 128
15 49 1
13 8 92
0 51 140
0 1 47
3 4 50
3 2 174
3 43 168
5 8 98
0 8 96
16 10 61
0 42 120
13 6 185
0 30 21
0 4 156
11 9 6
3 42 159
8 38 187
21 26 116
2 10 14
0 41 186
0 34 192
48 30 60
33 40 150
13 12 141
1 41 75
13 28 119
2 3 131
1 30 82
56 25 88
21 38 125
0 28 36
211 33 193
2 45 177
24 57 103
12 20 80
0 41 196
12 8 70
14 37 182
8 18 156
30 59 88
1 52 123
13 34 122
2 15 43
9 26 154
0 49 178
0 55 98
323 45 111
0 19 116
41 25 196
0 16 53
4 36 75
1 43 49
21 24 77
1 39 167
3 31 10
0 15 187
0 10 192
0 44 73
0 18 123
6 48 131
8 33 70
0 55 60
7 36 73
46 46 122
4 49 191
0 58 13
0 54 80
0 57 167
1 31 196
8 7 196
20 13 130
7 4 52
9 23 22
0 13 63
19 10 181
117 11 72
4 47 56
3 17 147
49 30 149
13 47 41
9 42 17
2 50 178
2 38 186
0 55 171
357 56 194
2 4 7
1 24 180
10 17 90
108 13 125
1 39 83
0 1 151
0 53 29
0 58 68
4 9 41
0 5 114
0 53 89
401 23 137
0 41 153
5 29 170
0 9 64
9 8 124
16 54 113
1 6 30
2 23 55
0 0 183
0 34 132
0 13 144
2 52 60
0 49 125
7 29 174
237 47 81
0 53 36
64 17 105
1 17 135
62 6 194
24 38 63
0 30 93
12 1 131
0 21 82
2 29 113
16 3 26
0 52 63
1 48 63
0 20 165
0 20 35
3 51 126
0 4 43
1 11 5
15 0 26
50 33 90
2 9 13
0 26 30
0 59 118
1 21 194
2 57 46
120 10 123
3 58 21
1 8 99
56 26 54
2 38 195
2 55 163
0 21 16
15 10 45
0 55 46
0 59 199
3 41 126
29 10 70
40 29 50
0 10 160
28 51 184
1 31 99
0 31 173
0 7 166
2 20 69
0 27 97
0 37 175
0 19 87
1 6 113
0 32 5
51 0 171
3 10 60
2 29 100
18 52 51
14 59 53
55 36 20
1 6 105
0 41 7
2 13 192
209 49 152
6 24 149
2 54 69
238 17 169
0 0 184
0 41 165
0 54 153
2 44 93
0 24 120
2 21 90
6 42 158
0 44 21
248 35 61
261 44 90
0 18 199
8 10 170
54 28 42
0 52 8
86 19 138
11 38 72
10 24 96
64 1 194
0 1 32
0 3 129
4 14 87
0 25 75
0 45 119
3 29 162
0 40 68
1 26 155
9 32 145
502 30 14
4 8 144
0 47 125
0 15 59
0 13 39
189 30 159
3 21 34
0 12 117
18 19 128
0 29 51
0 42 172
2 51 183
2 42 41
1 8 12
4 38 108
2 48 98
0 28 159
0 32 62
0 3 199
0 33 126
0 54 140
2 0 152
2 4 70
3 53 16
491 3 90
0 25 132
0 22 69
2 22 89
32 36 33
0 28 13
25 31 123
2 49 120
5 5 137
3 49 13
31 17 68
11 34 68
0 6 113
0 32 70
0 27 71
1 34 172
0 17 101
0 21 157
8 10 113
0 32 104
121 58 88
2 52 43
0 4 45
88 12 1
1 59 166
1 46 73
24 51 121
0 26 140
0 25 116
1 37 178
24 0 100
0 34 188
1 6 166
0 54 192
9 56 125
0 22 21
790 12 76
6 56 82
57 6 131
0 44 198
1 19 26
136 45 88
2 18 33
0 32 23
1 17 19
330 46 171
3 51 69
0 48 126
5 55 53
0 5 19
0 18 193
3 1 67
0 29 111
0 53 159
0 34 146
63 14 132
230 48 92
3 58 114
1 4 114
0 9 7
0 38 74
0 23 158
0 8 63
103 19 58
46 33 139
1 12 168
84 48 117
5 40 71
6 38 35
16 7 200
11 14 180
1 51 69
67 25 149
0 57 36
565 59 127
2 48 29
0 10 61
0 46 187
2 3 116
3 6 42
0 37 13
1 25 151
59 18 87
6 31 77
105 51 166
0 58 112
1 41 87
15 47 173
4 27 96
10 49 45
0 21 180
0 48 74
0 54 75
0 4 145
19 17 160
2 56 108
0 34 21
1 5 177
0 41 193
68 31 197
11 12 158
8 37 185
0 32 186
13 48 84
0 35 30
2 37 2
0 48 125
1 41 197
45 36 108
8 55 108
0 18 112
0 10 101
319 7 29
0 10 25
0 48 93
0 38 63
0 1 76
0 52 72
654 44 86
0 2 69
10 18 17
1 48 132
74 40 138
0 48 83
0 22 189
22 51 124
2 5 185
1 4 46
16 17 48
0 53 57
0 15 12
1 18 167
1 55 123
1 41 176
0 28 116
10 31 186
1 59 15
4 42 113
1 34 187
0 17 127
5 46 152
0 39 102
0 6 66
0 58 1
1 3 154
0 22 16
0 54 174
0 51 133
0 57 154
2 33 185
0 12 191
0 26 16
38 7 171
7 29 99
52 13 123
1 57 176
0 59 114
1 1 192
3 20 145
12 24 61
38 50 55
4 14 9
4 30 53
0 25 182
1 1 84
4 54 82
4 47 46
10 27 13
31 34 149
17 54 2
3 13 44
0 11 81
1 55 85
0 58 55
1 1 73
9 39 121
19 3 54
0 17 118
0 30 56
0 40 88
0 52 92
8 57 121
26 28 140
0 6 10
25 32 176
7 36 73
1 2 52
3 55 55
2 20 80
0 50 31
14 29 163
0 58 185
0 41 154
2 26 110
0 55 80
0 45 97
0 57 116
10 55 125
0 57 103
12 10 179
0 54 26
80 35 168
0 12 62
3 8 48
0 26 78
0 13 137
2 41 179
3 32 14
19 8 147
0 2 89
0 28 179
0 7 83
0 42 131
0 47 1
11 58 96
2 42 143
2 38 170
542 37 20
0 48 130
0 37 72
3 44 11
8 58 165
0 54 43
3 40 140
1 23 4
3 38 113
0 30 35
79 20 101
40 30 100
1 9 113
1 4 25
15 22 2
7 23 170
4 59 118
4 39 19
0 8 44
278 54 94
0 7 160
137 33 134
741 37 63
1 21 13
34 4 49
4 46 27
0 40 29
1 44 168
415 6 124
5 38 156
0 0 140
1 24 120
88 10 187
32 43 177
500 58 160
11 50 25
0 17 96
0 56 24
5 56 105
13 53 66
7 26 58
0 45 4
141 0 58
0 10 141
0 41 44
0 0 38
8 33 114
4 1 34
2 13 23
0 50 81
13 8 128
32 56 120
0 53 127
0 24 95
90 20 101
29 3 153
18 50 84
0 13 196
21 9 51
1 17 152
3 31 22
0 15 4
1 44 31
0 38 65
208 12 35
0 36 102
0 26 19
0 41 112
149 59 113
13 2 33
0 28 73
13 18 182
0 24 179
5 38 94
106 39 125
534 52 120
7 19 141
0 44 138
1 39 102
14 14 183
2 39 67
324 55 180
0 0 70
4 46 18
0 42 43
29 22 180
0 34 4
2 30 8
12 5 56
1 23 126
0 6 119
0 15 200
0 8 101
13 0 90
0 17 50
0 45 127
0 54 185
1 10 157
2 16 137
1 13 4
19 31 37
1 10 105
1 23 153
0 41 111
2 1 98
0 11 148
0 13 196
0 44 62
5 28 35
12 0 173
699 2 148
3 56 182
31 16 160
22 59 31
607 54 105
99 59 71
421 26 20
3 37 47
0 54 104
9 5 79
15 47 96
1 15 2
3 47 50
2 33 172
0 31 51
0 21 166
0 22 54
2 54 88
0 17 132
1 13 34
4 28 136
1 53 101
1 29 92
0 45 7
0 46 132
6 39 103
0 51 90
3 14 158
0 43 4
4 48 102
0 1 82
1 29 148
0 47 7
1 59 9
0 17 119
87 44 52
2 26 140
0 18 174
786 44 200
1 6 1
5 34 84
0 57 62
15 10 6
5 48 94
12 12 99
0 52 8
16 29 88
592 26 157
47 58 10
2 59 55
0 28 144
4 22 184
0 35 35
2 12 190
0 57 104
0 56 77
33 17 49
9 43 75
150 12 81
2 13 88
1 11 35
1 17 92
0 35 71
28 30 105
1 36 30
2 24 112
0 1 52
14 47 29
107 57 28
2 26 50
0 17 177
1 1 134
51 56 46
0 33 101
22 14 43
5 30 121
113 29 77
0 26 15
136 24 150
1 36 31
1 36 168
132 33 150
30 10 114
21 12 159
52 38 118
0 3 53
1 2 59
1 47 61
0 31 34
0 57 33
89 1 127
599 10 186
28 27 86
13 59 154
4 31 169
1 26 101
1 9 127
9 34 182
12 9 128
67 59 163
1 8 187
17 57 34
0 28 165
1 11 39
0 51 197
245 47 151
35 59 90
0 24 138
6 6 2
0 28 189
0 47 136
0 30 180
0 52 73
0 29 85
8 14 176
1 30 90
2 55 42
0 31 112
0 19 13
93 26 33
0 44 172
9 41 70
0 6 1
46 7 49
0 17 53
44 21 3
2 1 24
1 35 193
72 59 16
0 21 41
17 51 29
0 36 167
0 24 34
1 44 116
1 55 176
4 37 200
26 34 116
0 34 7
24 12 116
1 14 96
1 18 137
6 12 25
1 40 56
7 15 47
36 46 137
13 31 45
1 11 165
1 13 200
16 19 80
7 27 49
7 25 93
0 32 198
0 0 49
0 27 81
2 58 82
1 52 136
1 55 124
5 37 105
21 58 92
0 35 46
0 1 15
25 41 14
1 53 59
2 11 91
0 59 124
338 27 178
0 48 11
38 37 25
250 54 40
0 26 41
35 18 132
5 5 15
0 5 66
0 44 162
0 48 21
2 56 76
2 45 171
0 39 133
0 49 45
2 52 132
0 14 110
0 13 33
3 59 63
0 2 46
36 31 142
0 38 139
6 45 119
1 52 179
2 54 193
0 14 193
43 33 106
0 20 96
2 8 138
5 26 27
2 1 18
0 34 78
0 21 99
8 46 141
5 7 47
12 36 71
44 11 35
0 3 73
8 43 29
0 13 23
134 24 171
0 39 120
0 57 121
1 32 18
2 6 25
1 18 167
0 25 31
2 10 170
74 48 89
7 53 77
0 47 68
271 15 73
443 34 162
7 34 119
26 58 160
0 19 196
0 40 87
0 49 87
0 28 85
125 57 148
5 45 7
2 42 131
0 42 146
28 1 114
0 33 158
0 57 138
62 50 58
0 5 126
56 18 183
5 4 40
0 8 60
0 32 45
1 58 77
0 0 79
0 55 91
17 16 116
3 37 187
0 55 88
11 27 176
0 33 111
4 1 163
2 47 118
2 1 159
4 3 65
3 43 144
0 58 190
37 29 109
0 59 18
1 53 113
108 22 189
1 4 45
7 6 55
17 24 110
7 0 175
30 57 37
2 23 169
0 50 110
46 38 120
1 47 101
0 43 73
1 55 55
41 32 2
1 31 58
0 4 10
2 24 36
1 36 184
0 4 100
0 28 71
6 1 103
5 59 180
5 22 32
3 54 51
1 52 165
0 45 26
4 25 92
6 7 87
1 15 12
20 52 124
0 34 11
5 44 149
1 9 151
1 20 172
3 54 43
693 46 131
0 46 200
0 57 124
0 23 148
7 53 4
5 48 191
31 45 89
0 30 191
3 51 37
0 14 57
76 16 30
374 59 91
7 12 130
2 56 139
15 53 61
66 29 170
0 23 5
3 13 20
71 10 38
0 11 197
0 19 111
1 33 84
236 15 18
185 59 93
6 26 123
7 57 112
0 31 200
2 4 175
0 21 116
0 37 35
1 42 122
1 24 112
0 35 44
5 58 55
0 15 156
451 16 69
116 8 6
6 4 149
2 16 68
4 32 56
10 11 77
0 59 96
0 16 155
0 19 154
3 8 170
1 21 30
17 11 95
45 21 105
1 15 154
2 53 101
1 26 164
0 15 138
8 1 85
0 46 57
1 23 90
9 50 187
0 10 10
1 50 173
6 58 73
5 18 118
7 10 168
2 13 158
164 37 57
0 44 7
1 16 138
0 11 23
0 39 13
0 59 194
0 51 92
13 1 113
121 31 196
1 10 188
28 24 108
0 25 52
134 27 194
0 2 171
1 8 59
23 13 124
0 50 89
1 24 9
3 51 90
1 31 11
167 17 149
42 56 10
0 37 59
0 22 78
1 11 12
0 38 158
3 33 140
470 20 4
52 15 188
31 20 117
0 33 36
0 44 189
1 36 92
24 10 131
0 56 66
51 11 33
24 49 152
0 47 2
44 8 197
3 45 178
0 48 50
2 5 37
1 32 161
0 17 19
0 15 64
0 36 83
3 7 132
0 33 160
0 5 86
0 56 42
0 45 46
0 59 58
2 31 140
0 11 95
0 10 82
9 39 145
1 9 96
1 9 75
1 19 43
27 53 6
3 45 187
2 57 156
31 38 41
0 51 56
1 45 20
11 14 148
2 3 104
46 24 99
199 2 76
442 5 167
1 45 11
4 3 92
1 33 182
111 35 6
3 52 12
0 47 170
4 37 198
45 44 57
4 6 33
2 3 114
21 8 137
0 15 186
112 6 190
14 50 164
0 3 136
0 48 35
0 53 143
1 6 65
0 22 80
0 30 126
3 1 38
10 9 140
114 11 173
0 9 199
0 20 72
1 47 55
192 8 54
0 55 11
0 57 48
8 15 108
177 4 10
28 37 102
0 29 46
0 24 193
0 17 80
0 13 172
0 9 187
0 20 157
13 5 26
2 56 135
0 44 179
0 39 114
40 22 193
0 44 163
0 12 7
0 55 111
1 19 165
242 19 72
18 54 196
38 17 141
569 28 196
0 54 1
0 42 50
0 36 131
33 50 25
2 31 153
29 44 14
160 19 93
5 22 28
1 1 118
0 14 180
7 17 60
0 59 57
0 37 6
0 26 78
2 1 39
0 42 53
29 50 118
2 54 82
9 3 159
24 37 95
3 47 42
12 50 2
0 56 109
1 11 163
21 35 153
1 27 198
154 6 164
5 41 166
0 52 165
2 12 140
3 34 45
24 44 26
0 43 186
1 44 109
0 55 51
3 19 195
27 37 69
0 0 179
2 4 82
35 54 123
2 3 129
0 8 99
0 18 50
0 21 41
13 36 140
5 33 193
0 21 128
0 56 139
2 17 29
3 39 149
5 6 109
2 49 193
4 52 15
0 16 113
0 5 131
3 26 86
0 27 32
17 35 96
2 50 180
8 57 25
20 40 165
3 58 136
0 31 157
0 50 152
8 16 104
1 27 45
1 20 121
28 34 197
194 20 14
431 51 128
4 38 67
6 2 40
0 8 119
1 6 96
0 47 67
1 24 107
0 1 117
29 40 158
0 11 23
4 44 123
0 15 30
1 16 33
276 20 178
97 46 126
7 43 65
0 51 38
0 58 169
10 48 123
0 15 8
51 8 63
0 24 170
2 59 74
0 52 53
71 55 125
2 3 12
0 35 194
9 29 112
17 25 91
0 29 71
0 15 152
21 5 176
3 55 77
0 54 90
4 29 61
1 23 116
6 43 43
1 29 3
15 37 174
1 55 27
0 8 61
0 15 187
194 16 72
2 37 64
3 50 86
1 54 47
9 31 141
0 23 34
2 18 192
40 58 193
1 21 110
2 4 129
31 22 20
1 37 88
7 5 193
4 38 144
0 42 139
0 1 176
15 51 145
4 46 72
1 53 7
0 33 76
96 52 25
48 14 183
3 51 194
0 57 120
0 27 63
0 43 4
82 37 125
0 10 96
0 7 16
3 12 189
6 15 154
0 19 183
57 13 195
38 45 44
27 30 169
2 20 44
0 4 139
1 38 140
0 7 1
0 50 144
10 17 53
7 12 47
0 11 63
16 12 138
29 49 162
2 7 172
2 53 136
0 26 159
4 1 145
0 32 72
1 21 160
0 13 85
0 39 19
6 15 58
0 59 42
1 27 92
2 30 190
31 41 200
1 7 43
0 33 104
145 1 50
1 34 61
10 50 42
17 6 33
26 42 77
1 2 121
3 32 142
0 53 196
3 28 117
2 59 6
9 29 79
0 1 179
32 3 78
6 23 29
31 52 62
76 47 12
1 21 53
28 57 81
6 52 150
121 25 139
119 48 110
39 18 39
0 8 22
14 31 55
0 15 118
1 36 171
31 48 93
2 57 141
1 0 174
1 43 31
6 17 1
1 52 143
0 37 75
0 28 72
8 59 19
8 5 191
18 27 138
18 8 70
0 12 134
90 33 87
0 5 195
2 6 160
28 18 70
89 15 144
0 57 8
5 41 3
6 18 34
34 6 114
26 38 38
3 12 54
79 28 7
1 46 14
5 1 121
1 27 147
1 57 19
0 10 150
16 20 5
3 9 105
0 27 151
3 58 167
0 29 71
2 22 150
93 53 96
1 58 163
1 49 141
5 27 200
1 42 42
1 12 132
0 2 169
1 44 117
0 13 40
0 9 130
16 32 49
11 14 192
0 38 105
0 51 123
2 12 119
1 7 91
5 11 184
1 11 67
1 55 157
0 28 115
23 49 155
0 5 93
7 3 112
0 41 103
6 24 166
0 50 175
33 2 37
21 9 53
0 37 70
5 3 120
2 44 119
0 7 23
0 20 58
0 39 29
12 8 96
4 53 153
0 50 89
10 43 83
4 42 168
0 45 12
278 25 108
7 52 138
0 9 91
0 21 165
2 48 50
30 50 185
10 58 198
1 2 27
117 27 20
2 53 48
0 42 188
0 2 21
0 42 166
2 5 102
0 43 12
0 3 108
32 54 19
0 53 5
32 28 14
107 44 167
5 11 192
1 20 150
0 51 94
0 43 41
26 5 179
14 16 132
0 28 163
2 48 136
67 43 32
7 59 66
0 5 164
5 23 147
0 20 99
4 45 130
0 49 122
0 8 51
0 12 98
0 49 103
0 51 147
3 4 149
1 26 29
38 45 126
22 59 63
355 8 199
0 53 160
1 41 65
2 7 62
19 48 58
14 42 125
1 25 61
5 21 7
2 26 92
4 53 122
368 53 148
1 57 32
1 48 19
9 21 142
9 51 112
0 20 129
2 34 139
0 9 153
2 52 147
5 14 188
6 47 44
0 1 59
0 15 97
0 10 72
1 7 88
1 52 68
636 19 82
0 31 151
14 55 69
0 27 85
0 37 80
28 4 75
14 38 99
5 0 41
76 34 1
38 19 85
3 55 45
0 0 72
90 50 22
0 22 73
8 35 132
0 6 10
19 39 190
44 45 94
2 20 92
1 13 6
3 32 184
6 47 181
3 30 189
42 45 91
0 14 170
11 55 186
19 30 98
5 16 89
0 53 73
0 19 8
0 35 61
25 56 50
2 4 82
18 18 168
3 59 42
2 8 52
0 24 181
32 55 28
1 4 114
1 18 17
0 46 100
11 53 62
0 11 14
0 45 86
1 40 54
36 45 22
53 16 110
27 2 166
1 53 109
0 31 109
0 11 175
0 57 140
0 40 179
0 42 117
2 9 27
0 58 16
99 2 50
1 3 131
275 45 157
0 53 66
0 14 167
0 23 94
1 51 95
13 5 124
0 33 164
1 11 116
0 44 131
286 53 73
5 26 91
0 8 148
3 25 48
5 14 66
1 47 158
307 43 101
1 57 121
0 31 129
1 12 138
215 7 180
1 25 78
0 39 174
62 20 180
0 7 59
16 52 52
0 19 95
0 3 7
5 39 49
5 28 190
0 42 35
0 34 165
4 27 84
0 1 84
4 21 99
50 8 66
1 40 75
1 15 181
210 40 136
2 56 103
2 23 14
2 46 50
0 37 80
3 9 62
3 34 161
369 32 73
0 33 198
0 6 43
2 48 189
0 2 180
5 55 142
8 56 69
0 45 147
11 29 18
0 12 45
0 15 51
3 49 147
12 57 165
0 15 125
0 38 85
102 38 142
25 9 58
0 35 98
40 52 110
0 32 14
3 36 166
0 39 181
1 12 178
2 15 85
88 4 82
0 51 71
569 25 76
316 27 45
3 26 61
0 33 83
14 30 50
26 41 151
0 39 69
1 34 91
3 37 93
0 33 134
2 23 78
70 41 132
1 11 16
0 18 104
0 23 53
223 1 177
0 52 102
64 0 190
301 2 139
0 48 36
22 57 52
2 36 187
0 41 125
0 30 109
4 59 7
137 13 96
2 43 138
3 21 127
1 51 36
26 51 135
3 55 181
2 10 73
0 52 150
39 24 81
7 48 50
16 33 148
0 8 72
0 49 72
13 21 195
4 25 100
0 1 42
19 32 130
13 31 130
0 27 12
0 46 156
1 5 119
0 16 21
26 31 121
3 32 7
0 47 11
4 55 87
312 38 194
3 36 77
23 46 152
0 56 59
1 41 56
4 23 64
29 4 196
614 34 166
0 22 185
3 8 117
0 4 163
5 41 23
0 12 178
0 23 158
0 6 15
1 45 193
1 56 177
1 10 89
0 9 125
1 50 77
475 34 13
4 42 8
0 51 36
2 40 59
18 33 70
0 35 39
0 57 36
0 44 86
2 57 136
3 20 176
13 36 89
1 35 200
0 49 20
2 43 83
0 30 110
192 3 142
45 25 95
0 7 198
2 25 160
1 17 150
0 22 200
0 10 78
10 28 34
3 29 129
2 21 103
1 23 111
23 56 93
7 14 13
0 6 58
0 10 161
73 48 184
1 28 13
8 10 139
0 33 127
0 25 3
3 29 13
1 10 145
30 39 91
4 37 42
29 49 119
1 32 73
19 47 36
0 32 150
2 1 194
94 57 107
0 49 24
0 24 149
47 58 188
0 20 40
3 3 186
1 23 61
653 21 123
0 6 2
3 21 58
23 6 91
0 51 200
7 39 101
0 39 25
2 46 194
4 11 93
0 26 72
3 28 125
0 18 103
0 31 4
0 53 114
0 21 49
36 35 183
74 44 178
1 9 96
0 24 121
74 24 192
0 23 13
302 45 178
61 25 160
0 32 1
0 37 116
2 36 44
0 51 139
150 8 133
236 31 103
19 6 6
0 56 27
0 34 176
1 3 89
2 25 44
0 56 198
28 33 5
58 27 52
0 51 178
0 46 150
7 41 5
1 17 173
1 1 138
0 55 37
0 5 146
0 47 169
0 25 175
1 13 163
0 49 29
1 42 141
1 52 121
0 45 33
2 6 60
183 44 1
0 57 36
7 35 82
13 43 182
10 19 177
0 44 106
3 51 162
0 19 83
3 8 82
6 6 55
0 35 27
2 17 19
263 55 173
118 27 167
18 33 42
2 55 58
66 48 58
16 42 186
0 52 61
0 49 91
9 5 121
431 33 92
0 14 138
1 54 167
2 8 118
2 23 144
0 9 109
64 19 115
3 43 85
0 0 191
1 24 57
732 42 49
0 11 12
9 21 130
4 15 55
1 17 133
147 34 162
0 12 26
28 18 126
61 22 171
0 52 75
44 16 100
3 36 90
1 16 94
10 49 114
0 39 51
1 59 61
138 7 15
0 27 98
27 22 22
0 52 153
8 24 10
0 12 48
1 19 22
8 50 33
0 7 104
11 21 27
4 37 185
0 53 72
0 52 9
0 6 105
6 55 106
225 11 14
42 12 189
1 12 187
2 7 184
0 21 41
155 6 166
2 26 200
650 59 67
12 0 94
114 5 163
214 32 35
27 5 184
4 18 53
0 2 131
1 33 154
0 54 86
25 14 119
0 34 197
3 13 183
11 19 154
712 11 136
4 28 127
3 43 35
0 4 5
0 50 114
0 9 38
43 29 57
5 30 166
1 23 138
0 37 92
8 33 108
1 7 182
2 53 25
2 46 197
0 7 59
2 21 115
0 45 28
2 18 62
258 23 165
36 14 103
3 47 175
6 7 170
2 52 65
0 27 127
0 10 20
14 10 169
4 40 67
2 13 101
18 22 115
2 40 146
3 5 193
0 3 150
0 31 53
0 47 56
0 49 90
0 52 67
2 50 80
23 31 144
34 26 96
0 51 73
430 29 33
106 47 78
1 57 177
0 18 111
3 50 45
2 11 185
1 29 145
12 13 127
368 2 45
1 34 133
6 35 77
1 27 159
10 20 159
2 12 123
0 9 8
4 48 155
0 1 61
12 45 111
0 45 103
57 11 82
6 35 21
29 49 126
0 55 1
1 21 79
0 3 140
0 55 88
14 54 7
0 43 174
152 19 86
17 13 167
49 55 101
0 56 34
0 37 119
363 39 108
452 41 140
0 50 72
0 27 47
24 14 16
16 56 5
3 4 42
0 17 182
0 45 182
0 1 124
1 12 12
46 36 14
0 9 155
1 12 101
13 42 26
0 12 87
123 29 39
0 34 29
0 50 130
54 21 78
0 49 2
11 27 26
2 25 191
0 47 90
26 2 198
0 46 48
1 10 182
2 50 146
28 9 175
2 56 55
7 44 159
21 14 182
0 41 154
7 16 56
10 7 42
0 33 150
0 21 176
4 0 48
0 58 23
0 41 122
14 46 169
43 33 126
1 21 107
55 39 20
0 43 9
184 21 105
1 40 26
26 3 158
2 37 139
28 54 127
1 10 39
0 36 118
33 2 47
1 39 135
317 36 155
2 58 147
1 26 149
4 38 102
0 55 111
311 30 117
3 13 62
1 50 133
0 58 163
131 30 42
1 37 112
1 31 193
0 37 108
13 8 143
2 44 52
0 12 16
3 32 161
1 12 159
38 33 131
4 46 115
3 19 42
0 50 45
7 15 141
0 0 54
3 16 47
1 46 63
7 28 66
6 4 118
23 51 69
0 8 186
1 57 25
1 58 136
14 21 150
2 22 180
21 41 181
70 50 200
397 26 177
1 9 54
25 26 4
1 39 180
0 27 4
0 51 112
9 22 191
1 28 9
19 32 85
91 16 113
5 53 25
0 18 197
6 51 103
3 43 23
303 1 105
14 36 103
0 3 16
188 12 69
185 12 4
105 11 110
0 48 43
0 3 58
3 37 195
0 16 63
2 24 187
0 34 194
0 40 63
0 52 199
0 4 180
2 18 123
0 9 121
425 15 127
10 7 12
316 54 174
10 2 91
1 59 16
1 52 34
0 56 42
125 5 91
1 11 75
3 16 146
0 31 147
5 43 46
0 1 124
0 54 193
6 44 152
8 23 135
0 44 195
0 30 95
13 33 17
22 16 176
2 24 43
0 19 88
665 38 114
325 20 9
1 54 129
0 11 165
0 6 63
2 2 150
54 3 142
0 0 27
2 51 181
0 6 93
3 57 187
108 44 57
0 15 78
110 1 126
1 2 65
0 26 24
9 36 46
0 26 123
23 41 180
6 59 56
10 31 147
0 43 46
0 22 86
41 36 133
0 2 59
0 20 29
1 51 21
10 42 132
1 55 112
0 11 124
0 58 155
22 3 195
0 7 181
155 5 138
0 25 143
1 26 178
7 56 100
16 58 177
3 51 77
3 44 153
49 44 78
0 16 32
1 7 117
0 13 60
72 41 44
0 3 88
0 42 37
4 44 91
79 33 36
0 58 17
4 38 194
216 36 198
0 47 113
1 4 157
7 57 111
1 8 112
12 23 129
1 6 43
60 25 194
1 58 23
3 8 105
21 19 81
1 51 111
7 9 33
1 28 99
13 37 174
27 59 103
72 2 36
2 20 8
5 54 17
0 42 85
0 18 29
22 22 173
0 28 181
32 56 48
0 48 40
0 2 64
1 5 155
0 27 170
3 17 65
0 53 52
0 58 131
2 59 66
220 11 11
0 17 115
1 33 38
3 48 119
0 37 197
0 13 49
3 48 80
7 26 11
21 56 147
0 7 8
50 36 18
0 16 193
0 27 125
2 6 198
4 17 181
0 29 14
2 14 123
12 39 167
0 45 129
4 57 195
41 29 12
0 30 177
0 25 165
8 14 8
3 24 189
3 1 154
0 57 181
1 55 104
1 29 128
204 8 194
3 3 37
0 55 8
0 26 144
2 8 19
4 26 57
17 22 196
13 19 78
14 18 70
5 27 81
0 18 5
32 1 25
0 51 167
0 9 116
5 36 126
0 10 126
96 44 121
1 52 44
1 43 78
1 14 61
1 3 39
7 49 160
0 9 26
0 45 84
0 25 180
0 4 191
0 41 133
14 34 128
56 36 127
2 41 138
68 33 42
4 14 145
0 44 165
4 16 180
0 57 139
2 17 81
16 8 96
0 16 183
19 9 3
0 41 93
0 22 171
1 4 45
482 50 122
4 29 49
24 9 66
7 1 131
0 42 13
7 31 23
1 41 37
2 45 12
7 37 158
0 22 10
160 34 3
21 22 195
0 15 161
0 0 39
115 24 152
0 50 117
29 41 111
2 42 23
2 28 35
0 5 192
0 31 102
0 14 125
1 45 127
2 59 149
4 11 128
43 37 63
45 48 154
6 12 134
212 54 179
0 5 48
0 15 43
18 44 66
0 45 158
331 40 129
63 26 10
0 14 110
39 9 191
650 54 83
6 49 33
0 42 12
1 27 29
0 55 28
66 17 103
9 41 155
1 10 149
27 7 82
0 14 114
54 32 113
11 17 37
0 47 101
640 27 105
13 42 131
120 31 16
0 10 70
0 14 133
0 44 48
9 11 146
0 57 18
0 14 27
1 41 131
6 33 32
1 2 194
0 5 57
2 10 179
15 54 158
6 2 114
0 0 93
0 52 79
5 4 138
1 44 173
3 36 101
0 57 18
0 42 165
10 26 183
0 36 187
15 41 46
36 40 66
3 30 198
1 38 29
0 34 186
28 51 78
0 38 72
12 13 132
7 3 102
0 43 23
0 29 80
6 15 169
0 4 21
0 22 100
0 26 192
0 52 194
0 11 46
0 20 9
10 53 94
0 18 85
332 27 77
5 11 186
1 14 37
0 39 109
15 27 91
5 8 191
8 49 55
0 26 27
5 33 82
1 42 125
39 40 113
17 12 115
12 38 148
141 56 44
180 44 165
0 9 35
2 24 58
0 0 56
4 45 36
2 2 14
0 38 117
0 24 159
1 49 52
0 53 33
1 59 109
2 24 139
16 11 153
12 41 111
642 5 97
3 48 163
8 46 136
14 41 35
0 28 43
0 23 134
11 28 169
2 8 121
4 18 168
3 20 55
3 33 159
19 23 29
0 9 66
0 43 61
3 11 141
2 5 26
4 25 167
60 27 163
0 50 142
1 46 48
0 24 91
208 10 50
0 42 5
92 53 90
2 10 79
0 9 106
30 32 132
0 10 103
1 20 145
10 9 100
10 16 85
89 0 32
2 19 191
1 57 27
0 39 185
7 35 62
2 56 86
1 10 25
33 9 110
266 3 82
17 21 56
2 50 32
3 38 160
0 48 129
0 13 51
0 22 185
701 25 187
3 31 37
12 25 75
0 24 7
1 5 84
6 53 111
9 6 111
5 23 76
0 21 154
2 23 14
1 26 126
0 20 186
4 21 9
0 22 99
22 37 131
1 59 63
0 39 101
2 14 31
8 32 62
2 7 62
0 35 153
50 7 192
2 45 34
56 17 140
0 18 57
0 48 174
1 30 197
47 3 109
0 18 135
55 57 196
0 6 70
74 26 64
0 4 74
3 31 120
0 36 106
2 50 108
0 18 181
22 43 4
0 13 140
10 2 74
0 14 29
11 38 19
0 43 115
0 52 166
2 45 176
63 45 144
147 1 80
3 34 109
1 37 77
0 58 99
0 7 154
4 9 184
4 9 47
0 8 147
1 15 173
0 1 197
1 17 124
0 46 97
0 50 191
1 42 77
0 47 155
0 15 55
3 14 158
0 5 134
2 53 44
11 38 129
17 36 58
25 42 158
0 34 60
3 55 58
0 54 89
265 38 86
4 36 88
0 57 196
0 40 149
2 18 83
0 57 31
3 57 83
1 28 140
21 14 47
179 6 126
212 15 97
14 14 139
1 59 116
0 16 116
11 53 141
8 23 137
0 5 115
6 53 129
1 34 35
1 19 109
4 9 47
0 13 172
0 40 59
1 7 135
0 46 107
1 59 29
16 56 84
2 24 155
1 1 159
16 22 99
358 19 125
0 24 54
5 40 151
1 3 188
11 27 13
0 55 31
3 24 133
0 29 101
0 40 128
120 30 38
12 44 152
0 33 17
0 4 98
4 5 136
2 3 144
0 11 36
14 33 196
0 16 129
0 13 150
10 17 165
49 21 91
7 34 149
5 15 199
0 50 188
4 14 54
37 34 180
1 20 185
0 39 43
0 52 19
2 50 75
5 11 61
4 56 40
2 23 81
2 29 98
1 38 27
105 27 144
25 9 89
0 47 188
0 25 79
212 31 151
8 0 101
12 39 184
414 40 186
0 58 133
57 34 177
683 24 107
2 56 111
8 37 167
7 12 54
1 52 58
6 36 35
1 6 54
0 57 59
6 43 91
10 45 185
29 39 152
3 26 2
0 51 52
56 33 84
0 49 44
8 29 65
1 43 64
19 36 198
0 24 72
1 21 87
0 39 148
0 15 198
1 21 119
0 27 18
1 0 122
2 0 31
35 11 95
0 11 107
0 4 173
1 4 76
6 21 37
30 53 129
1 48 152
205 44 20
2 36 23
46 58 52
0 54 14
38 42 85
1 30 81
27 0 155
0 43 25
7 27 80
0 53 37
2 1 168
5 41 115
3 35 39
0 28 190
10 36 186
2 46 79
128 53 116
12 36 11
0 48 145
12 19 107
150 16 20
1 53 98
0 33 142
0 42 184
25 48 49
35 32 180
336 34 124
2 4 7
6 34 46
0 29 10
1 24 189
1 49 97
22 1 3
1 58 148
0 3 97
1 23 173
2 8 100
2 58 144
9 17 67
165 47 112
1 43 48
0 11 60
15 27 80
0 23 121
0 41 168
5 46 134
0 19 153
5 56 107
7 28 81
4 22 9
99 42 176
32 28 71
47 29 41
90 2 11
0 14 118
0 33 51
20 37 72
0 12 194
1 54 90
1 7 116
0 29 200
0 7 97
107 39 78
0 2 62
0 47 168
18 12 180
28 46 62
1 53 112
79 9 124
3 43 138
0 40 120
9 20 105
9 24 87
5 43 12
20 33 112
0 12 45
0 52 198
0 35 84
6 32 119
3 13 1
2 23 143
0 4 153
85 21 78
2 47 82
4 11 35
23 33 98
0 9 188
1 42 157
0 53 21
13 44 183
260 20 120
0 42 21
120 45 96
0 57 169
0 11 122
25 1 125
3 43 96
1 46 112
0 40 23
0 3 169
0 16 164
4 18 66
0 7 44
2 24 184
4 8 127
30 23 155
2 30 126
1 24 22
151 40 27
114 36 127
0 13 184
4 38 141
8 19 122
2 39 136
303 22 179
0 0 163
73 43 8
0 49 135
1 1 79
14 3 185
0 10 129
9 11 194
0 24 3
2 30 88
2 6 45
7 27 71
0 28 97
38 4 155
0 35 2
3 7 158
15 54 183
35 7 54
0 1 101
15 9 124
0 59 197
4 10 19
0 38 86
40 7 195
36 34 181
18 25 174
20 52 136
0 59 173
0 14 143
203 46 93
5 32 128
79 53 31
0 9 169
1 55 92
5 58 174
0 28 131
10 20 153
3 16 132
20 24 97
18 0 188
2 2 55
0 21 42
15 54 14
56 24 124
3 1 122
0 14 181
183 14 11
1 54 6
117 21 114
691 56 99
8 55 99
0 51 19
0 20 52
2 8 93
5 21 110
56 49 37
3 42 99
17 58 174
1 4 11
182 9 120
0 53 187
0 21 61
3 47 77
0 12 109
178 58 158
0 7 78
8 50 177
2 27 162
0 59 33
0 0 20
0 37 96
10 34 149
5 4 63
2 16 127
243 46 1
23 12 78
1 35 193
2 33 122
5 42 68
0 24 78
11 56 165
0 52 82
1 47 174
0 49 68
8 0 44
0 40 185
78 40 41
9 1 111
13 49 181
0 35 60
34 22 80
99 28 185
0 8 151
0 32 177
7 48 75
5 5 70
13 55 120
0 50 116
10 0 32
24 25 3
2 58 99
675 23 25
10 29 32
0 54 124
1 45 64
13 6 162
110 7 191
204 22 80
0 6 157
35 39 130
0 55 23
1 5 195
2 9 55
15 59 30
0 5 177
121 53 132
0 34 174
22 10 175
26 41 49
0 31 131
1 32 127
9 37 171
10 33 62
3 58 154
320 22 150
1 18 141
0 25 22
0 6 27
20 36 57
1 13 151
1 12 140
263 26 43
2 58 76
1 42 158
141 59 121
1 45 21
12 51 162
44 52 2
0 16 110
7 12 104
0 29 53
0 6 92
0 40 69
0 39 146
0 44 76
21 41 167
164 45 6
130 9 102
0 48 175
0 20 141
2 5 155
0 2 76
4 56 7
0 47 63
6 33 67
1 39 154
1 22 143
1 41 164
37 57 77
0 14 70
0 29 121
33 14 167
0 4 85
61 38 178
0 20 72
29 57 178
2 20 73
30 39 10
0 59 157
0 42 90
3 29 58
1 19 18
0 47 175
2 54 83
4 35 70
134 33 149
44 11 25
452 47 197
21 50 19
0 17 21
19 1 42
1 44 195
5 2 106
0 2 192
0 56 50
36 53 137
2 52 195
73 29 101
0 38 29
9 40 54
2 10 31
24 37 29
19 50 32
8 53 96
0 50 21
12 51 76
43 44 117
6 43 91
125 32 85
16 0 73
0 47 89
13 38 169
0 26 16
2 26 196
0 35 86
11 40 10
0 25 90
0 59 198
15 26 42
2 26 187
0 53 181
2 15 82
6 42 173
0 18 39
12 15 73
1 57 129
1 56 102
40 24 63
1 22 36
4 10 58
1 44 155
0 15 45
53 55 140
9 41 193
0 39 192
43 11 154
317 50 16
6 43 188
2 43 38
58 46 148
0 3 109
732 51 182
0 45 8
7 47 44
28 52 147
2 19 8
51 28 86
47 53 142
5 31 67
0 23 38
18 50 26
2 43 175
0 0 189
2 12 14
327 29 25
6 8 105
10 59 11
1 43 27
24 35 172
0 36 3
0 19 110
0 54 198
5 56 45
0 42 136
21 12 2
0 18 185
16 42 10
1 32 138
0 22 101
4 57 47
1 12 53
0 24 9
2 50 127
2 9 164
1 21 171
1 0 91
21 31 5
593 51 58
1 2 81
0 14 73
0 47 99
0 28 126
40 32 111
2 58 49
0 33 178
0 47 67
0 21 94
462 15 146
0 45 20
0 13 182
0 52 112
1 28 164
24 54 193
1 24 80
15 37 200
34 56 30
0 37 200
0 36 17
23 46 143
0 8 69
0 39 140
1 32 130
4 42 104
3 20 55
0 56 15
2 30 74
73 16 30
7 59 69
0 11 12
2 18 136
0 7 199
7 46 25
3 8 55
12 2 156
0 51 184
31 36 58
129 42 49
3 38 112
1 48 162
0 1 115
8 7 141
0 39 165
0 26 53
173 6 197
22 4 182
1 36 120
31 56 176
0 28 88
2 42 76
0 36 33
0 54 189
231 12 25
2 17 62
1 55 137
171 43 59
0 1 195
20 25 183
1 37 36
1 20 197
0 39 1
0 21 14
4 54 143
1 21 121
35 27 126
46 6 175
44 45 157
1 33 37
4 50 77
13 51 44
1 32 87
12 49 195
7 7 49
0 19 150
1 30 8
7 14 125
22 57 147
7 35 154
0 48 108
21 29 154
0 51 137
0 39 122
2 52 192
2 39 88
0 50 79
0 26 195
3 10 154
0 5 12
95 5 32
1 58 22
0 40 125
2 40 12
0 44 129
0 13 134
0 37 116
3 45 159
4 5 55
16 11 189
0 7 175
21 50 34
0 2 67
0 48 6
0 48 109
5 55 121
39 20 50
152 45 3
0 1 4
0 44 71
1 13 158
11 24 145
30 1 30
0 58 138
0 9 153
719 7 132
686 14 159
79 37 37
11 0 160
96 31 117
0 3 31
2 47 145
0 14 30
0 3 162
0 12 189
1 19 112
8 32 182
2 51 100
270 15 142
5 16 147
1 49 81
12 25 162
0 1 20
0 41 145
1 6 61
51 49 135
1 59 3
8 18 119
21 50 166
0 28 167
0 0 106
0 6 199
3 41 67
29 12 113
19 39 199
130 21 160
0 27 188
2 0 94
31 54 110
4 38 187
0 20 87
0 34 76
139 17 54
2 46 162
13 20 142
1 26 163
11 25 5
0 1 45
3 8 122
0 21 159
0 2 24
0 50 35
3 4 91
0 29 3
0 19 11
0 51 144
594 8 197
0 35 30
34 8 119
7 46 154
0 13 3
1 30 167
300 1 35
558 16 102
14 22 118
1 37 129
1 22 77
28 42 67
0 35 166
5 2 33
0 30 124
0 54 64
1 43 76
0 20 122
24 40 65
0 44 138
14 38 140
5 33 133
56 50 140
10 56 26
0 4 8
8 7 147
2 8 132
5 21 163
18 36 171
0 57 140
1 13 118
59 27 130
1 18 6
603 19 50
1 45 161
3 27 44
2 13 144
3 19 124
0 15 145
12 15 124
29 58 77
3 31 113
120 18 153
0 54 158
1 55 99
0 56 197
6 43 50
0 4 122
0 31 186
0 39 36
388 12 195
1 33 153
35 55 2
1 27 69
268 53 108
0 8 56
7 16 44
1 41 143
25 38 149
0 8 87
0 48 132
150 31 2
0 59 93
0 10 94
0 51 49
14 45 176
429 32 97
1 12 97
156 38 167
8 20 192
17 53 153
35 16 33
0 32 47
0 23 160
11 50 191
19 34 150
141 52 122
0 19 16
14 4 127
1 40 180
83 9 147
40 37 99
5 49 21
0 4 4
0 52 152
0 21 40
149 5 57
0 42 5
0 38 125
14 45 17
0 0 140
0 30 81
0 29 196
120 52 135
11 58 63
3 5 173
5 50 1
12 40 100
2 3 100
141 20 139
2 22 54
12 25 51
0 18 181
103 5 8
0 51 85
136 32 79
0 55 101
0 18 122
5 0 67
0 4 191
0 43 96
1 53 69
2 23 183
0 31 145
0 7 108
0 1 78
1 14 143
1 40 4
347 26 82
10 36 29
59 8 78
1 19 190
0 32 187
14 31 92
5 36 31
0 54 185
27 47 68
1 20 85
8 47 171
0 20 151
17 20 24
4 28 96
0 19 191
1 54 120
40 10 91
0 4 104
0 33 99
0 6 161
1 19 85
65 56 151
86 56 90
8 45 82
6 28 161
0 9 47
0 29 195
110 20 66
1 14 158
0 41 15
0 59 135
1 42 9
14 30 95
8 45 171
1 21 19
0 25 94
2 55 140
0 4 130
3 48 76
10 47 196
124 11 164
7 5 160
4 11 175
0 59 37
5 25 95
1 24 132
0 27 90
3 54 80
0 5 168
0 56 28
4 13 158
0 12 158
0 5 4
5 6 14
13 52 34
59 26 95
0 56 109
0 59 88
0 52 41
5 10 131
0 40 8
0 39 138
1 59 180
0 34 42
6 24 130
1 16 130
28 27 95
2 48 104
3 54 168
2 8 29
3 7 130
0 3 84
0 6 41
0 51 190
27 26 192
0 45 84
6 11 145
26 59 142
0 28 134
0 56 31
13 30 170
0 13 12
270 22 85
12 2 45
0 59 22
20 25 29
5 22 123
2 40 197
1 50 53
5 45 50
25 17 186
0 32 60
20 40 26
289 19 7
16 43 47
0 18 196
1 54 74
3 46 82
10 2 81
6 35 187
27 8 191
0 13 152
6 42 143
1 49 94
0 24 95
1 57 64
0 19 180
50 31 74
7 11 141
3 34 111
6 28 95
0 42 8
0 41 147
1 1 54
0 15 6
0 50 106
4 6 147
8 1 192
1 6 45
0 36 119
0 18 180
0 28 108
5 4 154
3 34 37
0 12 98
3 36 68
0 2 122
0 51 26
3 39 166
0 59 146
2 22 45
0 52 15
1 49 139
0 2 17
1 23 197
0 43 30
225 2 158
2 56 121
43 16 9
0 16 92
2 19 76
0 42 68
2 20 197
3 53 62
5 35 23
12 47 196
3 9 72
1 45 153
0 50 41
0 39 164
112 10 87
41 19 52
0 44 29
4 8 180
0 8 160
1 17 59
2 34 153
151 53 187
0 53 125
0 53 67
6 38 99
15 15 61
140 39 75
2 48 31
2 23 62
0 7 136
43 39 26
0 13 6
0 34 169
22 18 30
3 18 29
0 41 114
0 47 79
84 33 72
0 35 128
1 6 117
7 31 43
0 40 75
3 21 169
2 41 45
165 56 141
2 21 6
2 49 107
0 42 182
139 59 130
9 22 166
16 40 174
1 18 163
1 2 61
0 12 93
0 38 19
4 24 185
1 29 175
0 14 98
2 34 62
0 35 119
0 59 35
0 35 181
2 33 155
0 42 90
0 45 29
362 57 150
188 38 113
0 0 184
0 29 166
0 8 197
0 56 15
45 17 97
28 2 73
1 27 42
1 39 13
20 16 124
0 17 125
2 40 172
9 22 121
2 13 183
694 40 151
0 18 86
1 30 25
0 18 141
13 8 19
0 27 132
1 24 180
0 11 199
0 52 41
0 32 193
49 53 43
5 14 23
11 24 22
6 18 36
1 20 69
8 58 194
0 26 31
4 41 91
1 57 148
0 10 143
0 59 84
147 34 12
2 29 123
0 2 125
11 29 131
0 50 48
0 1 100
0 21 73
7 9 150
10 13 51
476 47 117
4 19 151
8 18 195
0 51 178
4 14 199
2 43 136
0 6 160
10 35 27
427 27 192
0 44 11
0 47 158
0 12 81
1 2 80
5 50 16
53 21 74
0 55 114
0 37 156
0 45 160
2 50 107
3 37 126
409 37 135
0 40 18
8 12 177
15 31 87
0 27 200
0 2 132
0 18 23
1 56 91
18 51 23
0 52 5
29 20 156
3 15 156
18 41 77
0 44 185
0 23 27
119 18 74
68 30 143
0 37 183
1 22 156
0 40 168
5 45 123
3 31 6
0 5 108
1 3 194
2 7 122
0 47 68
523 38 154
64 34 166
6 21 133
11 13 30
0 5 30
313 16 15
3 46 84
0 17 129
1 8 23
9 56 173
3 15 127
4 31 197
1 36 91
0 15 180
497 49 175
2 16 71
533 18 156
0 14 51
1 49 33
2 52 119
0 4 8
20 13 49
259 40 176
1 35 17
1 15 62
28 55 67
207 13 130
67 58 54
2 45 190
2 26 152
375 23 75
0 13 183
31 21 105
579 28 120
19 55 19
1 16 34
1 56 46
0 14 156
28 10 106
0 59 138
17 30 171
0 59 199
0 37 14
0 55 38
29 58 145
0 19 106
11 18 4
0 47 87
0 38 74
70 51 10
51 4 153
4 15 99
40 48 5
64 6 141
0 47 114
10 24 177
0 14 174
0 57 160
21 36 71
0 0 118
32 9 110
81 32 112
209 13 191
24 19 151
58 54 138
72 41 119
0 9 18
110 17 9
236 31 128
15 52 188
0 4 117
5 38 63
0 57 151
12 21 38
17 50 155
11 9 39
1 32 179
1 36 170
1 4 54
17 35 3
10 25 66
0 21 69
1 45 107
0 13 99
1 8 84
0 54 177
32 4 193
1 23 106
32 10 62
3 7 156
3 59 25
2 28 20
4 21 155
0 38 40
49 16 190
29 19 121
504 32 9
1 25 73
22 7 56
0 56 146
0 2 105
531 54 192
12 58 25
1 53 51
0 39 7
0 44 138
0 50 96
1 27 62
391 8 71
3 34 197
14 31 5
2 31 193
0 53 179
13 24 19
16 36 44
0 1 71
0 44 143
1 53 12
9 22 104
6 32 91
0 22 62
17 54 42
8 10 111
0 45 61
0 54 119
1 4 179
1 34 161
151 2 180
35 2 54
1 54 187
47 50 89
1 54 176
0 48 96
39 34 139
0 1 146
1 45 67
14 23 154
0 22 49
2 51 177
673 12 11
0 18 10
2 38 49
6 4 107
13 7 95
0 32 195
7 9 13
0 56 4
1 58 158
2 4 29
2 44 76
38 3 133
2 25 27
0 54 110
35 34 105
2 5 96
0 30 173
6 58 127
0 51 124
36 44 43
3 53 154
0 46 166
0 45 35
20 54 183
13 14 190
0 33 98
0 14 75
0 34 149
0 18 90
0 39 109
1 53 51
0 12 180
3 32 31
11 42 125
6 30 194
0 41 33
9 29 68
53 29 185
40 25 29
7 53 60
7 48 69
0 31 111
8 52 38
20 25 61
37 26 108
3 49 86
2 36 37
0 52 129
0 30 143
7 2 85
37 20 187
0 23 19
3 45 96
8 5 142
1 48 17
6 49 83
1 36 6
2 28 36
0 55 8
0 8 158
21 7 115
246 29 182
0 48 2
6 42 110
0 45 57
1 27 94
0 14 66
0 57 42
0 29 108
15 20 92
7 13 199
47 47 179
5 1 132
5 45 110
38 18 178
2 3 55
1 9 179
0 31 39
7 34 40
1 48 43
17 4 37
4 28 144
1 56 184
65 54 86
0 50 180
0 7 15
19 16 9
1 5 30
0 34 142
1 46 5
1 38 174
0 48 193
153 26 77
348 14 118
0 37 103
0 20 18
1 23 191
0 26 48
1 19 90
6 29 189
13 17 12
15 8 95
212 45 164
63 17 103
1 45 69
10 13 14
5 37 129
1 33 94
2 39 56
3 25 154
2 0 48
110 17 154
40 16 176
14 49 173
2 15 116
3 3 43
0 5 103
3 50 95
7 10 186
0 5 132
211 15 98
2 27 67
218 22 176
0 42 58
0 4 112
9 28 84
0 59 185
0 37 200
0 5 197
126 11 10
0 15 98
43 40 140
0 13 67
0 12 95
10 29 45
0 37 43
13 31 187
0 7 121
0 21 150
18 59 98
482 12 143
1 23 192
53 15 192
1 2 68
3 5 71
3 11 180
28 25 105
4 9 185
2 18 100
0 4 17
4 47 58
0 30 125
2 32 19
1 28 170
0 35 163
13 4 131
0 22 177
0 50 26
1 46 42
7 3 5
28 3 167
1 2 23
1 12 195
56 42 155
0 38 31
355 16 84
3 39 190
0 26 7
0 49 135
1 7 117
0 35 173
0 14 104
1 12 63
643 46 105
29 32 86
1 16 152
0 6 52
779 45 50
0 47 27
3 21 66
1 41 51
7 13 103
1 39 187
7 5 113
2 40 116
9 33 130
0 25 185
15 32 166
1 38 3
4 57 94
8 11 14
0 57 139
19 20 147
7 7 92
3 11 181
43 54 166
2 29 133
26 43 169
30 59 102
7 39 75
0 39 136
0 51 199
0 29 190
1 16 25
3 0 79
0 51 151
240 32 149
6 42 78
3 50 87
0 55 176
43 5 125
3 49 14
0 14 107
33 7 198
1 34 24
0 6 119
4 7 99
118 58 144
0 12 174
4 5 46
0 9 131
0 53 175
0 11 125
4 27 184
10 13 120
0 0 171
1 35 119
13 16 5
0 34 117
56 40 169
50 18 120
0 24 104
0 19 138
0 29 53
3 52 175
4 33 160
2 6 128
3 47 154
3 44 114
0 9 25
0 16 68
2 11 62
0 31 128
1 9 51
0 42 103
1 41 170
1 44 97
50 13 90
1 22 170
3 3 100
0 5 152
1 21 164
0 35 36
91 42 44
0 38 90
0 20 117
4 15 180
2 30 195
2 52 79
11 52 188
15 52 181
0 24 195
2 5 85
0 11 130
20 6 53
0 42 53
0 39 158
1 56 46
15 4 86
0 51 196
0 37 191
3 22 179
1 34 83
0 59 170
0 8 180
0 8 57
14 29 168
53 10 174
6 17 111
0 39 119
2 40 75
71 21 135
2 48 102
0 30 30
1 10 131
3 38 46
5 11 156
3 21 40
0 34 84
18 0 84
2 58 19
8 7 184
2 50 53
1 55 191
13 4 29
1 25 7
219 23 55
7 50 192
6 58 191
41 1 82
16 19 200
1 45 175
0 33 1
0 51 21
20 3 8
7 56 33
1 22 139
90 3 88
268 17 67
21 0 152
0 45 177
0 17 68
0 33 6
248 4 144
3 14 135
16 7 119
1 40 135
8 31 71
16 28 34
21 38 185
3 20 189
1 28 80
0 13 145
32 50 65
0 52 97
27 56 11
0 44 199
200 14 50
1 53 146
2 32 21
22 46 151
0 5 64
0 44 184
0 22 71
2 5 87
47 50 187
5 26 103
6 41 181
0 46 171
0 55 136
0 49 29
20 28 127
0 23 135
28 24 100
610 28 9
0 28 174
0 46 20
0 33 127
14 53 185
114 11 187
19 46 171
19 10 146
3 0 63
1 25 169
0 43 191
39 0 107
41 15 182
8 37 141
5 13 109
0 14 107
1 13 36
0 18 70
0 39 27
0 30 154
0 16 180
1 12 136
91 16 69
5 40 164
1 25 71
82 42 78
0 22 159
136 10 8
1 50 107
7 19 66
0 27 3
0 9 89
0 34 26
0 21 106
1 23 38
0 38 111
126 42 72
4 44 100
3 52 72
1 50 48
2 6 1
0 14 97
12 9 134
294 12 61
0 12 166
6 59 139
0 1 51
0 40 121
5 41 53
4 2 102
250 25 182
6 39 143
0 0 192
1 10 170
0 52 139
4 30 8
3 23 167
2 49 177
11 24 40
129 42 172
25 56 109
0 47 142
0 33 25
2 28 187
16 47 62
0 46 84
41 29 97
3 58 104
11 19 166
1 19 56
12 9 144
1 26 70
150 15 113
25 56 69
8 55 93
7 17 63
0 54 47
0 54 7
1 3 116
0 30 84
1 19 42
473 14 67
0 31 153
18 35 110
498 8 139
1 49 59
2 30 109
8 51 86
8 46 1
4 4 192
0 26 50
6 4 183
0 11 81
0 42 136
18 14 115
74 15 121
85 46 69
0 37 195
1 28 29
3 23 85
87 52 45
0 28 158
20 37 90
10 24 112
32 42 89
60 24 37
0 14 84
76 58 150
125 36 171
331 38 161
304 42 121
0 53 13
0 28 33
0 38 55
51 47 56
0 34 158
1 39 97
0 8 56
7 27 79
9 36 9
0 30 38
2 19 67
178 48 77
7 59 198
0 10 84
0 27 195
0 16 184
1 54 132
1 1 153
0 44 46
1 16 123
297 6 123
55 47 188
220 3 177
0 2 102
7 59 100
0 22 125
8 44 165
4 16 71
2 34 10
0 54 106
1 48 86
0 53 151
0 24 149
0 38 152
0 0 198
8 38 94
10 1 11
283 8 33
0 54 107
0 26 141
0 51 165
0 14 105
1 8 179
11 2 21
22 59 164
14 14 157
7 22 162
0 42 193
1 52 94
0 36 78
33 11 32
0 39 20
1 22 180
0 1 154
1 20 30
4 24 52
0 6 162
2 23 164
396 11 176
7 51 109
28 40 96
51 5 182
0 17 1
3 37 34
63 53 51
0 48 157
0 8 109
17 34 182
27 27 43
80 55 193
10 38 63
0 57 138
0 55 108
56 55 110
2 38 147
1 25 11
0 29 64
0 28 155
89 31 110
0 0 73
4 17 182
1 35 5
4 31 36
0 57 194
0 41 102
0 0 163
20 7 129
9 20 145
3 32 71
100 5 17
0 51 24
18 36 185
1 41 148
1 19 109
0 25 71
187 36 10
0 18 173
0 15 72
2 58 115
2 23 102
0 58 187
32 38 55
0 34 132
10 35 153
3 54 50
5 9 111
3 27 136
3 19 180
0 44 126
0 12 108
0 53 113
12 47 33
7 46 162
0 52 199
8 33 157
58 38 73
0 39 73
1 13 127
1 54 23
0 20 18
108 35 5
255 12 167
2 36 4
0 34 92
0 23 13
1 39 113
14 38 65
0 31 171
0 36 45
0 44 90
12 46 199
2 25 190
3 31 99
2 51 127
5 58 79
0 51 187
14 50 137
10 19 183
0 16 5
0 7 184
3 3 18
13 0 196
1 58 169
0 4 106
0 10 95
0 36 12
74 36 17
10 43 64
270 2 158
0 40 30
0 33 13
0 48 172
7 27 64
0 11 84
1 31 64
71 47 84
0 29 24
0 8 142
108 14 109
202 25 55
0 31 121
0 8 194
1 57 77
1 26 6
0 25 4
0 41 149
10 41 133
21 41 55
0 49 111
2 33 13
4 13 8
0 59 165
1 58 131
0 58 143
18 27 42
1 45 103
1 9 125
0 46 44
306 12 130
0 37 133
0 4 196
168 45 57
1 40 59
0 27 183
2 10 181
1 1 158
0 29 92
2 18 185
0 1 2
91 49 61
1 59 165
0 27 22
3 43 106
2 42 139
0 43 54
0 55 14
14 19 12
0 59 123
0 17 126
26 2 33
0 42 80
7 49 69
1 26 75
13 12 141
18 15 188
0 37 185
32 0 25
584 51 126
0 28 93
8 53 111
11 31 9
4 33 59
7 47 165
2 28 19
0 51 183
18 15 123
0 45 145
22 26 132
0 2 192
1 4 39
0 51 115
0 46 19
34 17 179
0 7 74
0 55 141
0 46 121
1 32 87
0 29 103
3 6 80
1 53 153
0 18 100
12 20 181
2 51 47
0 52 95
1 15 131
1 42 168
5 30 111
51 12 56
0 17 144
0 18 129
4 59 3
0 41 26
113 47 27
400 22 181
2 5 199
5 44 31
136 5 139
0 32 36
0 1 31
3 18 63
15 31 199
0 39 96
1 53 15
1 20 169
0 53 132
0 34 107
2 47 1
61 44 16
0 47 7
10 13 31
8 20 41
13 45 116
3 17 178
1 16 185
4 30 122
0 56 56
2 11 178
1 31 117
0 17 106
15 47 7
0 14 87
3 41 1
5 53 88
54 25 18
2 24 82
1 55 150
0 25 76
1 35 122
679 2 51
6 43 129
14 35 192
0 54 168
19 6 17
3 18 181
2 15 24
0 13 191
32 50 168
1 18 151
0 54 28
23 22 186
0 38 117
2 12 4
0 32 167
684 44 200
1 45 175
79 17 112
0 51 145
0 5 158
160 16 47
114 21 121
0 22 46
3 55 18
19 55 78
1 18 93
12 11 8
0 52 146
2 41 160
5 32 61
1 48 147
80 54 18
1 7 190
3 56 62
127 16 72
33 49 23
0 25 15
0 55 2
171 1 71
5 38 94
0 53 20
17 16 2
0 21 168
0 52 40
68 33 165
0 49 45
0 26 28
1 44 6
0 0 190
0 52 27
0 34 161
0 55 11
5 34 97
0 18 135
0 42 16
1 31 109
0 7 23
0 2 70
41 34 198
93 50 20
1 42 74
312 21 145
1 57 3
1 21 169
1 2 57
0 6 176
0 18 82
0 5 154
82 32 115
0 22 108
0 55 1
1 38 135
2 1 148
4 57 101
0 42 112
47 35 154
7 30 121
1 16 50
1 18 108
0 19 91
1 32 77
0 12 27
12 33 130
0 58 104
1 12 27
0 42 153
5 31 65
0 53 49
0 59 178
79 22 115
13 59 33
0 33 75
1 37 48
1 28 70
6 17 171
153 3 148
2 16 163
15 34 115
79 4 68
0 52 15
0 11 178
15 51 95
6 27 179
0 2 185
4 11 122
0 44 89
127 47 23
223 11 113
4 1 171
2 55 28
2 39 71
0 28 123
6 46 139
201 40 109
0 15 27
1 35 118
2 55 1
11 23 136
20 47 14
1 1 99
1 23 12
1 49 136
3 36 78
5 35 190
4 15 129
5 33 25
0 4 112
362 35 98
0 40 70
1 24 185
2 45 90
10 39 73
4 30 2
0 47 199
38 39 180
1 7 160
0 38 26
133 14 83
0 21 140
6 11 172
0 1 6
13 17 22
0 59 164
0 25 176
13 33 63
4 58 109
4 45 47
0 10 44
34 46 30
0 58 150
173 17 53
1 30 109
2 2 56
13 26 134
3 53 163
0 18 41
67 19 109
337 30 47
0 52 98
0 44 59
11 50 166
3 38 97
11 50 97
1 43 171
7 58 80
46 43 137
0 22 39
16 11 37
0 48 10
9 12 131
0 54 30
5 50 192
0 3 4
1 26 99
2 43 48
1 1 100
3 40 97
1 29 99
5 41 186
1 0 36
0 32 194
6 18 168
30 6 21
0 2 41
0 9 123
2 44 109
0 16 110
5 3 141
671 9 88
456 33 121
3 17 3
49 14 89
19 39 117
1 44 93
8 17 147
0 37 87
6 5 199
22 58 191
1 15 124
5 5 118
2 17 118
0 33 42
4 42 146
250 57 55
43 40 62
7 33 183
0 14 186
2 30 97
0 34 77
0 38 86
113 24 27
0 52 123
0 26 93
14 6 36
0 25 196
0 11 135
6 10 65
0 15 12
316 6 119
3 20 108
26 27 165
0 50 14
4 52 153
20 40 127
2 34 39
9 24 119
0 28 77
28 33 80
1 41 111
11 18 175
1 53 43
0 11 193
0 8 180
0 45 181
47 48 143
3 12 47
121 21 171
0 40 38
33 25 31
3 58 177
0 53 119
291 52 52
0 1 99
1 39 31
9 10 52
6 41 117
5 47 155
2 13 120
16 4 152
0 39 49
36 58 153
1 31 174
0 59 190
0 5 195
3 11 32
3 52 62
9 28 72
0 15 105
6 4 60
91 18 81
1 20 126
11 37 108
0 53 138
0 35 132
0 29 167
52 8 41
1 40 175
0 41 171
1 47 119
1 18 29
17 2 117
3 28 82
6 22 186
0 41 45
0 22 113
0 25 92
2 13 43
5 9 41
1 35 97
562 45 116
3 16 142
265 10 17
33 34 149
0 27 150
110 54 18
0 49 154
0 19 175
3 29 76
0 30 137
17 1 136
0 2 105
0 52 96
95 51 139
0 31 11
2 0 8
0 43 114
155 26 68
0 57 9
41 44 156
1 42 199
3 38 5
218 42 57
6 24 17
1 17 105
0 56 196
1 10 152
0 40 59
0 51 103
0 41 27
0 22 177
6 32 60
50 21 191
15 56 101
9 59 61
0 32 117
0 26 17
17 54 1
0 34 12
17 29 137
28 41 12
0 17 120
4 30 95
9 15 88
0 49 47
0 47 90
6 51 56
4 15 85
0 55 90
0 48 115
2 10 75
305 9 160
28 57 102
0 23 78
0 45 156
0 7 119
1 1 156
1 51 101
0 18 91
0 2 97
27 32 4
8 21 197
2 58 197
24 7 172
0 26 110
460 55 169
266 55 135
38 25 54
0 15 51
0 3 134
0 6 34
10 56 135
7 42 75
12 35 166
21 52 45
9 48 35
453 27 51
0 51 153
3 22 50
0 17 23
57 55 25
0 17 186
0 53 42
0 20 198
0 17 152
0 36 18
9 15 102
0 18 75
0 47 60
0 56 46
0 18 146
0 23 46
0 49 162
1 53 21
4 17 118
0 18 127
0 28 170
0 34 81
1 43 142
87 52 38
2 37 157
0 34 19
0 21 160
2 5 16
0 41 19
114 59 115
4 44 145
23 27 75
4 37 2
14 3 148
116 29 178
2 56 181
1 38 149
0 2 158
4 5 53
0 28 154
0 52 137
0 22 178
28 41 166
27 0 195
0 15 165
0 58 8
1 24 127
13 57 163
1 13 84
0 48 39
30 16 192
0 28 182
0 41 163
9 36 115
11 24 163
0 43 31
0 4 122
1 39 42
3 40 126
3 55 35
0 24 126
0 43 195
1 10 159
0 56 99
246 52 157
3 21 154
0 56 14
2 14 49
17 7 179
10 18 119
19 54 127
7 37 94
0 29 4
0 29 73
0 33 61
2 20 199
7 54 133
132 30 34
32 44 61
1 23 80
4 30 101
496 7 58
3 24 112
1 42 177
0 43 64
102 39 30
0 47 163
1 7 68
0 3 60
0 20 124
36 18 39
0 5 18
30 27 131
0 55 154
0 14 84
0 57 121
711 28 27
13 52 65
0 23 150
112 34 137
0 46 106
1 34 10
11 42 19
20 50 167
2 13 3
1 1 87
7 28 198
0 37 151
0 57 6
1 36 5
0 43 154
201 19 28
0 23 114
31 2 82
59 10 106
34 9 71
0 1 50
9 59 81
3 52 143
0 48 27
75 56 43
1 33 155
23 34 121
0 11 86
0 1 42
2 13 146
0 30 21
2 5 22
20 35 103
10 47 126
2 15 56
3 10 130
195 33 11
259 33 62
0 35 54
281 50 127
0 35 98
4 10 16
0 50 93
0 15 41
11 29 194
6 21 196
2 57 10
10 38 25
0 36 183
37 19 7
20 26 56
6 54 151
1 41 175
0 31 139
1 20 94
0 54 111
5 27 174
1 49 195
14 40 17
0 13 194
1 0 102
11 21 116
0 9 170
67 7 56
10 23 181
9 7 178
0 8 133
0 55 95
0 6 113
0 1 79
43 33 200
0 23 2
59 11 138
69 19 130
0 40 104
62 23 146
0 39 136
5 33 56
8 54 74
0 25 193
3 50 72
4 41 140
0 15 64
2 32 21
5 34 164
1 40 21
1 7 193
0 51 69
4 55 184
0 36 133
1 20 77
4 23 99
0 53 134
0 20 78
35 32 155
20 47 157
1 45 190
62 42 92
0 31 139
7 47 189
5 58 6
13 18 199
2 52 104
91 22 22
15 8 76
10 5 46
16 12 198
56 37 82
2 3 122
1 6 131
4 27 163
1 48 183
3 12 20
6 37 156
1 30 87
230 53 56
11 44 69
0 1 105
5 42 53
246 16 161
122 51 20
6 36 155
0 56 105
1 32 8
1 2 47
0 7 12
11 7 76
0 46 132
100 39 165
0 6 13
0 20 119
98 37 9
7 0 199
24 35 74
1 28 95
0 26 66
65 38 182
0 26 91
12 29 192
1 26 71
3 27 49
0 25 175
2 22 57
0 53 93
229 41 26
112 38 63
0 6 7
536 16 81
0 23 28
0 9 35
0 20 114
0 43 124
25 14 141
5 10 126
0 18 43
19 56 91
1 39 141
0 24 130
0 5 76
2 10 67
235 11 194
0 37 94
192 20 137
0 6 181
138 35 189
8 25 88
0 8 188
2 38 126
1 18 112
0 47 138
316 59 176
1 19 26
0 47 86
34 54 95
2 23 78
0 19 174
2 47 21
6 51 199
205 26 136
0 6 13
239 39 87
38 58 81
0 23 93
3 4 192
0 37 32
1 49 168
478 8 138
1 47 102
1 9 35
4 41 148
5 48 187
66 13 133
56 4 64
22 2 38
0 48 43
0 59 124
27 54 106
67 44 107
1 40 84
2 22 110
18 9 178
0 5 178
194 27 54
0 53 82
2 30 74
30 47 158
30 52 134
2 56 36
0 11 64
2 50 104
0 13 14
0 50 116
0 1 106
2 43 181
1 8 12
0 18 123
3 57 197
4 34 16
4 20 90
22 57 65
0 58 95
13 56 33
1 25 43
10 27 184
0 26 67
1 11 125
4 56 40
5 34 193
0 53 54
1 13 78
0 23 159
0 59 183
507 57 19
1 39 119
0 44 170
0 11 85
53 58 78
0 25 137
0 10 103
1 44 113
12 52 175
0 10 3
1 54 51
0 21 6
0 24 26
6 48 140
1 9 77
0 39 64
0 35 121
0 10 196
0 8 165
0 53 161
6 36 28
2 20 181
2 24 112
9 6 10
5 30 61
11 38 200
0 59 126
40 14 51
11 22 18
14 28 62
0 17 6
0 9 52
0 13 74
1 16 16
35 13 193
13 32 155
9 42 44
8 50 129
0 13 29
0 33 111
3 7 106
6 26 85
0 19 192
602 35 118
1 50 11
6 8 199
1 4 92
48 42 43
0 33 40
12 10 62
41 17 178
7 26 45
1 20 51
0 8 21
286 35 143
0 28 10
0 42 39
0 12 66
7 14 15
21 8 133
0 19 108
2 38 71
15 6 42
0 20 171
22 0 137
0 40 108
20 1 69
1 13 168
5 19 196
0 32 35
7 51 15
1 50 13
1 25 145
1 30 151
13 0 159
5 40 4
4 45 156
50 47 46
681 33 58
18 22 176
12 13 199
429 52 69
0 19 78
67 42 63
6 54 28
0 29 106
543 29 36
4 34 200
17 3 99
189 4 85
87 59 8
0 57 120
0 32 181
1 50 42
2 32 109
4 59 155
2 13 67
5 25 106
7 20 134
62 41 45
0 8 119
157 29 197
0 0 141
0 58 148
1 7 95
11 33 36
0 52 160
5 20 165
6 59 75
22 25 173
20 31 33
0 47 157
15 24 77
16 4 37
4 56 106
12 48 35
2 1 89
157 18 173
5 54 55
19 3 125
3 26 135
0 8 37
23 7 111
4 54 135
0 57 194
2 58 3
19 18 60
16 25 14
0 9 111
0 21 161
3 42 157
0 33 179
4 58 79
1 44 31
4 10 21
357 50 191
0 58 174
22 22 41
254 31 100
8 35 19
0 15 68
2 23 13
9 48 44
1 43 166
9 33 127
0 13 66
2 51 152
15 22 2
147 49 195
6 0 40
0 3 83
0 24 46
407 3 14
3 17 195
8 15 11
9 44 113
1 21 131
0 40 87
8 47 162
153 21 26
4 41 94
124 36 55
2 45 191
10 13 156
13 35 52
2 35 4
1 10 14
0 29 106
0 28 148
0 58 165
0 2 72
39 50 30
12 0 59
4 17 200
206 42 191
2 47 18
5 53 55
1 20 25
76 30 88
252 5 3
0 40 107
0 5 193
7 15 144
90 56 99
260 55 199
6 29 19
0 0 51
39 27 95
22 28 108
1 20 139
0 50 17
0 54 159
0 12 28
1 58 87
1 7 98
4 8 132
0 32 101
9 21 6
64 6 85
0 46 20
0 18 73
13 59 192
0 36 79
4 16 48
0 31 53
25 58 62
0 58 139
6 8 19
1 18 187
20 1 83
265 57 196
0 31 101
21 45 104
30 22 148
13 26 6
22 51 144
15 27 115
12 30 49
20 42 91
0 50 59
0 47 80
0 27 4
2 29 54
275 50 132
0 18 115
5 54 67
3 37 78
1 41 73
230 33 41
6 35 132
0 45 152
0 19 102
65 48 3
0 31 93
22 49 133
199 6 22
0 43 166
1 2 111
600 15 5
20 31 17
4 50 49
0 42 145
8 33 180
0 0 150
0 35 90
12 10 185
0 17 178
8 42 41
0 3 171
187 40 70
0 58 125
0 20 51
2 11 110
0 13 122
10 29 78
327 36 7
1 24 122
6 32 48
12 26 189
3 11 79
0 20 159
133 12 115
0 55 24
0 2 12
2 27 16
28 29 30
2 48 165
111 47 68
72 4 142
0 46 61
0 36 154
0 11 179
6 27 4
11 39 43
1 59 35
0 28 35
4 13 59
11 16 149
0 11 7
0 24 186
21 35 88
1 13 195
2 27 89
1 34 107
20 3 122
7 8 142
0 45 38
2 33 163
3 29 77
708 6 122
0 35 131
0 9 180
24 51 94
0 25 146
0 31 184
0 19 124
137 33 100
2 52 129
0 42 66
0 57 110
162 50 121
163 50 53
0 51 63
2 30 60
0 33 6
0 15 47
0 37 165
16 5 71
1 22 142
1 15 100
1 29 156
0 13 44
279 48 95
0 44 30
22 40 158
3 19 5
1 23 64
11 26 86
2 24 188
0 54 162
338 2 8
4 45 22
1 56 124
2 54 147
5 34 104
0 21 159
2 56 141
0 54 125
0 58 68
1 11 77
0 56 93
0 23 183
3 38 106
2 5 75
0 17 119
0 16 164
50 29 84
1 45 3
1 24 164
24 19 69
0 18 17
401 50 35
4 27 199
0 39 153
12 6 56
0 57 16
1 44 169
14 39 147
309 52 144
0 56 102
0 40 165
0 34 59
2 12 33
13 2 87
9 46 182
0 19 168
4 0 122
1 57 86
8 58 106
16 17 95
0 48 169
7 11 92
11 17 31
153 30 109
5 29 162
72 57 109
74 3 99
199 40 29
13 37 36
2 13 127
0 3 115
192 27 1
2 13 10
0 43 98
2 58 113
5 51 100
1 55 41
3 44 157
7 49 75
1 41 59
362 12 44
0 14 140
32 41 98
0 43 31
7 40 78
3 14 178
0 30 185
5 51 161
5 39 20
1 37 70
5 53 33
1 16 49
0 53 109
16 14 71
5 37 152
0 57 35
15 1 4
4 22 53
119 43 9
174 21 197
0 31 134
9 25 188
0 18 35
155 13 60
60 9 7
4 39 101
0 4 107
36 17 143
0 0 192
688 40 197
4 3 54
5 48 138
14 41 78
0 27 189
0 13 115
2 19 56
136 54 121
69 16 18
0 18 121
1 15 71
0 17 147
0 6 91
334 48 183
0 23 88
0 16 71
0 14 151
2 8 50
9 47 102
2 37 75
0 24 110
2 34 24
0 26 147
3 57 111
5 50 121
0 58 174
5 47 50
0 12 70
0 5 89
0 58 114
19 54 119
1 4 74
3 31 68
0 17 109
79 10 103
2 48 101
0 28 83
0 24 194
1 44 133
615 59 136
9 49 175
4 44 23
0 35 130
0 28 114
0 55 105
34 47 62
12 54 128
3 43 118
0 26 32
3 5 161
0 28 149
21 14 20
0 30 159
5 16 155
7 38 150
75 10 112
0 25 16
14 32 195
0 28 132
3 15 148
41 21 10
40 48 30
193 28 178
0 2 160
1 1 85
49 26 161
0 2 41
54 29 134
1 14 9
2 21 3
4 18 48
0 30 29
0 51 130
1 25 67
1 55 39
0 12 34
3 15 116
0 46 52
3 50 196
1 25 15
8 59 37
0 44 196
4 46 147
5 6 147
0 24 79
0 30 160
3 1 100
0 45 5
0 52 110
9 15 146
0 51 138
34 26 109
0 40 86
2 33 86
4 51 152
3 21 55
0 11 150
2 51 23
0 11 7
3 3 99
31 37 174
0 20 163
0 41 47
0 23 63
6 46 9
15 0 124
0 33 179
0 26 37
1 7 42
0 24 185
0 8 185
0 43 169
0 6 22
52 53 41
1 23 92
2 19 68
2 46 171
1 12 186
0 23 32
29 10 71
7 17 114
18 54 26
2 30 140
3 55 169
41 9 34
2 6 180
1 40 145
0 34 8
0 50 180
0 45 40
0 56 166
39 42 193
5 53 30
2 54 155
0 27 3
0 35 111
3 29 76
0 44 139
0 23 7
0 23 76
10 47 167
37 1 117
3 20 194
49 4 163
0 11 159
1 11 99
17 11 77
35 10 103
0 10 79
0 52 192
70 16 186
0 6 169
0 56 194
5 6 131
16 45 98
6 40 85
1 50 194
4 22 16
1 41 153
6 17 36
23 37 31
3 39 75
8 19 193
445 32 9
377 10 32
10 8 43
9 21 136
1 52 82
0 37 57
3 55 81
0 24 72
3 11 189
0 48 102
1 17 124
1 14 146
0 25 161
6 7 115
0 45 53
0 30 124
11 33 50
1 1 28
9 15 173
0 35 31
1 41 178
0 46 114
2 23 137
0 7 188
0 39 44
0 37 112
2 54 46
11 36 8
0 11 166
0 58 48
0 55 195
3 59 1
408 35 124
75 27 99
0 5 36
0 55 182
11 1 67
0 37 113
16 2 69
2 9 26
28 48 63
3 26 139
6 40 111
1 5 126
0 14 33
2 20 175
109 55 81
12 39 16
3 33 125
70 58 102
1 3 132
1 41 73
4 26 180
2 37 79
1 31 116
10 0 13
2 41 126
48 18 61
175 13 3
8 26 128
25 43 14
23 50 45
16 29 198
4 25 174
0 12 152
23 41 44
15 34 185
0 15 66
0 52 8
0 29 72
117 47 59
0 1 14
0 22 15
0 16 51
0 49 165
0 39 9
235 3 97
4 27 191
0 12 144
1 59 55
3 16 176
0 10 60
250 11 54
0 18 4
7 46 59
0 41 160
0 15 11
2 20 93
0 36 117
0 5 35
392 0 22
4 24 87
2 3 42
1 46 14
0 26 163
19 25 2
2 26 121
25 55 15
7 1 184
0 39 28
2 58 189
5 0 82
0 21 92
12 24 135
1 58 161
2 19 63
394 59 87
4 39 196
0 45 156
97 23 144
0 1 7
0 57 133
1 40 30
5 3 145
0 23 66
272 21 160
1 42 157
1 10 87
0 16 9
2 41 148
7 58 148
646 16 194
11 54 191
5 53 176
5 24 94
1 40 200
0 49 47
152 52 192
1 57 161
2 0 16
139 35 116
2 42 121
317 42 65
1 47 54
0 14 174
19 24 80
4 18 114
1 12 87
5 41 107
1 39 25
3 18 133
8 20 146
0 38 33
29 7 78
578 38 119
0 6 149
68 56 60
0 49 101
0 19 182
37 19 107
2 51 170
0 28 199
21 39 32
4 42 37
0 44 64
0 28 16
62 37 57
1 2 195
0 42 69
0 30 31
0 24 181
2 40 122
0 13 11
4 41 185
0 26 41
10 18 65
2 29 157
2 59 74
0 9 153
1 47 70
1 34 39
1 19 93
1 50 51
0 45 8
0 25 153
13 44 162
0 12 190
16 21 186
11 9 177
39 23 23
3 31 160
3 29 195
2 42 13
47 41 70
14 43 33
3 57 128
0 32 89
1 47 175
2 1 99
2 38 196
43 20 140
10 53 6
12 44 40
19 25 124
1 1 174
0 32 102
1 35 134
0 7 70
1 55 67
2 45 182
1 6 148
1 21 90
46 57 60
0 18 42
1 10 80
0 11 161
0 54 10
1 52 116
6 26 75
231 9 129
30 24 112
79 45 155
9 36 68
1 9 154
20 3 58
4 58 43
54 13 13
15 55 31
0 56 48
0 48 189
2 46 185
0 0 27
1 53 147
4 8 160
4 59 163
0 16 189
41 17 109
0 39 194
4 11 18
122 28 173
107 9 64
1 48 45
19 26 78
8 58 167
0 41 171
10 27 2
22 6 61
0 44 89
1 16 95
1 26 68
0 24 163
11 46 75
54 55 97
232 8 93
0 2 13
16 6 83
1 41 60
3 21 187
98 10 113
2 35 130
2 53 31
11 47 123
4 0 112
35 4 60
0 47 116
1 39 135
3 34 132
53 38 142
39 24 21
0 23 37
0 48 172
51 45 127
31 7 178
26 20 68
1 45 134
0 44 44
0 32 172
0 13 193
40 19 38
0 17 56
5 1 165
10 2 136
4 42 162
30 36 118
1 16 111
334 46 56
13 2 19
15 57 38
0 2 123
2 20 91
3 14 60
0 2 72
2 51 160
0 6 96
1 10 75
0 40 136
0 51 48
259 44 121
0 41 81
0 52 41
12 27 9
0 46 8
1 14 119
0 54 1
39 16 24
1 25 102
3 18 142
246 53 43
0 38 149
0 24 23
6 41 110
10 18 52
0 38 130
12 25 12
1 43 21
172 9 178
60 17 200
0 31 125
4 34 54
0 32 169
0 44 89
0 26 104
0 54 189
19 27 100
10 32 196
12 42 52
674 1 149
10 10 96
3 21 29
1 21 116
2 4 53
0 15 96
0 22 29
2 49 125
0 28 49
2 46 33
1 36 10
0 45 139
369 40 3
3 18 158
1 52 120
1 27 36
0 30 79
1 31 199
67 5 181
0 39 55
2 33 103
97 53 196
22 1 15
27 33 9
419 11 178
0 7 181
1 46 79
2 10 184
21 49 123
0 46 21
61 58 21
1 50 102
1 47 26
0 36 175
30 21 174
8 32 99
3 10 170
1 7 158
117 58 107
3 28 17
1 0 49
1 1 156
53 14 44
81 48 106
0 19 92
1 39 85
0 20 53
0 20 39
2 28 103
6 37 162
7 19 33
68 12 188
0 13 35
142 27 11
740 28 91
6 4 132
0 21 56
0 45 23
1 7 191
0 9 127
7 11 69
2 57 30
0 44 123
0 3 190
1 31 176
1 14 134
13 32 188
1 47 2
34 20 122
34 40 172
75 55 94
30 55 110
381 29 182
0 11 44
3 25 45
7 34 93
31 38 101
0 55 126
0 37 57
7 42 64
15 45 182
0 19 91
0 47 133
0 9 22
0 38 189
2 37 152
6 7 192
86 18 50
2 57 15
20 59 123
0 27 134
0 26 136
8 47 47
1 30 44
1 35 173
4 39 47
0 10 184
0 41 190
0 7 35
0 11 109
5 17 112
13 55 49
11 21 75
0 7 116
0 19 155
0 22 16
0 54 65
3 43 92
1 21 72
101 44 5
0 34 99
4 39 112
0 56 172
8 1 25
3 32 5
1 14 168
2 46 17
1 45 62
46 25 28
6 46 171
8 49 20
0 25 184
11 53 55
25 49 20
4 48 60
0 3 94
17 0 20
130 19 25
5 11 80
2 54 63
0 13 86
1 57 138
0 13 99
1 18 158
36 51 63
0 5 47
0 27 97
13 15 167
0 25 52
13 0 50
0 38 80
0 32 24
1 3 171
3 33 16
2 55 52
0 37 89
0 39 10
1 33 39
5 38 17
2 12 39
0 58 196
2 47 53
0 42 195
0 28 145
13 3 72
0 8 103
1 16 134
0 51 62
10 35 186
4 55 1
0 5 37
0 27 17
0 37 120
4 42 53
0 26 186
2 45 65
1 14 81
0 0 91
4 11 111
0 12 41
1 1 145
9 15 1
78 38 20
0 5 15
3 45 77
39 25 181
9 3 79
0 15 166
46 35 38
88 2 21
4 40 103
168 25 89
0 34 150
3 18 183
0 43 48
4 2 98
189 3 71
2 10 64
2 59 8
365 29 149
2 38 30
7 49 159
0 13 74
1 31 48
2 20 129
3 31 167
7 41 13
0 22 62
1 50 66
5 46 129
0 56 74
81 16 79
0 33 170
4 18 141
80 3 86
2 3 42
0 50 175
6 50 177
39 0 93
1 31 81
8 44 72
2 28 127
560 49 100
0 33 101
1 52 178
0 15 18
5 9 53
7 4 133
0 25 136
9 16 20
0 41 176
428 32 130
4 43 125
0 34 17
7 19 167
100 0 129
0 32 57
0 21 175
209 4 69
0 39 134
7 25 33
2 11 149
10 4 199
1 10 142
16 55 100
66 51 103
0 50 112
0 57 46
2 42 44
43 20 36
0 2 126
18 53 106
4 44 103
9 46 39
0 50 80
0 41 122
0 37 2
4 54 32
0 21 58
19 56 61
0 21 104
1 49 51
0 6 195
0 17 33
5 53 47
3 47 35
4 11 43
4 50 37
32 35 184
0 25 157
9 2 8
0 29 49
7 58 120
12 39 160
25 52 76
0 20 43
0 1 159
0 22 196
0 0 105
0 47 52
0 12 113
162 8 33
3 42 112
1 22 64
0 25 52
0 6 175
593 49 182
1 10 195
1 15 142
5 11 46
18 48 5
2 28 115
6 51 88
0 37 12
0 43 74
39 20 148
3 54 53
0 18 62
5 21 98
0 16 73
0 25 125
0 4 180
0 16 1
21 18 178
33 52 106
0 5 136
25 39 67
0 52 53
1 32 37
176 16 114
2 26 25
1 32 178
186 35 122
0 48 111
1 27 101
17 54 23
15 40 43
6 23 22
0 53 73
86 39 163
0 48 182
103 37 79
1 2 167
80 56 119
1 52 50
1 53 153
36 20 116
5 52 17
7 47 40
0 56 66
3 36 12
1 31 169
0 46 180
0 44 188
1 35 14
0 6 195
0 4 31
2 40 168
0 4 168
3 53 136
0 15 139
5 8 33
0 19 167
4 44 105
7 31 89
1 55 86
2 42 174
209 4 47
1 4 90
0 35 65
1 37 35
29 8 26
9 34 79
186 34 140
29 27 191
0 12 117
5 59 69
1 47 90
20 45 123
122 34 9
0 16 195
1 25 76
1 59 163
44 59 93
1 16 95
153 38 62
0 50 156
136 58 55
0 52 30
0 21 41
8 10 14
1 4 85
0 57 182
0 13 163
1 27 105
11 40 189
1 53 188
49 44 148
2 49 18
1 17 60
61 31 1
19 39 161
0 36 76
2 39 200
0 43 72
4 41 82
122 26 99
0 11 189
5 59 93
4 57 33
0 4 172
1 23 180
10 26 193
0 18 110
4 6 131
0 11 135
1 39 1
3 21 13
0 7 98
4 10 95
3 7 186
22 25 160
0 37 183
6 45 103
0 54 61
4 24 137
0 27 185
0 19 144
0 44 103
104 1 106
0 23 197
9 26 43
5 41 124
105 44 1
29 47 50
0 10 86
47 11 105
0 18 87
3 46 110
4 38 157
132 4 12
1 57 147
2 39 55
345 19 3
98 5 43
0 32 93
1 8 43
10 18 158
1 58 6
0 31 84
2 10 109
10 0 37
1 1 72
0 34 25
63 13 139
3 1 182
0 45 55
38 17 53
5 47 22
13 48 128
0 27 102
1 34 149
0 5 16
1 45 118
144 9 118
19 8 147
6 7 190
0 47 13
0 42 171
0 24 125
15 5 154
1 27 101
0 53 72
0 6 105
1 13 197
0 50 2
4 42 187
4 10 166
41 59 172
0 58 116
11 30 117
1 9 59
0 24 94
64 36 120
0 58 165
0 24 30
116 4 136
4 44 105
0 3 117
4 53 83
231 21 61
0 33 137
46 53 90
0 47 3
0 15 44
0 33 70
0 45 102
0 20 32
0 17 53
0 6 194
470 57 13
1 41 153
1 25 118
623 46 8
0 49 5
4 55 54
0 35 103
6 50 65
1 50 47
1 10 194
1 36 50
0 16 97
2 55 198
59 2 38
4 33 118
2 10 20
1 51 184
5 14 57
795 36 65
0 21 81
3 18 110
0 47 57
3 11 68
1 12 134
2 43 85
82 39 132
37 35 55
2 36 6
5 39 12
91 23 35
1 10 130
0 5 45
124 21 4
0 2 170
0 5 199
0 8 51
0 37 65
73 0 39
1 27 65
12 13 109
1 1 149
36 0 4
1 25 15
1 40 140
176 58 192
3 8 25
3 48 131
0 58 145
5 21 19
2 32 153
1 3 117
2 18 111
128 33 101
2 54 36
9 21 196
12 16 152
0 9 147
0 21 199
49 47 179
452 15 190
3 0 68
1 13 8
0 9 71
6 0 160
6 50 36
0 19 79
2 30 183
0 15 47
10 59 31
3 49 93
0 37 155
1 54 163
5 54 131
0 23 197
0 54 46
1 21 133
31 3 194
93 17 193
1 19 146
0 32 45
5 8 26
30 10 174
0 56 131
1 51 111
0 33 76
1 45 167
0 45 58
19 59 119
0 18 8
0 12 194
3 21 112
0 49 16
0 20 4
7 17 130
1 36 71
0 34 156
1 17 103
2 44 7
4 35 70
0 3 63
14 20 36
14 37 186
7 35 63
0 33 83
9 47 147
0 13 10
0 39 60
38 58 76
14 33 122
1 28 107
0 21 193
0 6 147
10 46 137
0 35 69
5 33 59
0 21 111
33 24 59
1 24 146
1 58 5
0 48 79
68 27 69
3 53 71
0 15 144
4 37 175
1 0 4
37 23 156
0 43 7
1 59 83
2 29 98
0 31 14
17 39 77
0 40 128
0 39 3
2 28 53
0 58 24
0 46 81
0 31 163
27 56 13
0 32 42
39 1 125
8 37 40
2 14 198
4 4 188
8 35 147
31 27 188
0 9 199
0 21 115
108 37 76
0 54 1
1 12 26
0 5 29
11 41 130
4 24 110
0 56 25
3 39 93
2 0 119
18 31 41
2 19 47
0 38 96
429 58 41
21 10 141
1 14 168
0 12 99
1 41 170
3 50 194
0 23 47
773 38 15
0 27 37
114 15 114
0 12 47
1 5 147
3 35 14
72 44 43
87 17 22
0 30 161
254 53 7
0 54 182
0 5 137
0 55 61
2 8 181
101 36 107
7 47 61
69 16 23
7 24 28
1 11 61
13 45 169
4 21 97
3 55 71
0 17 159
0 37 17
0 48 36
15 12 164
4 29 77
0 52 27
5 2 183
0 49 56
1 46 187
9 58 100
0 25 180
0 45 132
19 10 22
18 34 110
47 26 99
0 44 57
0 11 39
6 29 95
56 40 122
565 57 135
75 46 45
68 33 87
1 33 152
0 13 74
6 10 183
0 15 172
0 44 196
3 55 25
0 49 148
3 58 106
1 33 69
0 6 167
1 32 181
1 18 114
1 15 162
0 19 142
339 5 36
0 56 103
0 44 6
0 58 28
6 48 70
26 14 16
1 5 114
139 28 152
3 51 166
0 25 5
5 33 184
1 14 87
1 48 61
1 16 109
1 28 85
40 58 142
0 44 137
1 33 107
39 50 51
1 33 102
1 52 189
2 58 130
23 46 88
10 54 84
0 31 197
2 58 93
1 58 105
39 39 44
0 58 32
3 8 46
4 3 3
10 0 74
3 48 46
11 34 18
0 35 44
5 39 138
4 4 14
18 19 134
2 46 114
2 42 157
9 46 169
0 54 81
0 42 159
206 33 183
2 34 184
14 17 87
0 14 142
48 32 188
1 21 121
30 9 172
1 1 38
0 20 182
323 5 19
1 8 54
0 31 58
6 25 116
1 56 12
4 17 48
606 41 135
0 54 33
3 47 60
1 22 73
0 7 57
15 5 35
0 21 23
41 9 197
7 25 173
1 32 186
5 59 45
0 58 100
1 46 45
1 58 30
1 8 173
2 0 184
18 36 145
0 56 181
5 50 100
2 39 186
115 52 86
16 38 63
5 48 14
1 47 89
1 26 49
0 25 41
11 55 39
0 1 88
0 19 140
22 45 163
557 58 131
9 42 66
0 43 108
0 7 89
6 51 16
1 16 161
12 15 117
0 58 121
0 54 92
1 6 178
1 28 194
2 10 26
1 31 4
1 15 156
0 6 31
0 56 38
1 14 185
27 21 18
4 21 13
3 13 7
22 31 176
0 59 21
1 37 159
14 15 32
3 27 70
0 51 170
0 32 12
1 51 186
2 55 119
3 47 55
15 13 180
13 30 200
0 18 95
77 23 168
0 7 60
0 3 34
51 53 55
6 17 81
24 20 54
82 30 95
57 45 21
6 14 171
2 35 147
2 44 17
6 31 174
78 22 168
0 31 61
0 5 85
10 51 176
1 18 123
0 2 21
0 20 77
0 22 3
2 42 42
32 42 158
6 6 200
16 7 159
63 27 19
0 55 198
0 32 71
0 28 3
0 53 176
2 2 93
1 34 59
1 38 58
57 23 45
6 4 100
0 4 75
311 42 21
25 57 9
0 37 3
19 39 195
2 27 76
48 44 42
0 53 32
1 30 78
0 24 146
6 49 177
711 51 22
0 42 136
2 36 29
0 31 25
1 21 25
1 59 71
1 38 85
3 45 49
6 22 176
24 35 185
0 38 183
89 21 66
359 20 114
0 51 18
23 11 128
0 19 27
9 55 25
2 35 131
1 11 123
0 47 193
1 21 169
1 59 182
0 38 173
11 5 69
73 40 111
30 29 98
0 24 120
0 13 174
8 6 179
5 2 108
0 27 55
0 6 68
0 41 124
0 47 5
0 53 16
0 35 39
137 15 85
4 12 50
8 0 128
3 22 37
5 17 72
0 13 182
0 49 51
2 28 70
15 53 27
0 25 85
0 11 91
0 41 164
9 58 128
54 59 40
0 20 54
0 0 124
0 36 151
0 13 9
12 57 67
5 17 167
3 44 115
1 45 159
6 13 39
1 4 25
0 14 52
0 58 37
608 53 36
16 55 39
10 48 11
0 37 113
0 48 140
59 52 170
6 25 191
0 17 103
1 38 96
16 47 71
1 42 69
6 31 54
0 5 137
1 57 189
7 4 3
0 28 87
14 56 11
0 11 12
653 22 174
0 1 54
1 25 183
24 6 120
2 12 38
0 44 29
0 58 54
0 45 100
1 35 142
17 46 177
0 59 82
1 1 95
0 52 120
4 6 79
3 37 84
3 39 169
0 13 171
0 56 86
21 48 31
94 41 67
0 41 79
329 58 60
21 31 180
6 15 144
11 44 13
255 57 102
31 29 193
1 12 62
0 47 72
8 22 7
0 46 125
1 58 198
138 39 184
0 10 80
1 16 90
30 55 199
0 15 10
70 12 191
2 28 19
91 39 183
4 46 107
26 24 101
3 50 115
2 45 117
2 7 196
657 12 109
1 49 192
4 20 50
0 17 27
30 16 170
6 43 155
71 26 13
1 18 124
13 59 192
38 48 1
0 45 84
0 20 69
0 53 180
3 23 80
9 30 142
0 34 99
3 55 95
32 56 114
6 58 24
75 39 17
0 26 114
0 15 111
600 55 51
0 0 84
1 58 102
1 1 116
5 38 188
0 50 183
7 17 159
1 22 67
0 6 176
0 13 157
1 22 190
0 47 73
0 31 178
0 20 141
33 45 23
0 58 190
296 6 56
0 14 198
0 2 27
4 24 81
23 53 103
0 8 153
0 4 46
599 45 127
4 22 119
1 5 194
22 41 11
1 12 53
5 47 99
3 47 15
10 51 197
8 43 66
3 35 136
0 22 159
1 46 56
6 41 87
10 22 128
88 28 183
5 25 103
2 30 104
75 13 108
0 20 117
223 3 50
0 29 103
2 15 186
26 37 62
2 5 197
2 32 108
10 44 171
1 43 82
0 9 196
0 44 177
0 5 118
4 1 146
1 36 155
4 15 69
2 20 115
0 59 198
2 58 28
5 55 132
0 31 69
8 42 165
1 41 52
0 31 2
6 34 123
513 31 128
9 39 192
4 46 164
1 22 72
5 38 179
2 39 38
0 0 200
2 6 162
3 14 111
0 33 100
2 47 57
29 57 107
0 44 188
1 34 143
62 45 150
478 37 90
1 15 106
33 31 38
14 33 178
5 13 56
1 28 104
1 17 62
6 58 52
1 26 126
7 57 119
0 52 171
1 52 184
0 57 29
18 41 173
0 13 39
4 18 105
105 7 100
3 42 5
295 51 56
0 54 139
8 57 170
0 12 99
0 4 165
482 3 42
13 4 25
486 24 67
6 32 24
2 5 100
56 46 94
4 30 1
0 6 179
43 53 177
16 56 160
8 3 183
17 38 53
0 48 88
7 19 176
1 36 116
0 6 111
5 26 190
6 20 183
6 51 85
8 5 112
80 13 153
1 1 179
2 1 68
6 37 18
5 59 17
0 19 66
0 44 1
14 56 127
2 49 164
3 27 132
27 10 120
0 48 17
0 57 188
0 53 6
2 56 124
5 58 14
0 0 9
1 17 34
54 10 200
0 46 48
329 31 167
0 38 131
534 3 60
1 59 166
0 55 164
0 34 127
0 56 144
17 15 155
0 9 13
3 33 124
1 4 54
0 41 146
144 35 89
2 58 4
0 13 54
0 18 180
246 4 37
105 2 23
71 39 89
0 46 165
44 59 15
0 52 72
0 44 198
2 8 72
8 58 76
0 21 128
1 41 182
0 23 165
28 2 21
1 52 13
134 6 34
0 1 22
543 1 21
0 5 16
0 16 111
0 8 59
1 34 101
5 46 5
3 18 43
0 53 173
32 19 10
15 6 200
52 6 147
114 40 33
6 14 151
0 28 122
0 52 6
0 23 180
0 42 171
1 17 16
1 3 111
0 21 3
0 49 81
0 46 26
62 48 105
0 56 102
237 2 68
1 23 89
0 58 52
0 12 33
3 36 193
2 13 113
9 59 80
1 13 58
6 7 88
1 5 196
0 15 108
0 42 23
0 45 138
80 45 63
1 2 155
105 19 151
39 17 17
0 32 60
28 34 128
501 24 42
25 39 80
1 48 87
0 11 163
19 52 140
11 22 94
1 59 50
0 20 9
632 39 161
0 30 165
0 45 34
2 28 109
0 59 127
0 30 95
21 39 85
2 2 99
0 46 116
38 39 58
1 30 121
4 11 22
0 32 171
78 16 159
116 50 78
1 31 64
17 27 162
146 18 174
2 21 163
17 59 2
0 41 52
0 35 160
3 5 101
3 36 32
0 13 188
9 33 147
0 33 5
2 44 120
2 4 28
1 16 167
4 1 164
0 19 148
0 53 29
1 49 148
2 52 19
0 0 78
14 27 24
0 43 61
0 47 130
22 46 185
3 16 185
24 37 192
15 17 60
0 54 160
0 28 46
0 47 12
170 18 173
0 52 10
10 17 144
8 16 84
0 41 4
0 13 136
0 51 28
1 13 18
50 14 159
489 35 188
0 11 60
1 5 136
4 1 78
0 11 41
2 7 6
36 24 156
0 54 131
5 15 10
4 52 158
46 21 118
2 41 197
4 10 68
14 3 76
1 30 169
2 57 89
56 5 155
2 2 8
15 28 17
15 25 125
1 31 174
0 9 129
0 31 171
0 46 76
1 20 84
185 12 135
2 54 195
0 45 193
0 0 29
6 9 38
0 59 26
0 40 28
0 49 70
1 32 81
0 32 159
2 36 33
192 2 173
0 50 90
30 20 18
5 11 128
118 53 156
3 32 98
2 43 119
0 24 18
0 53 143
30 5 179
1 22 118
0 49 62
28 45 90
33 5 15
135 34 187
5 11 72
10 58 100
0 57 114
3 45 116
10 10 173
27 6 192
1 9 178
56 8 172
6 26 96
34 5 117
0 55 98
290 36 154
9 31 87
7 37 153
1 43 153
59 29 90
0 44 124
2 23 5
0 21 146
2 20 7
476 6 21
4 8 129
2 50 83
8 50 11
2 49 182
4 51 56
0 46 110
5 20 26
31 10 32
479 9 196
64 35 138
87 35 59
2 45 99
0 59 30
0 20 145
4 32 73
188 32 86
1 26 6
0 52 76
0 37 20
0 36 30
28 46 182
23 52 91
0 28 175
148 41 60
0 40 53
27 24 193
6 6 123
98 56 149
0 20 65
140 8 16
0 16 151
43 6 182
9 58 121
12 20 114
87 23 184
0 25 155
1 1 70
0 27 135
67 59 34
0 11 161
29 6 61
0 39 146
1 56 92
242 38 108
97 38 9
24 33 186
0 9 38
8 58 129
0 45 47
0 20 147
1 59 100
2 34 68
8 12 177
3 40 164
2 33 186
0 14 13
30 24 79
0 55 142
561 13 74
1 22 9
0 33 45
0 8 177
10 52 30
0 54 85
13 45 138
0 26 29
1 11 33
335 13 182
0 5 173
24 58 104
0 36 122
1 49 154
27 31 9
0 25 94
4 19 119
0 13 147
2 49 199
0 0 166
0 14 158
8 0 174
11 27 199
18 5 48
4 46 175
27 22 193
0 49 35
10 38 139
0 32 71
6 52 83
7 37 118
149 20 56
578 11 40
0 32 39
19 20 39
1 54 67
10 56 86
2 39 153
0 51 168
86 23 159
3 53 86
32 52 148
3 34 92
2 5 47
4 9 143
65 21 93
0 47 174
59 24 59
0 7 100
108 42 122
0 53 154
16 11 157
2 33 63
164 45 165
0 46 27
1 7 47
0 55 110
1 0 151
0 37 50
3 17 155
0 49 103
0 8 76
3 19 19
0 33 145
0 34 69
25 30 13
2 53 20
2 12 52
10 58 109
1 47 112
1 43 89
17 32 124
0 18 61
3 58 139
0 47 24
4 49 43
5 24 88
0 15 18
15 3 17
93 38 170
0 49 35
0 25 7
4 44 36
0 22 64
0 34 22
0 59 95
27 7 55
13 33 56
3 15 33
2 8 114
0 26 27
3 43 154
0 10 187
43 36 50
65 28 46
6 21 94
0 6 139
0 22 157
0 42 178
0 59 22
0 57 2
4 18 43
79 23 152
0 20 176
0 26 25
0 41 78
0 12 2
16 49 32
0 28 46
0 8 120
3 31 4
4 39 47
0 4 68
161 58 48
671 3 187
3 7 97
8 44 135
30 16 21
0 3 33
0 12 10
198 11 177
1 5 180
2 21 99
0 27 99
1 54 73
84 46 189
2 22 104
0 30 101
0 28 79
1 24 76
6 6 22
2 15 149
2 25 88
4 43 176
72 18 160
0 28 71
63 18 22
3 26 84
4 45 111
110 17 139
2 58 36
1 55 107
11 25 116
0 56 66
7 11 192
1 0 154
19 29 103
2 8 95
3 7 33
1 32 13
6 4 99
0 35 154
0 41 14
0 24 158
0 59 39
0 28 161
242 36 14
0 46 78
0 12 14
2 10 178
40 26 187
271 15 9
2 2 23
4 44 126
1 56 171
7 55 173
275 13 52
0 0 98
9 4 34
34 37 65
2 14 97
8 3 179
0 37 127
0 41 162
51 30 188
4 28 23
43 5 54
13 26 56
1 13 199
2 41 66
5 0 71
4 56 151
4 10 170
0 4 88
69 26 7
0 20 48
6 15 146
49 11 53
0 11 98
16 34 4
0 33 82
1 21 148
0 38 23
5 55 80
21 43 178
4 54 141
17 13 153
0 49 99
1 57 28
0 59 55
0 52 17
3 8 37
2 30 7
0 21 8
0 43 46
4 9 167
0 55 74
0 54 1
217 55 34
1 22 162
1 37 92
5 17 50
0 16 94
3 9 104
0 19 124
0 14 75
3 29 51
3 40 47
6 43 5
6 2 137
0 21 166
91 31 103
4 28 120
0 14 7
0 11 56
2 1 2
0 49 144
3 34 24
5 49 24
14 54 6
0 26 151
8 2 93
0 13 99
2 53 195
0 41 54
56 33 156
0 3 115
762 34 20
221 7 66
2 8 175
9 46 59
0 33 80
9 46 94
76 31 57
0 35 154
3 40 40
0 34 155
4 55 44
0 10 2
7 45 11
3 36 130
85 56 40
0 32 34
34 21 40
1 39 145
2 6 127
0 25 3
7 5 166
168 40 67
13 47 120
0 23 138
0 8 73
1 30 127
2 21 51
2 42 77
1 24 79
42 23 107
2 10 173
8 7 5
0 58 194
12 22 132
4 2 146
4 48 94
19 33 120
0 42 191
1 1 13
14 20 53
55 41 184
1 45 76
641 50 28
18 28 53
0 49 74
15 36 144
64 43 147
1 27 98
0 18 136
0 42 150
24 44 30
5 46 127
23 16 113
5 28 22
349 31 12
61 1 110
11 50 176
2 20 45
115 24 187
2 33 139
0 21 87
182 55 106
0 23 85
1 29 200
380 37 25
11 52 48
7 26 10
17 24 85
0 26 61
251 3 199
57 43 101
0 53 100
2 0 50
6 50 110
0 1 65
3 25 9
2 8 101
0 10 118
0 8 151
11 51 13
1 22 33
65 25 158
5 53 135
0 0 152
4 0 115
0 57 85
4 41 83
0 39 86
1 1 47
0 18 111
0 58 85
178 15 192
40 59 156
0 21 149
0 33 41
12 25 28
0 34 67
214 13 122
1 55 169
34 0 91
2 9 23
6 22 6
8 17 32
5 21 190
2 6 5
0 49 131
6 52 191
5 16 50
0 57 70
1 2 108
0 53 50
324 30 22
0 8 50
155 14 94
0 35 65
0 26 161
140 3 8
3 47 109
2 55 136
0 55 142
4 41 70
62 55 61
0 34 175
23 50 57
2 19 75
305 37 60
0 14 8
26 27 47
8 58 10
2 17 8
23 4 118
19 54 39
0 48 134
1 7 86
0 54 63
158 10 50
0 27 80
6 35 3
0 39 123
0 15 21
4 36 63
3 34 175
1 13 147
25 30 37
0 57 69
4 32 114
179 49 111
56 50 11
0 59 127
29 22 23
0 45 126
347 37 57
0 48 35
1 56 72
0 0 49
19 17 64
0 45 46
2 17 118
3 36 17
4 6 58
8 42 70
11 17 3
0 43 187
1 24 81
0 16 170
0 46 97
13 34 162
595 16 82
14 1 66
8 44 18
693 52 82
1 14 105
4 50 8
0 46 16
0 48 156
75 24 55
0 37 1
11 2 120
0 1 138
1 1 60
148 27 14
0 5 84
0 47 3
1 34 95
0 54 133
0 7 19
7 53 94
0 27 48
44 52 125
2 48 165
1 57 51
0 43 186
0 57 163
1 25 151
1 32 88
9 48 41
0 52 31
0 9 94
0 48 51
36 56 105
35 58 68
1 52 14
0 16 141
2 28 78
0 35 14
3 26 200
0 47 29
0 58 172
2 6 121
0 47 95
4 0 175
5 36 14
0 16 74
5 45 66
0 40 163
0 26 63
0 51 143
4 33 41
0 53 184
177 17 65
0 22 119
2 59 169
3 38 70
4 35 155
393 9 161
5 12 18
5 56 19
3 27 71
10 6 46
2 55 104
11 25 100
1 24 49
2 39 118
3 55 3
2 3 155
21 52 162
1 59 26
4 25 125
2 41 163
5 34 103
0 18 151
25 39 189
0 9 183
71 3 37
1 9 104
1 17 115
0 24 139
1 31 112
32 24 45
5 41 38
17 18 75
4 15 154
0 54 184
29 15 196
2 30 81
2 9 197
0 32 135
3 21 142
1 22 87
3 13 161
14 29 46
2 29 100
3 14 174
0 35 154
1 35 4
2 46 158
0 47 107
0 33 66
0 46 86
7 20 161
0 32 78
10 25 66
7 4 99
1 4 169
6 43 177
0 44 9
0 2 115
0 38 7
41 39 22
1 49 39
13 17 86
14 30 102
1 34 17
1 20 106
727 41 62
0 13 110
8 40 38
629 30 104
0 38 34
11 27 49
7 5 92
0 9 79
0 37 200
66 32 7
772 19 41
2 52 110
84 20 47
0 47 124
273 57 136
0 7 157
1 13 171
1 4 105
0 57 26
0 51 66
0 40 176
0 14 198
8 7 136
11 46 13
1 51 188
418 19 38
4 1 36
11 20 121
0 55 177
2 59 175
6 19 137
5 42 103
605 10 147
2 16 66
56 35 2
0 16 192
1 18 127
9 17 189
20 31 123
430 26 32
0 25 171
2 33 170
19 27 74
26 45 158
19 45 6
146 14 37
4 48 106
1 0 65
3 13 114
109 4 51
43 46 149
2 19 103
0 32 169
0 35 107
0 7 151
1 22 156
6 44 18
58 40 186
1 15 154
7 18 54
5 17 168
4 1 151
0 58 141
1 29 142
0 22 150
0 2 36
4 56 2
168 57 52
9 58 46
1 47 183
0 11 141
0 20 145
4 15 63
20 20 72
47 40 129
1 42 116
20 4 4
303 7 97
0 17 54
0 22 125
0 42 198
26 15 111
3 38 98
1 11 124
27 22 24
0 12 17
9 29 108
1 30 127
0 2 126
32 27 59
2 53 57
32 20 194
22 22 75
11 11 136
0 2 32
5 50 194
4 33 117
1 48 5
90 53 45
0 29 120
14 52 127
0 54 146
3 35 182
0 40 147
23 29 187
105 43 13
2 40 51
2 26 154
2 55 82
3 31 195
0 3 171
1 8 167
0 17 17
164 38 53
4 32 158
8 43 29
0 46 175
0 32 194
0 49 149
5 46 153
47 31 82
2 47 125
1 39 125
5 11 157
2 55 151
335 30 19
0 16 128
0 38 191
21 35 132
1 55 182
14 28 79
0 39 174
36 13 162
2 22 125
2 37 149
2 33 38
0 23 2
63 23 93
21 9 81
1 54 81
3 14 77
149 44 40
0 38 114
26 40 188
5 42 142
2 14 34
0 24 86
3 33 174
0 36 125
0 35 41
0 1 129
1 31 90
304 30 135
0 43 30
0 8 194
3 46 136
13 56 196
79 16 181
0 7 4
0 16 120
0 0 96
2 57 25
8 25 137
24 41 92
0 57 125
1 49 3
0 36 146
2 31 54
0 32 80
12 54 55
86 10 76
0 35 133
0 43 10
0 13 178
5 18 48
40 37 75
0 4 191
0 48 96
8 35 194
0 0 104
3 12 128
12 31 106
332 8 122
0 34 10
0 33 72
2 31 60
2 16 142
0 51 122
0 28 148
0 38 193
0 44 189
4 46 81
1 58 55
3 8 67
0 56 103
1 32 23
15 56 197
0 3 162
12 31 109
0 44 190
1 10 198
0 43 37
0 36 134
19 36 82
0 9 159
0 31 133
0 33 124
77 3 123
0 25 27
1 56 49
13 34 115
65 4 28
0 54 54
24 38 84
1 44 31
44 48 14
2 33 34
0 53 95
0 19 109
0 1 169
76 51 195
0 52 21
0 46 77
4 41 196
0 59 43
4 15 172
0 9 148
10 14 141
4 26 40
0 0 68
3 46 145
2 11 123
0 7 171
0 22 112
77 5 149
16 53 199
1 58 25
0 35 65
15 14 100
19 55 88
1 33 42
45 18 108
21 37 40
2 9 127
0 56 75
0 37 34
1 2 196
0 23 22
1 25 57
3 25 187
5 31 197
3 42 53
1 12 32
6 4 19
9 56 164
0 55 124
1 38 113
2 14 170
0 29 125
1 14 75
0 31 82
0 15 171
1 26 158
0 44 68
0 36 48
0 15 50
0 43 166
2 46 119
3 47 46
0 7 80
0 59 21
1 49 33
0 45 12
2 21 73
0 13 198
84 11 178
1 15 111
0 18 70
1 31 130
1 53 161
551 14 79
14 0 4
141 22 9
1 57 146
0 15 124
37 29 24
298 42 61
68 51 40
13 16 38
6 34 24
8 40 41
27 55 32
62 1 99
0 6 164
0 26 64
3 35 19
0 57 72
29 16 29
0 30 188
0 20 36
1 5 143
9 21 143
3 20 165
0 1 198
0 27 8
10 27 54
1 48 200
190 58 26
24 53 86
0 10 155
0 57 87
3 12 107
0 16 176
0 31 127
19 37 4
19 1 63
0 8 141
35 5 160
0 4 199
2 50 90
0 0 109
0 27 99
0 12 49
0 45 144
0 26 187
85 6 196
0 13 23
5 8 11
6 9 38
7 21 172
29 51 200
3 37 115
29 34 135
13 47 160
1 10 90
1 59 171
22 22 135
5 50 23
0 4 84
63 10 191
189 55 110
0 52 66
1 50 56
0 44 185
23 30 6
0 26 110
133 5 117
10 57 98
0 14 48
0 21 146
12 35 131
2 14 56
51 57 108
15 40 154
1 50 165
1 21 126
7 54 165
23 54 38
3 24 185
1 27 183
24 6 18
0 43 96
2 35 183
2 49 31
11 22 157
45 46 80
6 39 101
7 8 183
573 21 39
0 24 60
1 51 121
19 48 68
2 43 38
105 16 114
0 29 14
0 30 42
0 13 158
506 30 33
0 20 86
1 30 64
31 24 56
5 42 121
2 29 197
15 37 48
0 16 13
508 9 30
0 0 96
0 15 199
2 56 195
52 12 51
0 20 113
15 43 40
0 55 192
0 1 138
0 17 182
2 13 4
2 24 135
0 55 47
2 56 28
0 15 79
0 2 147
23 50 130
1 49 71
0 8 134
0 35 135
609 0 11
101 11 67
22 11 171
70 13 131
24 12 84
12 58 38
3 21 15
163 36 28
0 20 193
0 31 191
0 17 124
0 19 71
9 59 160
1 27 167
0 50 114
10 30 166
4 26 150
2 36 115
0 3 114
0 11 109
3 40 69
0 42 183
2 1 145
1 9 162
5 59 25
8 33 194
2 48 20
1 35 193
3 27 43
19 48 95
5 12 131
36 20 84
2 55 104
47 39 194
0 31 173
83 43 45
0 38 54
2 54 133
0 56 169
16 29 119
1 46 74
2 45 62
1 59 99
0 1 17
3 17 112
5 59 34
0 42 68
2 32 118
32 0 77
1 37 188
5 44 17
8 18 168
2 48 137
59 42 140
1 9 143
1 32 27
1 47 122
0 7 68
15 51 114
0 27 101
1 15 190
1 43 72
1 43 1
0 5 105
1 29 141
0 39 21
3 31 156
13 34 44
256 6 26
0 55 182
0 18 108
0 7 23
91 11 116
23 30 21
0 19 155
69 4 31
8 22 166
5 34 135
0 48 186
2 39 126
31 10 198
0 16 168
0 27 41
1 43 172
0 49 45
1 38 74
0 36 128
0 14 165
188 5 77
0 5 68
128 45 93
40 37 155
1 2 67
6 22 184
1 37 83
1 45 27
30 27 136
5 19 195
105 16 120
9 32 67
6 14 20
9 12 75
67 38 48
1 12 152
0 49 71
2 13 178
10 41 75
1 32 74
19 2 141
75 0 185
11 43 4
6 13 177
4 10 19
0 33 49
0 25 55
1 32 169
5 52 156
0 59 182
0 53 139
2 5 148
20 35 27
226 33 24
0 34 31
10 48 76
9 3 2
741 59 192
0 23 148
1 21 10
6 44 57
0 51 192
1 15 72
0 18 42
1 42 31
1 5 39
0 19 163
3 57 74
0 51 12
0 3 114
2 0 35
0 29 133
2 13 30
11 58 189
1 20 186
3 17 15
6 56 12
12 33 98
0 9 145
9 10 182
1 35 32
2 32 163
1 52 25
240 51 124
8 34 90
3 41 12
0 47 87
0 40 155
1 48 135
7 31 31
3 17 73
0 40 48
2 31 122
0 1 1
0 35 31
35 35 137
0 57 11
124 38 150
0 1 166
1 18 17
334 36 150
2 51 197
0 59 43
0 37 182
6 52 20
0 43 38
135 11 2
3 8 19
0 45 11
0 53 25
1 6 8
3 14 7
95 55 157
2 27 63
4 14 153
0 6 94
0 22 106
0 29 127
307 1 99
0 33 191
22 8 18
2 27 121
2 8 61
447 29 39
2 12 88
0 20 74
1 6 144
0 57 119
7 28 56
193 47 27
4 52 198
2 31 110
1 21 152
283 22 111
0 1 40
0 54 102
12 33 160
153 27 24
7 42 194
15 45 82
9 29 98
0 34 176
1 37 36
0 19 131
0 6 103
28 41 111
22 44 7
0 39 184
6 49 89
26 38 54
237 44 163
0 10 134
3 14 81
1 8 182
1 53 26
0 9 14
8 54 133
19 48 163
0 20 173
0 9 126
0 45 194
26 33 175
8 9 109
575 54 169
21 52 117
2 34 27
2 20 152
131 42 51
0 58 74
15 14 76
5 38 160
2 27 12
5 59 140
9 13 16
0 36 133
11 16 199
0 35 65
0 23 117
0 23 191
5 11 141
17 8 129
1 40 167
1 34 45
2 51 100
2 23 132
2 51 82
3 29 28
0 23 83
0 10 192
4 57 143
0 11 61
115 10 147
0 49 169
0 19 127
0 12 93
1 38 102
0 18 101
0 49 54
51 57 126
33 36 106
0 9 93
0 43 122
1 51 156
0 23 145
0 40 54
1 32 16
39 16 200
258 29 150
2 51 55
4 20 44
5 41 13
0 26 159
4 44 111
19 51 165
0 39 123
0 18 16
0 21 6
0 37 149
1 4 173
73 29 92
2 17 129
3 8 54
127 24 80
24 43 43
0 3 112
0 51 196
1 42 96
0 49 75
2 40 17
21 12 10
0 39 50
1 13 92
0 46 105
5 1 67
0 44 133
36 41 63
0 19 183
1 50 55
0 6 3
3 18 15
283 19 93
0 39 51
0 25 114
7 55 29
1 13 189
19 44 4
37 46 81
3 23 26
4 19 49
48 31 63
10 21 199
5 40 34
0 34 197
5 30 120
4 16 137
8 57 26
28 22 73
21 25 198
1 54 3
2 31 34
3 29 191
0 34 124
0 7 76
0 22 105
3 32 65
254 46 196
646 19 114
7 35 85
0 6 29
1 46 57
0 22 154
5 4 35
3 21 149
0 43 177
0 24 148
0 41 187
571 57 168
135 22 141
0 47 61
2 12 189
10 49 39
3 10 15
0 46 62
0 37 20
25 45 83
0 3 93
9 50 31
470 58 43
1 37 69
0 5 186
16 21 182
1 38 179
44 55 117
2 20 141
0 18 180
6 46 41
15 58 52
139 31 37
11 23 153
0 15 79
0 49 56
0 20 46
28 41 152
2 18 194
51 40 142
128 42 26
1 45 158
0 9 102
2 27 136
0 2 193
12 6 51
2 40 20
1 41 192
0 24 194
1 27 121
7 44 161
2 48 124
14 45 59
1 44 68
3 42 144
2 40 108
13 10 140
141 22 107
2 29 53
0 52 58
65 14 60
1 8 77
3 40 71
0 47 27
147 15 19
0 57 143
1 37 161
0 11 54
0 24 108
1 16 49
5 32 133
38 51 57
2 29 54
0 14 20
0 25 18
15 50 197
15 29 14
5 20 190
0 42 177
1 48 147
0 42 128
4 19 139
2 43 184
14 59 167
13 17 129
15 20 23
0 41 197
7 29 181
0 43 92
4 15 4
1 31 128
1 17 141
0 59 145
16 46 147
0 8 129
4 28 49
0 58 124
1 16 48
0 50 166
0 29 126
2 50 179
1 6 13
3 48 77
0 46 177
0 26 177
61 45 124
0 22 174
122 59 96
47 13 139
2 26 168
0 8 85
536 50 29
217 19 101
0 27 22
0 35 28
1 31 154
7 27 67
2 22 59
4 37 121
1 19 123
0 32 153
230 26 174
0 35 180
0 29 81
0 26 119
187 12 120
0 57 96
0 38 182
20 55 116
1 12 102
0 34 67
34 45 21
0 58 147
11 37 72
0 30 193
0 53 117
0 14 135
1 59 199
15 52 149
3 26 65
192 41 54
2 47 186
2 38 122
0 25 157
4 8 132
7 9 2
22 28 164
0 14 82
60 38 194
0 31 57
0 45 82
84 39 40
0 30 124
0 50 106
4 13 137
0 28 146
0 21 64
3 20 24
45 49 82
0 38 85
228 16 89
61 53 74
3 37 173
58 15 178
0 48 144
77 3 142
6 56 9
2 8 114
133 12 24
5 30 97
143 22 68
0 11 3
2 27 125
0 11 96
36 16 81
271 51 67
0 31 169
1 52 135
0 45 117
2 13 109
3 13 154
20 16 116
2 7 25
3 8 62
0 53 126
1 1 58
0 2 67
6 59 170
8 55 44
0 5 31
2 17 149
0 22 45
0 35 22
0 14 3
40 30 199
169 28 27
6 5 127
1 58 55
1 55 59
0 45 185
1 25 193
0 38 22
54 7 28
0 28 127
18 47 176
3 47 111
22 6 176
0 34 139
0 32 156
0 16 101
0 12 128
0 34 101
200 43 152
1 30 161
3 33 18
2 13 127
0 47 37
271 19 195
0 54 92
0 57 50
1 12 54
0 15 195
1 40 76
4 2 133
1 22 58
1 51 127
6 31 24
0 56 87
1 3 16
0 21 94
0 46 104
10 59 16
17 11 91
9 42 86
0 40 156
0 1 117
2 20 90
0 38 128
0 32 159
3 19 152
1 2 131
16 27 111
1 24 95
0 32 43
11 43 165
0 14 74
1 41 103
5 16 77
0 58 122
4 49 111
102 23 118
1 31 86
0 40 91
7 52 13
0 26 69
161 7 131
1 36 171
36 32 55
0 17 2
7 45 97
11 23 123
1 35 83
0 29 7
4 54 11
23 44 133
3 13 132
4 15 155
0 12 37
17 21 93
6 10 97
0 0 192
2 26 5
0 15 20
0 45 83
0 6 96
1 39 158
67 43 70
0 39 23
83 34 169
181 29 15
0 9 45
0 30 38
74 10 112
34 34 2
0 51 174
39 42 153
4 43 199
2 24 137
7 49 86
40 42 84
2 3 44
0 22 20
0 48 11
0 46 138
197 33 2
0 53 144
35 54 13
33 41 43
1 22 38
13 32 2
1 33 2
2 11 24
1 22 166
663 26 187
0 26 129
1 23 67
1 22 150
6 45 108
0 31 171
0 39 62
0 28 197
2 31 101
1 7 121
11 45 169
3 0 49
1 17 29
178 4 129
0 16 43
135 49 38
4 54 11
0 18 117
21 50 67
54 5 186
1 28 159
0 7 4
124 18 163
0 30 51
0 11 121
8 9 199
0 52 76
3 32 194
13 33 42
5 35 120
85 34 67
1 9 47
597 37 131
3 41 76
2 55 37
1 2 196
0 37 178
1 38 67
1 7 128
0 20 193
1 37 39
6 12 121
335 24 7
81 56 9
0 22 37
520 28 193
0 47 87
0 27 16
514 45 126
44 38 104
2 33 61
0 46 163
0 7 72
0 10 166
57 7 132
1 45 192
0 25 76
0 28 38
1 35 102
18 39 126
0 43 109
265 32 17
0 57 56
0 46 120
1 39 97
0 28 113
1 36 146
0 45 171
0 42 101
2 43 178
1 51 95
10 20 45
4 25 111
3 43 20
6 10 98
2 14 19
0 58 170
1 1 59
0 9 63
26 32 30
0 27 128
0 26 161
0 4 136
17 52 52
0 42 113
3 6 18
2 57 24
2 13 24
0 22 30
1 14 56
10 23 72
0 16 183
35 37 57
0 7 185
0 55 124
21 18 9
17 10 32
0 26 89
0 13 155
2 39 36
8 27 37
9 22 66
0 0 158
0 49 180
6 40 92
0 37 54
51 5 25
38 55 18
0 35 42
1 25 30
5 52 192
10 5 105
84 5 96
32 33 148
40 23 115
0 50 137
2 33 90
0 23 139
86 28 182
0 13 56
2 20 30
0 29 138
1 15 40
10 44 163
7 58 160
4 36 143
10 32 20
1 33 198
1 12 96
1 48 5
63 33 168
0 42 175
3 3 85
1 29 132
0 16 105
0 12 86
16 42 152
44 34 115
2 2 81
0 6 102
2 59 186
2 42 187
10 1 194
1 28 117
7 51 146
18 40 5
1 47 23
10 3 85
0 14 37
58 27 198
0 46 92
8 55 104
99 53 49
62 41 4
1 43 127
1 13 9
6 45 193
0 13 69
19 43 6
3 32 165
1 28 166
1 54 100
7 16 72
91 32 62
1 19 27
688 25 69
0 48 152
0 27 73
18 31 189
1 30 87
0 45 11
519 25 87
4 30 15
0 0 152
3 47 102
0 8 180
0 28 29
10 41 46
0 1 113
2 17 40
1 20 129
85 10 63
60 52 139
326 20 61
6 58 93
1 44 193
9 6 34
0 30 35
0 4 102
5 46 35
152 25 14
0 6 182
22 7 76
10 51 118
22 54 166
9 19 30
81 1 120
0 12 125
2 43 85
1 17 46
2 57 15
0 44 151
7 21 151
0 37 34
22 29 34
22 53 11
0 22 32
0 7 131
53 14 153
100 48 17
0 52 81
0 31 77
4 42 58
0 32 160
9 16 23
0 45 49
44 28 13
10 2 136
154 32 85
28 48 131
4 0 177
341 53 175
1 37 141
0 26 183
0 9 181
0 56 58
30 30 160
4 32 111
1 58 122
140 55 160
5 44 181
0 14 178
19 40 144
4 52 71
4 7 86
0 40 51
0 21 94
4 17 21
1 13 48
4 9 129
137 41 74
97 54 76
2 29 173
0 15 159
0 44 60
765 50 168
18 53 103
3 55 165
12 50 140
5 54 164
0 6 76
34 53 197
17 31 81
1 38 18
186 46 177
0 56 191
9 21 80
82 34 63
39 26 6
25 13 40
186 16 146
20 5 41
7 26 39
0 50 135
0 2 51
0 32 16
0 57 126
0 53 151
1 38 165
10 24 55
15 1 23
12 21 165
0 49 27
40 30 198
16 16 172
1 31 128
0 30 40
9 55 177
0 57 85
1 6 74
127 38 58
0 55 45
10 50 148
59 59 10
2 12 109
33 18 185
0 50 147
3 6 79
0 25 193
3 23 64
13 6 91
1 51 30
12 6 71
0 47 32
4 2 172
0 34 16
58 23 69
0 26 127
0 20 57
0 10 3
0 39 163
0 48 149
2 42 94
2 35 126
0 18 117
0 17 131
1 33 123
0 53 131
7 47 9
95 57 131
3 14 138
0 48 121
7 36 177
46 53 38
1 7 63
0 14 183
56 46 180
1 59 33
0 19 193
2 40 110
0 25 14
2 58 38
3 30 53
2 12 154
0 54 95
0 52 25
8 33 29
0 47 53
0 4 139
5 50 130
35 46 67
249 20 144
12 32 34
0 33 60
0 42 112
3 12 28
0 24 26
0 28 33
1 34 127
47 46 104
1 4 120
0 0 176
0 49 92
174 40 158
4 48 147
8 52 37
8 58 149
1 30 109
0 17 103
0 34 125
12 4 62
0 3 178
0 11 124
29 8 25
0 23 111
3 21 100
1 22 147
0 47 132
49 0 114
0 24 149
2 7 13
33 29 173
2 13 49
25 41 119
0 29 112
0 4 83
0 14 39
1 41 125
4 38 174
3 11 121
263 36 68
3 51 102
39 38 143
0 25 103
0 34 196
0 11 85
55 31 145
5 55 180
3 29 146
2 23 96
0 16 126
1 45 100
10 8 20
0 19 42
1 40 16
2 9 55
5 25 24
0 4 35
141 52 158
0 52 192
0 27 188
0 24 31
1 6 48
0 59 92
1 41 119
9 0 106
40 57 119
0 51 90
13 12 196
45 10 109
313 43 192
124 56 168
0 35 93
9 12 187
354 53 54
0 10 198
99 40 145
0 3 32
0 32 136
1 26 168
0 57 22
10 1 92
0 30 15
796 21 69
0 59 89
26 54 73
0 58 156
17 3 136
6 42 192
0 46 180
6 14 39
36 28 107
0 35 197
12 3 106
52 31 153
24 59 104
0 3 58
1 34 73
0 5 152
166 52 19
3 45 175
9 12 194
60 31 149
0 47 101
0 54 29
6 29 113
0 33 40
3 19 20
4 46 167
4 42 128
2 48 54
1 2 8
0 40 167
7 41 182
0 2 102
19 23 188
27 9 115
3 18 38
1 41 78
9 12 29
25 9 184
228 46 24
3 6 102
23 19 76
0 1 74
0 58 33
4 27 48
0 3 50
0 49 179
14 14 4
0 43 193
0 0 199
99 29 190
12 47 124
21 16 26
16 8 46
2 52 31
8 33 150
27 9 157
9 14 197
59 47 137
1 28 50
143 35 160
1 17 176
13 24 13
53 54 142
0 58 106
8 37 172
0 52 73
8 38 94
68 57 90
0 18 12
1 28 43
94 32 13
2 15 28
3 41 65
422 5 139
97 13 69
0 46 32
0 29 134
2 0 141
0 18 171
2 37 192
0 45 189
0 51 24
0 6 133
1 16 44
0 23 121
439 50 151
143 29 55
4 9 118
6 12 113
2 45 94
2 48 121
19 5 5
0 32 129
16 24 29
26 53 115
108 33 147
0 47 63
16 18 15
9 19 109
19 42 185
679 36 87
30 0 42
17 27 25
3 4 56
1 54 21
175 21 32
8 36 145
78 10 103
1 32 48
1 30 151
9 56 28
77 41 170
0 42 33
10 7 74
21 12 51
0 36 154
19 46 88
1 22 63
0 57 62
0 11 41
0 15 108
231 22 2
0 29 54
1 53 54
13 22 120
3 53 14
1 45 169
1 40 24
1 32 120
83 31 33
3 49 189
1 28 141
0 21 75
0 49 86
138 12 172
35 18 196
133 2 119
1 28 172
29 19 41
3 26 95
89 8 164
83 50 151
0 38 129
0 5 74
0 30 50
19 40 59
36 29 107
10 9 132
4 57 110
0 59 91
0 20 160
182 55 62
11 57 154
9 56 58
1 33 176
3 37 143
7 46 147
0 54 15
292 52 87
31 59 194
0 18 25
193 1 74
1 39 104
0 3 35
2 54 99
1 31 165
5 51 168
1 59 103
1 17 146
0 47 132
1 54 66
0 56 71
0 11 51
22 8 167
46 58 73
37 0 99
53 10 5
2 52 65
2 51 175
1 30 184
0 46 107
0 38 101
353 39 100
1 27 18
9 39 180
12 20 118
164 12 63
28 31 11
0 42 93
10 15 107
2 1 34
3 11 135
0 0 113
2 26 51
125 54 117
0 24 175
0 56 61
2 49 45
168 22 38
7 39 47
7 12 27
2 16 98
2 17 78
3 51 81
4 58 99
0 39 39
0 31 123
40 8 79
16 8 18
23 3 76
12 13 160
0 54 54
0 0 106
1 36 74
0 55 101
31 7 154
0 26 121
0 5 68
3 20 39
248 40 68
0 34 199
37 51 35
1 56 82
2 36 109
38 46 29
1 5 4
113 53 89
4 20 169
0 33 134
0 40 15
1 22 120
5 48 171
9 35 165
2 28 82
7 6 131
159 35 148
0 8 107
0 25 42
4 13 167
460 11 159
2 41 13
11 31 111
33 7 1
0 6 143
5 43 143
3 41 35
1 54 193
30 59 56
0 41 52
0 59 170
191 16 51
0 11 127
1 19 121
13 56 104
0 58 143
0 55 198
2 26 15
1 12 139
0 25 189
6 9 46
0 1 199
1 54 44
0 54 35
64 33 37
0 30 86
4 59 131
4 51 95
8 33 130
0 15 152
682 45 174
31 4 111
0 42 86
58 22 56
0 25 121
3 2 27
3 16 59
7 32 125
318 23 21
1 15 8
0 27 199
0 18 2
25 26 165
1 10 189
0 44 122
0 7 75
0 41 163
49 29 195
6 28 35
304 40 10
0 21 43
3 58 17
157 35 183
6 37 16
18 55 199
6 41 184
1 48 67
242 58 59
0 20 158
0 17 79
73 28 90
3 22 178
1 54 132
72 44 38
5 37 101
2 33 123
0 36 94
12 18 7
0 12 119
6 42 47
3 19 181
54 43 12
5 45 77
1 3 84
213 41 167
0 33 196
5 29 124
1 51 123
0 36 36
8 55 4
18 30 111
3 12 78
5 40 59
0 32 142
2 59 193
0 5 96
1 3 107
2 19 31
0 25 182
42 28 114
0 30 67
0 30 180
15 1 100
13 31 151
0 5 58
3 16 36
30 59 155
1 34 72
13 11 50
0 55 114
689 25 59
123 16 1
0 28 149
3 1 48
1 28 36
272 48 129
2 32 30
0 18 161
22 37 115
222 35 92
1 1 166
18 23 192
33 9 98
1 12 131
5 6 193
49 16 97
33 16 77
2 59 19
4 1 169
2 36 26
8 38 104
2 51 2
0 6 112
8 19 176
4 23 49
17 17 11
1 42 150
1 10 38
1 44 37
2 37 17
3 49 199
0 31 190
107 45 159
5 52 17
24 57 95
2 56 18
49 43 153
13 12 60
0 49 141
0 23 63
0 30 100
20 13 1
7 28 176
3 17 1
122 25 46
28 51 194
0 26 108
0 59 107
0 24 98
5 0 156
0 42 111
27 15 42
0 47 10
5 33 122
0 28 6
8 54 179
5 39 145
16 27 107
0 49 26
7 37 56
6 51 51
5 5 171
0 22 64
3 23 19
3 48 38
9 7 47
3 56 62
0 40 99
1 21 61
148 46 47
10 45 180
2 26 10
195 24 143
4 2 121
0 13 161
1 46 161
567 15 173
0 7 54
5 55 125
1 8 194
3 7 186
316 53 51
79 27 53
0 48 181
4 21 60
0 38 108
1 40 143
23 54 47
18 10 86
2 7 60
11 46 83
6 13 88
0 6 51
0 54 176
18 42 139
0 24 24
3 12 33
85 29 120
0 41 4
78 33 104
0 15 181
0 31 65
25 40 60
0 36 107
145 6 74
43 52 138
51 1 183
0 21 119
0 43 24
1 3 128
36 42 118
2 46 32
9 58 83
2 17 191
125 20 46
0 19 129
155 46 65
2 6 14
147 39 176
0 0 148
0 20 97
1 17 128
2 28 106
31 31 10
11 8 122
4 38 43
0 42 7
0 12 170
0 5 88
0 53 166
86 7 179
2 26 47
0 20 28
0 16 33
0 25 95
0 54 146
4 6 171
1 44 168
0 35 4
28 25 18
0 13 146
20 29 127
0 1 190
13 22 36
43 8 19
1 25 88
2 50 28
0 16 190
0 40 41
1 17 53
783 50 166
19 17 95
7 53 128
0 23 119
2 17 184
1 39 43
3 46 72
0 49 133
46 35 40
71 47 187
3 38 124
0 22 164
2 57 141
0 57 135
38 13 129
2 17 157
16 40 148
4 19 132
0 56 19
1 55 191
5 34 128
3 15 197
88 23 112
89 18 27
373 4 20
7 51 53
2 45 20
2 13 28
0 31 74
0 27 150
0 13 61
18 52 152
6 44 199
1 31 195
4 40 169
78 13 26
7 24 153
6 20 123
4 6 170
3 53 142
0 4 144
48 6 32
4 59 81
0 21 13
2 55 167
90 12 62
69 14 64
283 21 34
1 46 113
0 12 46
9 26 93
193 47 126
5 45 94
0 59 66
0 3 137
18 15 186
278 45 170
2 41 15
92 13 96
0 15 61
61 3 167
1 25 160
275 19 159
36 37 15
6 28 167
11 35 30
425 37 22
144 7 72
41 6 92
0 30 25
3 18 179
0 24 73
8 18 67
578 33 67
16 57 195
23 14 61
0 24 97
0 14 30
6 40 107
0 18 21
0 14 142
1 21 51
15 45 190
13 17 14
1 18 113
4 17 65
1 8 196
23 37 15
2 35 46
13 29 38
0 10 144
46 37 141
1 33 7
1 50 162
26 44 173
0 51 161
216 58 86
0 40 104
15 52 144
0 46 96
0 56 148
29 56 56
2 9 9
72 5 16
1 28 54
3 47 143
0 5 5
1 36 39
0 28 186
6 52 184
6 31 105
3 14 72
8 37 35
0 52 125
0 29 63
0 31 82
5 22 81
2 50 65
11 53 2
0 16 37
204 8 51
0 42 158
0 46 42
2 12 13
8 14 54
275 58 173
4 40 200
4 15 175
3 10 136
0 15 59
5 23 119
1 31 165
0 23 96
1 20 187
104 56 112
3 58 196
233 59 109
431 32 173
20 4 58
9 32 135
0 22 199
0 18 51
3 26 75
0 4 176
113 37 98
36 6 53
5 32 29
14 18 173
1 57 108
24 29 188
324 2 187
15 46 89
40 42 165
45 58 2
10 2 118
197 56 92
44 6 149
5 44 166
0 23 163
4 29 176
0 23 105
0 32 186
3 44 139
2 31 27
0 15 69
0 3 161
0 27 27
0 33 23
0 4 102
1 20 108
1 38 97
0 23 49
0 58 144
1 5 188
0 20 91
609 56 8
0 29 189
0 27 184
56 32 82
57 11 175
3 23 1
23 30 79
13 11 98
109 6 34
1 16 197
81 47 45
0 30 69
22 43 28
1 46 92
0 29 133
0 27 162
0 33 22
0 59 161
0 16 48
0 57 36
0 31 169
1 47 116
0 34 191
0 10 163
2 42 53
27 28 45
5 44 140
0 51 113
0 10 100
1 4 65
1 50 17
0 23 109
0 19 161
0 42 103
1 10 1
37 49 181
1 40 131
2 39 63
10 23 85
4 29 170
3 54 65
4 50 109
0 6 89
127 40 43
522 20 14
4 33 74
1 30 48
2 20 138
0 12 146
0 23 159
0 45 120
3 33 78
0 38 174
2 11 37
1 55 105
8 47 189
4 56 175
2 12 54
1 17 22
0 9 98
0 36 70
198 54 60
1 12 141
1 53 198
5 48 174
0 47 159
0 34 195
4 34 61
4 0 47
2 24 52
5 2 159
0 24 166
5 57 102
5 57 78
7 14 141
2 40 89
0 32 87
12 30 83
0 44 36
1 21 165
0 27 22
0 33 166
0 6 168
2 38 140
11 2 186
96 32 144
8 21 32
14 52 96
7 23 119
2 39 140
75 50 190
5 50 71
1 19 103
0 25 87
13 5 105
18 6 155
105 37 51
54 58 135
6 49 143
1 53 6
0 45 102
15 13 24
1 27 109
0 38 38
0 0 4
0 0 196
0 9 191
34 4 71
1 42 70
58 40 35
287 9 17
7 36 193
0 13 94
14 11 35
6 16 132
155 42 109
1 54 133
4 17 112
0 51 195
0 56 15
4 29 40
6 38 65
26 24 164
8 3 166
0 37 128
18 32 107
0 19 136
3 35 152
36 27 6
151 35 26
0 10 165
3 49 65
0 42 42
0 20 96
6 46 81
1 45 186
713 23 61
0 21 47
0 49 197
0 4 169
5 45 92
0 42 121
50 45 127
2 57 8
11 38 174
30 47 74
0 59 180
1 19 148
5 29 102
0 55 116
60 42 41
2 4 151
0 14 3
2 14 26
0 43 57
2 55 184
80 48 167
1 41 68
160 26 133
0 26 71
1 58 117
2 59 89
0 54 129
96 35 159
0 51 140
1 24 184
0 8 95
0 25 195
0 18 21
11 41 138
2 57 106
181 10 22
1 50 109
8 59 66
6 35 132
7 36 40
2 48 27
5 48 188
4 45 92
0 19 144
0 17 102
4 21 58
1 13 85
1 47 97
1 46 32
0 40 107
0 20 27
0 21 74
7 40 27
448 57 110
289 38 78
123 45 193
1 38 8
5 1 135
0 37 137
0 51 161
12 25 10
2 59 39
2 6 58
4 33 2
5 32 147
9 0 192
2 47 155
0 56 130
3 57 56
0 27 185
295 56 194
0 10 152
0 6 126
0 28 77
148 10 4
4 15 122
0 44 64
3 5 190
0 11 99
2 31 168
2 39 33
2 53 163
0 40 5
0 37 50
2 58 185
211 27 3
383 2 78
25 19 73
0 26 187
2 48 177
2 19 29
464 50 128
44 25 7
12 52 8
1 31 116
0 33 69
2 12 112
10 47 52
101 24 139
2 52 6
3 12 156
2 17 157
0 40 140
0 52 54
0 30 34
0 26 80
12 6 126
8 8 189
5 45 20
0 44 111
41 44 199
0 21 185
35 52 144
0 2 67
3 31 89
3 23 75
0 39 173
2 15 83
2 13 24
7 34 110
0 58 163
0 21 19
0 55 87
0 27 61
10 56 104
55 55 177
1 47 130
2 58 157
12 10 99
0 6 59
0 17 60
0 51 177
10 22 163
1 12 85
0 58 124
0 47 44
0 45 11
0 24 78
57 34 47
0 17 165
3 18 72
4 54 143
6 49 166
1 25 87
0 43 103
0 7 199
1 49 190
9 24 160
124 56 87
1 53 76
171 18 104
7 38 73
14 7 56
0 28 182
17 47 51
22 2 71
4 54 31
4 23 190
0 26 39
8 45 68
7 45 70
4 40 8
0 52 11
27 12 147
11 4 41
1 8 14
4 25 195
11 54 144
8 34 121
1 35 76
1 12 125
3 18 150
65 43 112
0 24 75
0 38 98
0 14 112
5 27 161
11 12 78
3 22 149
0 27 135
16 6 187
0 21 73
52 16 7
0 46 19
2 22 129
15 44 178
5 58 8
2 57 164
0 30 72
1 8 45
4 59 73
1 10 86
0 21 168
23 11 139
0 15 150
33 20 110
3 4 171
1 28 169
37 20 15
3 39 119
13 0 52
0 57 94
35 28 104
0 49 192
111 21 192
0 36 154
8 46 1
3 14 25
0 46 114
0 28 88
0 10 37
0 16 191
1 42 136
0 48 3
11 40 183
12 37 191
8 18 89
0 7 57
12 35 90
0 58 5
5 33 17
3 46 56
16 37 8
1 28 163
1 19 140
14 35 31
0 53 175
0 40 21
9 6 54
19 41 116
0 48 106
0 7 68
3 53 94
11 43 168
359 6 8
0 57 171
0 51 111
1 38 199
3 46 187
20 45 135
0 24 72
489 52 84
0 58 143
1 38 183
22 52 33
1 27 59
5 42 54
0 15 68
2 9 111
292 52 40
0 49 100
0 24 44
0 12 187
20 54 159
0 9 99
96 9 59
4 18 4
0 16 188
495 55 177
9 6 30
0 54 32
0 7 166
5 36 46
18 14 162
1 6 107
0 44 44
1 19 77
0 21 192
0 29 191
40 45 27
0 39 103
1 20 71
1 24 165
6 40 34
11 52 121
21 29 67
37 3 62
0 29 9
8 18 192
4 57 14
2 45 49
1 54 24
3 1 94
0 47 32
720 32 148
0 4 17
4 17 20
15 9 54
0 2 103
2 49 105
0 34 119
66 20 157
0 25 67
0 5 43
1 19 163
2 43 180
105 8 114
0 32 77
11 31 4
0 1 97
7 59 10
3 46 120
17 36 128
0 24 24
0 43 103
17 6 21
3 46 185
0 33 156
1 13 41
11 55 105
159 29 97
0 51 32
8 9 66
2 24 140
26 25 61
0 35 70
0 42 138
0 58 104
67 59 45
13 7 64
0 0 132
0 12 193
24 24 39
0 12 27
2 26 76
7 39 117
2 22 54
10 8 15
33 56 128
2 30 31
0 21 27
0 27 108
20 29 93
501 42 142
7 1 76
4 52 39
2 41 138
1 28 137
0 16 175
10 1 189
0 4 29
8 24 38
340 47 158
0 36 163
0 52 160
0 39 106
0 55 5
5 46 38
10 33 75
2 44 83
117 50 127
3 38 159
1 44 41
20 56 74
25 12 148
0 56 156
6 25 179
39 3 70
33 50 134
17 49 149
1 34 84
0 39 111
17 6 114
791 28 114
38 45 53
8 55 63
0 0 63
282 10 135
43 34 165
5 14 171
57 21 122
1 37 148
41 23 14
1 6 160
8 13 107
0 43 29
0 13 9
12 25 16
4 2 93
0 52 9
0 28 99
85 40 19
1 32 60
0 14 188
0 30 72
1 58 91
2 33 41
15 26 137
240 7 162
0 25 78
0 31 140
0 35 24
0 56 128
0 12 130
1 57 141
0 2 23
98 2 2
0 24 62
0 1 74
0 36 76
40 45 2
0 17 168
1 47 135
0 37 139
0 20 68
1 48 38
23 26 178
1 1 35
7 19 47
3 3 21
1 30 136
97 43 181
0 37 14
0 44 160
1 25 3
0 37 189
0 39 66
0 26 107
422 45 138
0 34 98
0 8 123
0 59 69
0 22 62
27 42 189
178 41 83
0 58 27
2 40 156
0 33 66
1 4 101
1 33 103
6 27 189
7 59 60
1 14 101
0 3 64
5 49 66
33 38 77
0 5 137
0 53 124
739 24 24
5 22 134
0 19 148
6 33 136
5 12 110
0 56 160
2 0 38
33 3 12
0 23 59
3 1 18
0 26 39
1 43 115
0 10 141
0 12 23
0 9 132
43 2 64
1 36 96
137 49 199
1 2 115
0 2 14
0 46 120
0 47 188
0 15 196
1 1 74
10 5 95
0 34 160
0 19 110
210 44 32
37 51 48
641 47 156
475 17 41
0 22 101
5 4 48
6 11 151
24 24 139
8 59 76
40 18 149
2 50 37
20 19 168
16 53 125
0 20 35
7 36 199
25 42 111
0 8 45
5 8 120
0 24 22
4 37 192
2 13 43
0 7 31
15 35 4
39 8 190
63 12 113
179 55 80
1 12 54
12 52 181
18 34 192
107 31 161
1 43 98
115 40 31
1 17 199
0 12 108
4 11 11
0 56 177
4 17 24
0 1 106
27 5 53
0 18 28
12 28 96
83 39 129
490 33 75
5 47 175
0 12 42
0 58 16
1 23 13
0 34 180
17 27 114
1 32 128
0 21 199
0 14 11
0 34 10
2 35 199
0 55 118
701 6 160
6 48 178
2 52 112
0 8 199
2 29 192
0 0 117
49 30 183
67 7 168
0 28 189
4 30 55
3 55 39
0 43 196
4 57 79
6 40 70
504 41 188
22 22 47
8 36 95
1 33 54
0 26 131
32 46 75
1 8 165
176 6 100
0 25 140
8 33 53
3 51 177
82 1 119
0 0 1
0 13 86
14 33 78
11 32 34
3 3 44
0 33 34
9 16 22
0 1 132
18 16 188
51 53 86
0 1 56
23 24 116
344 51 197
0 3 30
3 51 127
6 20 129
7 35 153
0 7 52
13 56 149
7 29 62
0 3 160
0 51 197
1 2 197
9 14 166
8 20 149
1 46 183
648 52 43
2 5 141
4 43 55
6 39 198
1 33 156
0 11 108
0 43 194
17 33 31
383 31 74
18 12 5
4 48 28
1 29 56
3 30 63
6 37 159
0 39 188
103 40 109
5 42 110
9 10 163
3 33 123
0 16 40
0 13 99
17 27 102
0 48 93
1 50 90
48 24 142
0 34 3
0 42 82
4 19 199
0 57 111
7 5 184
1 17 82
0 34 50
4 51 100
0 17 74
0 16 199
24 5 186
5 36 185
2 27 97
1 28 42
2 14 63
3 30 153
0 57 81
2 29 161
2 8 137
1 49 94
22 35 132
7 2 37
0 28 48
1 5 133
19 57 166
0 32 161
43 58 139
0 5 60
0 8 15
0 35 46
1 30 121
42 53 198
5 27 177
7 42 176
3 22 153
0 15 184
3 59 74
0 2 130
1 57 101
5 29 49
56 59 174
30 26 69
455 7 33
8 32 200
12 54 132
50 30 24
3 40 174
18 47 178
577 56 15
292 22 8
0 52 70
163 8 197
3 37 173
0 51 43
0 48 129
0 39 114
0 46 169
0 2 3
82 10 25
6 59 192
2 53 179
86 3 56
5 25 33
0 28 131
1 58 171
1 49 163
1 5 13
2 6 73
1 2 56
6 35 95
1 57 173
0 46 23
0 5 100
0 9 87
5 52 122
1 29 43
1 59 19
30 58 96
0 7 160
2 42 39
6 57 32
0 15 23
2 28 24
6 29 141
0 48 62
0 1 113
1 33 199
1 40 157
12 5 30
5 46 52
278 9 23
11 5 155
2 18 125
2 33 8
0 29 30
25 25 86
0 37 54
1 8 81
1 2 28
8 21 74
1 22 153
3 42 18
0 38 119
3 51 62
3 36 95
1 0 10
2 51 8
2 34 91
0 23 116
0 13 65
0 8 179
141 26 27
0 35 146
2 5 10
13 1 158
4 48 29
10 12 67
0 48 105
4 35 173
11 27 186
0 33 138
13 47 160
66 15 67
1 3 111
2 39 180
2 19 35
1 23 151
104 47 48
15 51 86
127 42 141
3 19 177
0 42 196
3 25 37
0 19 27
66 41 15
0 38 60
73 40 44
3 20 36
88 14 200
0 38 1
1 3 153
0 12 92
77 58 52
585 39 166
4 58 17
1 4 106
29 53 157
1 5 181
24 52 41
0 41 57
5 50 197
4 53 48
1 9 144
0 6 200
1 23 114
1 44 82
123 28 12
14 19 38
3 18 153
11 30 25
566 44 131
4 3 87
1 39 100
35 54 135
101 17 110
9 28 76
2 3 45
5 53 103
1 57 112
36 41 80
5 20 98
0 4 79
22 59 26
367 4 24
5 48 112
1 40 33
0 5 173
176 42 121
1 48 185
1 41 21
3 32 90
4 18 161
356 33 63
0 50 146
3 41 113
0 2 105
0 29 117
34 19 142
1 28 115
3 19 185
9 9 79
18 38 11
9 13 183
1 14 123
15 42 118
215 38 195
38 31 107
6 2 200
8 50 200
0 42 45
63 17 96
226 16 196
0 27 116
0 1 184
0 43 85
14 34 112
0 43 87
322 5 14
89 28 43
0 57 169
32 27 130
55 56 75
1 47 109
0 42 11
12 41 70
0 3 165
19 13 131
2 22 185
23 4 141
9 38 125
0 21 8
269 54 144
0 32 96
3 51 200
1 45 127
2 48 166
0 54 95
13 40 135
0 29 197
65 46 6
47 37 158
2 0 18
76 21 154
1 4 177
0 31 140
73 7 64
4 20 48
0 39 188
0 15 26
4 20 51
3 3 191
0 11 75
0 45 163
1 46 113
75 46 143
3 9 118
2 12 145
50 17 15
57 8 46
0 59 179
0 0 44
121 28 108
1 29 134
85 48 140
0 29 27
405 0 45
5 4 72
2 8 185
4 8 100
16 52 179
0 47 40
5 37 192
2 36 185
0 53 175
2 34 51
0 44 111
103 47 100
0 47 1
0 27 62
0 31 57
2 9 164
0 23 69
0 20 63
1 28 165
4 9 20
0 1 162
0 33 113
6 11 118
0 30 147
42 35 39
1 42 117
14 38 196
27 33 1
0 18 16
4 35 113
213 47 14
2 1 152
2 37 146
0 12 111
0 35 183
0 39 124
327 51 10
0 57 193
25 37 187
6 33 34
3 53 183
0 58 67
3 27 80
263 27 123
79 6 168
2 34 118
0 42 67
10 53 84
0 41 131
0 49 100
6 11 191
9 0 100
3 49 71
4 17 145
84 50 59
4 13 146
1 53 195
1 56 121
3 36 158
3 59 199
0 6 87
0 57 153
0 34 85
11 36 150
5 16 104
129 11 53
1 3 134
0 59 122
0 27 180
620 26 168
5 12 41
0 32 177
0 45 160
0 6 138
0 59 101
8 39 26
2 30 29
3 44 150
0 24 49
1 18 22
0 19 16
0 27 117
4 6 67
0 22 46
3 20 20
24 22 185
0 25 131
0 12 16
0 58 162
1 3 159
0 18 199
1 44 25
2 36 25
2 39 2
0 10 95
3 11 160
1 27 19
1 40 175
1 40 103
2 46 115
46 6 200
0 38 130
38 33 163
0 26 190
6 15 3
3 46 153
0 12 87
4 43 198
71 45 28
1 30 95
1 29 177
40 20 172
1 18 150
18 4 130
18 18 128
0 39 130
24 33 50
229 59 29
36 37 97
0 21 54
1 36 40
10 20 53
37 39 196
31 46 25
38 44 167
2 19 139
0 39 144
6 57 178
0 25 189
4 51 143
95 17 178
1 32 170
0 40 40
214 22 108
2 49 65
2 11 13
1 5 155
1 9 27
0 19 36
1 30 76
0 15 22
0 38 125
27 36 134
0 45 185
2 25 52
0 11 7
2 55 199
0 52 4
22 58 157
0 17 159
2 7 69
470 1 179
0 34 5
24 5 182
428 30 162
2 38 15
0 22 167
46 58 25
4 37 108
1 2 75
8 42 138
0 16 81
15 43 42
4 39 174
48 35 40
15 21 19
0 14 116
0 2 166
39 24 72
0 16 37
1 8 73
0 39 172
0 38 137
0 42 47
115 13 127
11 18 79
5 27 167
2 53 196
3 0 99
23 10 112
0 57 165
465 50 120
2 12 149
9 17 93
110 4 160
11 35 82
15 43 60
0 16 70
1 53 78
42 17 155
0 14 145
14 32 36
0 29 176
0 40 26
70 27 119
0 3 129
0 6 30
11 35 177
0 27 168
0 6 51
1 26 158
0 15 103
1 46 14
1 33 159
8 53 22
1 18 22
8 34 131
0 48 9
0 6 45
0 54 176
62 33 27
21 47 96
9 43 97
794 46 108
5 45 87
0 4 7
6 10 156
21 53 172
3 2 158
17 37 123
163 40 92
0 39 106
6 43 163
1 41 67
4 23 12
0 48 131
21 45 67
28 0 167
1 30 127
351 58 131
0 17 35
257 55 54
2 49 148
6 18 124
0 1 45
0 56 85
1 51 53
0 5 68
0 3 162
8 1 22
0 56 70
0 23 67
0 47 6
3 49 152
0 24 194
0 28 76
3 4 43
2 25 123
43 0 102
4 4 65
49 41 83
3 19 154
2 28 111
0 25 178
8 6 171
24 12 148
49 6 55
0 5 71
78 6 180
1 24 186
1 19 146
0 48 169
2 59 141
1 27 59
0 46 110
1 5 98
0 49 14
1 41 134
199 28 11
8 34 97
0 8 12
3 53 48
4 32 175
1 2 161
185 39 88
8 5 119
1 2 136
0 12 2
22 43 135
0 51 117
4 42 115
0 18 132
1 5 45
47 30 189
0 34 126
0 34 165
1 6 60
2 48 34
1 23 101
0 31 19
0 53 173
13 36 102
1 19 47
7 39 22
0 12 18
5 1 189
4 55 9
1 12 49
61 4 162
0 43 159
4 42 44
27 0 109
0 34 13
1 54 161
0 29 64
12 1 157
0 43 46
2 50 140
0 12 35
20 34 139
1 16 7
0 2 68
12 27 169
11 4 60
0 19 18
3 50 50
99 5 69
5 51 100
14 6 95
0 56 16
12 31 27
3 11 198
45 12 169
0 38 22
0 4 92
1 2 85
0 31 175
0 16 101
0 18 94
34 6 4
9 7 16
0 52 17
0 27 54
120 53 187
3 31 70
37 30 147
12 2 89
25 47 200
1 7 52
0 5 15
1 38 49
0 39 132
0 27 113
0 16 21
39 30 38
58 39 187
0 58 195
277 38 23
0 59 145
0 57 129
6 9 138
2 43 190
3 50 188
0 23 121
3 16 199
4 42 126
9 15 91
153 16 158
0 22 197
3 16 80
3 41 133
0 14 158
14 41 50
2 50 124
0 44 181
0 31 31
0 27 58
130 20 57
4 9 124
3 8 122
2 3 163
2 45 109
0 36 123
4 59 70
53 38 138
1 19 175
2 33 153
2 24 117
1 35 140
0 12 25
7 38 50
17 23 111
0 57 35
1 34 200
0 15 106
0 56 123
1 48 40
6 22 140
0 39 159
0 41 160
8 22 50
5 57 89
0 16 50
0 23 140
120 5 21
2 7 93
2 45 20
682 50 139
55 11 53
19 9 86
1 3 132
0 42 153
1 41 196
0 19 141
28 53 36
332 25 108
22 49 47
1 10 39
2 41 25
3 29 91
31 46 28
24 21 118
1 57 98
0 2 57
6 18 71
1 42 157
30 35 189
67 31 110
4 6 19
4 40 147
0 23 67
11 47 135
10 2 153
0 16 118
17 58 75
404 17 34
13 27 43
1 19 154
0 25 5
6 58 61
0 58 33
0 22 154
1 14 176
2 42 157
0 13 91
1 59 12
3 19 56
4 43 112
0 41 143
0 23 180
14 39 54
715 58 21
0 51 66
0 40 87
0 50 67
97 48 130
23 50 120
4 23 193
4 57 101
0 46 97
1 44 71
1 0 162
5 6 126
0 44 111
1 5 80
0 33 183
0 38 32
5 26 149
23 1 117
5 56 54
51 33 43
2 55 90
2 17 114
0 48 45
71 46 142
71 2 124
4 54 142
0 2 30
0 7 149
1 12 164
0 38 102
0 51 161
1 4 129
30 36 37
42 50 186
0 46 82
2 57 143
0 37 41
11 22 154
0 11 124
2 32 167
0 32 104
203 57 48
1 54 3
0 47 78
7 49 178
3 13 173
36 37 177
0 31 180
3 15 146
31 19 139
6 14 158
1 16 137
73 32 127
1 17 127
3 34 86
0 40 140
0 4 19
44 37 127
19 8 124
1 52 78
175 12 128
24 6 126
4 44 41
1 18 109
2 7 125
10 55 181
0 0 60
10 48 20
0 3 183
116 38 141
2 51 161
371 34 6
0 16 104
4 10 80
0 37 134
0 49 136
0 25 102
1 37 129
1 18 79
0 28 81
0 11 131
1 14 200
2 56 138
2 2 7
19 58 13
2 5 92
2 42 181
0 29 125
5 0 151
39 43 102
27 31 166
3 21 169
0 54 111
0 25 41
7 50 18
14 49 95
36 17 12
8 29 144
0 31 45
0 32 179
0 50 46
2 18 159
0 24 74
9 24 41
14 30 49
28 50 47
0 7 48
6 34 90
67 15 15
1 52 83
222 3 60
0 56 107
79 16 147
0 4 102
175 43 196
0 25 99
0 49 180
3 20 105
11 44 198
11 18 84
0 23 31
8 18 181
423 38 60
7 2 114
666 26 125
0 48 57
190 6 166
0 17 125
0 42 147
6 41 167
0 12 131
5 18 20
23 50 85
1 33 53
0 15 3
3 0 155
0 18 39
0 42 36
0 22 176
0 53 158
1 29 88
35 46 64
30 48 63
0 24 196
0 36 73
0 49 43
1 28 114
0 10 3
2 26 130
11 44 163
0 32 29
25 29 171
0 41 119
3 10 15
9 36 52
0 18 31
30 22 22
0 36 127
16 30 128
2 48 181
0 40 31
7 50 137
0 33 131
7 24 190
718 3 21
0 49 100
0 4 103
2 24 59
230 3 5
0 57 65
0 19 48
12 21 190
0 1 200
0 54 111
0 33 196
5 24 135
58 32 18
0 52 180
4 6 44
0 55 57
1 21 83
28 58 60
4 52 92
0 8 109
6 43 142
4 5 105
1 30 94
6 10 78
26 23 42
8 49 68
3 29 194
18 21 55
6 35 130
0 47 181
47 40 164
83 59 25
1 55 13
1 24 129
123 44 186
2 5 141
0 46 129
130 15 106
14 13 53
0 50 128
3 27 184
0 57 68
69 42 95
0 45 102
14 8 131
2 22 182
6 37 178
3 43 38
4 31 96
0 13 8
16 39 46
0 36 139
0 48 157
22 20 11
0 13 131
4 52 129
28 19 59
11 52 91
0 8 20
38 13 9
19 54 8
0 55 187
0 25 122
0 24 146
1 27 200
14 1 98
0 25 89
1 50 140
0 39 168
487 37 97
64 25 120
0 54 7
13 2 145
1 19 31
1 59 189
124 2 32
0 48 45
0 51 50
0 12 66
6 57 33
2 26 46
2 13 57
0 10 186
2 18 1
27 1 179
0 49 8
10 45 175
129 16 119
1 31 10
0 31 186
1 3 145
2 4 66
0 10 13
3 58 169
3 11 122
1 58 18
194 34 182
3 10 2
74 49 81
0 47 158
72 2 114
17 25 160
4 41 65
4 57 57
0 38 90
1 46 88
53 31 108
1 26 101
1 7 97
4 42 55
11 33 122
0 1 74
4 22 94
0 28 82
7 0 182
0 56 127
0 2 91
0 23 156
0 37 45
0 53 164
0 30 4
4 17 127
2 49 127
1 39 58
0 11 163
0 6 108
19 53 63
1 53 127
0 36 11
4 33 91
0 53 180
2 19 178
0 0 143
3 45 11
0 9 173
0 49 5
0 29 187
0 24 17
0 21 173
53 13 41
179 40 161
2 24 54
0 24 47
1 31 76
0 14 191
7 51 132
7 7 109
0 13 113
600 57 19
0 37 59
1 52 10
2 45 142
2 54 68
262 4 160
0 40 69
0 58 142
0 36 164
0 50 29
1 47 165
23 59 50
0 19 114
0 44 177
44 44 140
0 9 89
121 52 151
0 20 136
0 40 49
2 10 108
0 29 119
0 18 41
9 6 102
14 21 20
69 20 112
5 20 78
0 32 118
0 14 79
0 11 44
210 3 36
1 49 116
5 21 148
2 58 94
13 19 56
712 34 127
0 11 94
0 51 19
0 12 31
1 16 42
0 6 68
5 44 147
2 8 11
1 28 200
342 33 97
3 14 37
0 13 67
13 45 156
0 32 39
2 2 138
1 2 150
85 2 85
13 2 86
3 44 47
0 3 102
175 45 160
0 18 3
2 28 91
716 56 120
0 58 155
26 40 143
1 56 145
0 51 140
2 7 180
1 16 9
19 23 189
0 19 23
21 4 112
54 10 133
44 30 25
0 34 195
59 39 46
76 50 79
0 49 75
0 3 99
1 21 36
5 50 103
0 19 162
5 53 27
40 35 86
48 41 26
350 49 129
0 50 35
4 16 137
0 44 98
0 20 95
6 47 134
0 13 109
0 57 196
447 52 3
545 4 169
0 22 72
0 43 155
6 50 115
15 28 125
4 24 130
0 50 190
116 39 20
0 36 135
4 40 95
2 19 40
1 16 104
8 56 70
0 41 57
0 5 156
16 19 136
7 43 6
25 1 171
2 26 161
21 34 160
27 28 60
0 33 103
85 1 141
43 38 195
0 18 49
5 27 148
0 3 161
0 46 68
47 8 197
0 39 99
29 46 50
0 55 150
0 21 12
0 28 179
0 6 41
26 4 163
1 18 181
7 15 143
6 11 19
0 44 137
0 42 151
138 57 194
13 21 2
5 6 170
3 40 34
3 42 91
38 35 163
55 40 54
2 8 124
228 15 58
0 56 3
5 28 37
1 32 54
2 34 80
10 52 178
3 2 174
1 21 166
0 6 145
60 43 40
1 24 37
0 37 31
78 37 77
2 57 199
3 46 114
0 42 91
2 43 188
0 46 27
0 52 189
1 26 88
1 58 179
274 55 165
0 24 79
0 9 146
0 59 121
0 22 131
106 17 5
0 15 53
26 53 28
1 27 58
1 35 169
21 25 180
1 40 104
0 33 82
57 41 38
1 18 195
0 53 179
0 44 192
11 59 192
1 9 105
49 3 34
2 27 17
21 18 33
0 28 152
7 44 11
90 23 170
2 24 89
2 3 62
64 52 2
0 24 4
1 46 106
59 26 99
0 31 198
1 38 39
23 13 175
1 5 185
0 19 77
52 49 54
0 14 168
0 26 56
3 11 168
1 4 109
4 53 18
174 16 36
11 24 180
0 10 115
35 14 191
2 30 167
0 56 39
0 58 82
0 31 17
2 45 164
6 48 5
10 58 95
0 48 58
0 54 66
16 52 153
9 20 3
0 26 128
550 19 105
2 23 130
2 37 182
1 29 48
16 8 33
0 20 122
6 28 119
7 24 77
80 38 150
4 8 197
0 46 70
10 49 79
3 58 112
0 24 179
2 50 197
1 36 33
17 54 29
5 48 64
2 7 144
24 40 185
11 34 43
0 47 143
3 56 127
10 33 72
3 15 199
0 25 116
3 8 182
0 45 138
34 49 109
168 25 63
1 58 138
0 23 121
0 49 158
0 33 125
1 18 56
7 15 103
0 25 128
15 24 118
0 24 80
20 20 92
74 14 138
1 21 101
1 28 86
0 43 118
4 12 182
6 9 16
71 23 93
0 23 144
0 32 4
1 42 3
1 44 121
20 6 170
104 43 182
36 59 183
257 25 113
12 47 22
0 20 28
0 18 98
1 49 81
6 22 102
30 19 150
5 21 51
0 3 193
0 24 107
10 55 136
0 15 193
4 11 139
153 6 182
21 38 42
23 3 91
5 35 36
0 45 137
4 56 165
0 37 152
14 5 20
1 1 11
3 35 1
1 0 178
0 9 75
160 58 50
0 35 196
3 36 162
211 57 186
4 58 18
1 39 130
1 48 183
4 19 196
296 13 124
0 4 6
1 33 29
1 40 104
7 8 67
3 5 95
7 19 141
64 35 103
11 43 34
0 52 50
30 36 74
8 3 128
5 51 5
18 57 196
2 32 30
0 31 38
1 57 29
100 4 42
0 25 69
0 9 76
0 45 83
5 2 30
4 23 169
0 27 77
13 24 17
0 29 118
5 0 14
16 15 82
1 31 127
0 50 199
0 15 130
8 38 112
0 12 71
0 26 148
9 1 140
83 46 63
4 56 24
574 49 8
389 10 19
156 0 177
0 39 59
1 44 99
340 49 84
1 47 118
1 0 182
98 0 53
21 28 160
4 10 161
0 46 116
1 9 43
0 30 103
3 15 104
0 16 13
0 17 18
0 27 197
15 27 182
0 13 153
1 2 145
276 38 47
7 33 70
1 4 50
0 43 167
0 53 31
10 22 199
33 14 44
0 17 78
307 15 54
28 5 26
1 29 53
1 45 111
56 32 158
1 18 96
3 23 62
1 34 127
2 37 36
1 2 31
0 8 78
27 8 43
2 23 121
1 51 172
0 42 139
0 20 139
0 8 35
11 32 137
0 13 21
0 31 58
3 21 45
0 48 167
7 5 78
0 24 133
8 27 77
27 46 124
1 56 49
1 54 50
2 25 26
4 40 73
1 34 6
0 48 197
0 35 48
0 49 183
117 54 93
372 15 120
7 47 86
0 57 199
6 46 155
0 17 123
0 36 30
0 44 188
11 6 44
1 17 9
0 33 111
0 11 65
21 21 187
156 56 30
11 41 15
0 37 155
0 28 30
107 31 33
163 38 12
51 58 152
1 52 30
0 59 92
0 29 138
2 22 20
56 55 62
0 17 69
12 36 143
16 51 15
188 45 58
3 54 137
129 47 10
12 29 57
0 40 154
1 37 69
183 34 3
62 40 68
10 20 64
0 49 149
21 14 176
4 41 179
3 16 37
0 40 194
7 55 194
3 5 161
0 53 56
122 12 53
3 3 54
5 49 148
0 25 197
26 28 75
15 34 34
1 47 139
3 28 55
173 28 27
31 30 191
6 13 95
1 13 90
470 49 149
14 5 195
0 16 3
1 18 58
0 8 178
2 16 140
19 37 179
5 25 144
0 16 58
0 21 50
0 32 124
3 1 95
6 16 177
25 53 79
0 21 6
0 13 34
53 1 114
0 1 1
0 29 29
0 52 97
0 31 166
0 13 17
7 34 30
0 53 186
0 31 164
0 20 112
15 57 200
0 55 51
8 41 66
1 50 78
2 19 102
0 50 81
613 48 183
53 41 170
2 38 26
0 33 180
0 39 21
6 21 175
84 24 94
2 8 115
0 18 184
1 23 195
0 13 82
16 23 10
5 58 35
65 10 26
0 15 163
1 28 132
4 40 67
2 41 123
13 41 66
4 58 70
29 27 107
2 57 65
105 8 8
3 54 121
0 40 196
28 45 160
3 57 151
2 27 6
4 54 131
21 34 25
45 42 165
23 52 161
0 4 186
0 33 38
2 40 147
0 29 51
1 12 86
0 16 147
0 7 56
2 11 38
0 30 138
20 20 60
39 27 174
1 9 74
2 25 37
0 20 179
0 32 142
13 21 164
3 14 81
0 54 194
0 33 62
2 10 95
0 57 87
459 9 146
10 49 137
84 47 70
1 2 193
5 12 71
3 52 129
1 16 194
0 41 134
1 31 136
0 50 196
5 3 140
73 25 62
0 30 53
0 41 107
4 13 138
1 36 152
49 15 32
0 55 193
6 16 23
0 48 132
0 11 189
43 44 121
0 20 194
0 46 180
193 42 146
0 55 98
0 10 58
1 9 125
22 55 70
8 47 125
0 37 80
83 52 197
1 45 17
279 1 112
0 13 176
13 50 108
35 48 136
0 15 171
0 29 47
49 7 2
101 56 148
52 18 111
1 49 149
1 3 140
0 5 148
104 50 1
7 24 183
0 1 58
5 4 29
1 40 12
1 53 145
17 46 140
1 53 94
0 46 136
139 54 29
0 36 118
2 38 60
3 54 147
0 24 113
11 40 96
0 26 63
33 3 159
0 15 119
0 53 11
22 34 200
0 25 143
17 49 26
0 12 80
0 43 80
1 55 38
56 14 40
1 21 11
4 42 144
2 21 143
15 13 156
0 2 78
4 50 136
2 19 111
100 3 35
203 53 120
0 21 87
3 42 121
0 49 141
2 51 135
0 46 113
432 8 19
259 18 43
0 53 28
51 33 177
7 1 192
2 54 165
7 23 116
3 10 17
0 4 105
0 0 3
7 42 118
7 15 32
2 55 30
18 29 135
3 52 145
2 4 84
38 5 95
2 59 43
0 51 157
7 12 64
0 40 20
5 28 47
5 45 154
8 36 102
13 56 56
1 16 3
0 41 134
0 30 152
26 59 130
2 50 151
9 13 46
0 31 109
7 51 68
12 49 119
4 35 37
5 0 42
0 2 89
0 6 190
2 46 120
1 33 65
1 49 112
0 27 114
0 53 155
4 38 87
0 37 154
34 19 187
1 25 43
0 55 81
1 0 173
518 8 199
12 10 8
2 56 164
19 40 84
0 39 153
4 25 134
9 21 168
60 14 120
0 27 67
4 52 149
19 27 100
0 14 74
39 42 147
6 24 164
0 48 79
7 50 22
24 57 41
0 10 136
0 27 68
11 21 19
0 51 46
0 47 96
10 4 137
5 34 97
0 14 65
4 21 167
2 41 188
8 34 176
0 35 154
6 32 45
6 33 18
17 22 175
10 21 115
117 6 3
3 22 193
15 19 95
196 59 77
140 21 68
0 25 184
35 20 183
6 43 78
762 58 46
20 1 81
10 0 148
0 51 146
63 7 137
307 56 148
4 37 194
1 13 22
1 41 52
11 50 164
4 59 165
0 49 195
0 31 100
3 9 33
81 8 67
116 15 166
3 44 170
1 38 185
3 7 194
16 54 160
0 48 39
32 0 124
0 38 152
2 11 129
0 8 175
0 5 64
0 47 146
0 40 83
0 41 190
2 52 61
83 13 10
3 1 20
30 55 134
1 54 109
463 19 90
7 45 47
2 23 64
1 0 90
3 17 120
0 55 57
0 25 11
100 59 117
1 1 133
0 14 157
2 1 138
0 1 16
71 54 186
4 8 70
6 58 27
0 45 157
87 51 98
2 0 84
9 14 97
0 15 118
0 3 69
0 25 109
10 12 25
2 4 32
1 6 51
0 56 65
8 58 53
0 42 130
7 23 81
36 22 52
30 54 8
4 7 80
0 10 27
438 34 129
0 1 39
9 23 176
0 17 198
1 29 72
0 55 12
11 54 168
1 0 183
5 10 26
299 42 11
0 10 145
0 1 199
16 24 76
0 3 139
18 1 128
16 12 174
2 26 146
1 37 112
30 2 16
12 19 10
1 48 141
3 1 59
3 29 92
1 51 171
7 41 181
0 18 176
3 47 56
195 33 20
0 36 181
6 24 55
28 32 199
22 48 148
0 58 116
1 15 82
1 1 126
0 26 48
1 6 113
0 11 113
2 54 46
0 51 131
1 33 144
0 1 104
0 48 137
29 1 99
0 28 108
0 18 38
0 36 184
0 40 15
1 27 119
2 56 27
1 49 75
3 54 174
0 39 175
531 51 76
0 23 41
1 38 36
58 46 22
12 42 144
0 7 60
561 8 139
103 7 191
40 17 162
0 26 101
0 9 177
1 39 122
58 11 114
14 58 5
1 4 77
0 29 27
0 37 50
7 2 20
3 26 95
1 19 75
2 41 147
0 30 15
6 32 27
8 11 178
10 18 90
3 13 73
0 21 100
38 59 146
0 0 161
0 27 171
0 44 157
1 10 27
11 38 151
1 26 152
0 23 198
0 38 23
8 17 104
0 53 140
29 51 124
4 35 153
1 20 160
1 16 60
0 28 52
1 50 17
1 54 11
2 6 81
4 11 155
6 31 120
20 34 178
0 54 166
0 39 95
0 11 104
2 47 182
0 24 47
0 21 181
4 8 48
1 12 149
0 33 72
1 6 38
627 35 167
24 43 113
0 36 160
328 25 39
1 38 118
14 34 84
776 16 75
0 9 74
5 20 197
0 7 199
2 4 163
0 59 153
0 0 50
27 46 155
1 42 142
0 51 177
4 42 57
4 21 18
0 48 62
36 47 97
6 2 195
3 0 84
0 46 94
0 50 120
518 4 48
2 15 28
1 42 119
27 4 166
1 33 67
5 41 31
11 20 130
11 5 138
4 55 166
569 32 180
4 49 85
1 56 130
2 9 97
0 46 76
3 15 191
47 59 199
23 24 84
7 2 165
8 16 164
0 24 182
0 12 111
56 30 158
2 48 47
0 49 154
4 56 88
0 3 14
50 23 37
1 12 119
54 4 174
7 49 137
1 30 186
0 45 101
1 34 199
0 2 129
1 49 195
40 19 143
240 9 55
0 6 53
117 48 192
9 1 108
9 32 35
0 54 37
0 39 151
5 19 4
27 4 131
0 57 47
2 35 150
2 33 131
2 30 28
3 50 49
0 10 83
8 1 80
2 16 52
1 40 46
16 28 178
3 39 2
1 25 42
19 13 48
25 38 185
0 32 112
18 42 68
16 9 187
3 29 51
1 20 49
0 32 87
10 10 47
0 19 81
15 29 12
0 7 92
0 34 26
0 40 155
10 5 70
2 46 130
7 6 179
6 58 79
6 21 189
161 49 58
0 36 116
1 31 107
1 27 107
1 3 64
2 1 129
1 39 46
6 12 194
13 48 165
3 10 2
26 40 197
22 15 66
647 48 137
36 35 65
0 35 29
459 46 51
116 49 152
0 54 89
0 43 121
0 1 21
4 15 160
0 33 22
1 28 185
0 31 115
626 3 172
0 47 143
8 22 94
0 44 92
1 20 8
0 13 111
1 32 97
0 52 134
138 1 114
0 46 70
3 20 67
18 45 182
0 44 152
1 1 64
90 58 117
82 41 195
0 22 164
0 31 104
10 11 126
0 16 152
1 4 9
0 39 135
6 46 87
1 10 17
41 39 163
271 53 164
0 13 50
0 33 45
3 37 17
3 34 8
0 54 108
0 6 41
0 42 137
34 43 7
0 0 88
0 32 135
3 2 141
362 54 179
2 2 13
0 48 155
0 10 28
151 29 26
4 24 76
0 8 23
9 11 132
50 10 119
0 34 161
9 44 1
0 22 153
114 50 115
0 52 133
79 43 73
0 49 176
0 34 172
2 50 94
7 11 163
0 20 33
0 37 160
299 43 104
518 9 79
3 44 115
1 7 40
21 15 80
4 38 198
5 16 185
14 41 129
0 31 47
9 52 41
45 47 100
32 44 173
667 31 22
0 50 29
1 41 104
1 53 21
667 45 103
5 5 93
3 47 35
1 49 41
0 42 127
2 15 4
0 49 42
30 39 97
2 21 79
1 3 193
0 8 169
13 43 32
0 32 93
121 16 4
0 39 165
0 52 97
106 30 185
0 54 61
0 54 173
16 53 126
1 31 176
1 12 6
1 9 143
7 42 110
22 36 80
1 9 66
0 20 150
0 20 196
204 39 18
2 3 107
0 19 164
0 9 85
0 4 180
0 36 170
0 54 61
3 14 147
1 30 192
0 9 176
0 38 144
1 15 163
58 13 194
13 22 131
1 47 83
0 59 3
2 47 126
16 3 5
13 20 64
3 30 130
181 13 109
27 50 68
4 13 156
0 2 34
3 36 91
28 15 170
1 35 191
78 59 33
2 43 4
1 24 25
8 5 161
689 19 55
0 4 35
303 44 143
0 8 18
0 21 130
0 0 157
407 44 9
0 26 76
83 43 64
0 58 58
0 47 5
14 11 168
145 46 179
3 28 43
0 10 104
6 22 53
254 6 133
44 28 148
8 25 126
0 51 159
58 4 119
0 10 85
46 32 106
8 14 62
31 10 54
0 0 48
5 20 136
15 57 163
35 21 75
1 38 90
1 0 33
0 6 194
0 38 112
173 36 117
29 13 85
47 25 170
0 38 104
0 58 99
3 18 188
0 42 152
0 46 43
0 23 125
1 27 95
2 24 168
1 55 63
0 5 151
0 45 22
10 3 147
0 47 147
0 28 146
1 29 10
12 29 146
14 42 33
0 42 189
0 43 82
0 51 6
1 49 150
4 17 183
11 57 182
70 0 77
81 42 178
1 28 59
11 51 20
0 35 137
3 2 28
0 8 183
0 19 162
2 1 19
42 36 10
276 6 10
99 42 103
4 40 106
19 59 138
2 57 194
0 51 142
0 8 60
1 19 15
195 35 128
8 15 200
1 6 101
446 28 36
0 10 25
2 25 46
15 27 131
23 47 109
0 51 195
15 35 170
1 44 192
1 21 73
6 10 178
1 2 130
10 53 59
0 57 144
169 9 143
0 19 148
622 1 147
92 18 124
0 26 196
7 50 190
29 35 182
41 0 34
5 48 24
21 1 63
0 47 113
1 17 58
0 0 80
9 17 120
2 18 83
57 29 44
1 2 94
653 38 102
0 39 179
3 21 124
18 42 125
0 23 147
0 22 39
48 0 150
0 58 121
3 20 22
6 44 79
0 57 84
2 56 121
0 1 83
19 5 174
78 40 173
0 3 16
0 12 70
1 14 9
2 26 66
0 44 145
8 14 140
2 12 29
0 4 97
0 48 40
32 2 16
26 30 39
0 17 91
47 46 168
186 27 110
30 51 67
0 28 6
4 47 39
0 14 7
0 25 164
1 19 175
10 12 51
16 53 77
5 18 136
5 42 158
10 26 70
4 27 181
143 2 177
31 46 113
67 14 107
10 33 182
76 58 81
23 27 186
0 55 44
1 15 75
8 44 141
1 22 93
0 22 142
0 20 11
20 21 32
114 30 148
271 33 85
16 39 110
1 46 49
0 29 106
1 42 50
1 35 137
11 16 108
0 19 22
1 8 147
18 45 47
69 40 148
6 36 72
3 20 132
17 3 33
9 27 113
9 34 41
14 33 182
3 16 107
3 23 149
62 20 64
0 30 155
0 32 164
0 50 36
1 37 45
0 38 18
9 8 147
130 8 81
133 46 86
2 1 182
170 30 99
0 11 141
0 36 37
0 6 184
1 44 71
15 31 110
0 44 106
1 31 78
0 14 66
40 52 111
2 7 68
16 38 12
21 22 70
0 12 45
484 43 78
3 1 99
1 56 157
9 48 123
0 48 110
14 24 143
31 21 32
11 21 50
0 44 186
5 48 77
3 13 41
0 28 1
1 12 141
3 43 31
0 19 73
2 13 135
2 50 79
102 39 200
0 7 18
2 45 79
407 4 172
0 11 32
18 34 120
101 23 121
108 1 125
1 31 136
0 24 77
649 19 56
231 53 22
3 5 74
19 9 27
0 42 56
0 12 49
3 43 163
0 22 92
1 53 51
1 35 6
524 37 105
0 27 194
1 59 38
2 18 56
57 11 18
2 50 192
12 55 101
70 34 170
10 14 16
114 0 70
31 13 157
0 37 200
0 42 187
59 24 175
0 31 148
10 40 192
0 59 32
1 9 27
9 51 58
0 43 87
1 12 172
0 31 46
77 53 113
2 14 99
1 44 24
0 25 185
0 48 81
183 41 71
1 20 73
215 13 169
4 37 195
1 16 127
0 52 79
3 53 196
78 47 105
0 35 41
0 19 197
0 45 193
20 27 105
0 51 19
0 52 15
2 1 163
2 31 140
0 30 31
6 6 109
1 21 147
15 30 176
1 27 59
1 10 8
18 19 43
7 46 100
33 27 20
47 21 181
3 4 58
11 41 141
438 17 145
0 59 7
0 36 4
135 51 138
0 52 182
0 45 6
1 3 93
0 7 3
1 16 151
0 31 65
3 42 36
28 33 141
225 48 48
3 38 107
0 27 47
0 0 120
1 47 185
4 24 111
4 13 135
0 29 39
5 4 200
0 42 102
9 25 125
10 34 122
0 14 39
3 20 60
3 24 172
1 1 157
1 47 34
1 40 3
0 58 75
0 45 33
124 13 61
19 8 25
0 42 76
152 9 83
5 23 144
243 42 148
0 25 197
0 8 10
1 16 132
0 10 51
6 44 44
0 9 141
8 37 166
0 49 60
0 23 30
1 35 17
3 26 81
1 45 47
6 48 42
0 0 102
0 29 172
0 34 195
12 2 120
0 2 42
106 59 90
13 47 9
0 37 173
4 58 44
0 12 21
30 50 98
3 47 142
33 44 60
0 47 104
2 44 108
0 41 128
21 11 2
0 35 122
600 59 123
0 35 85
3 22 71
5 8 38
3 45 46
0 6 94
0 27 179
0 9 195
2 28 131
1 33 157
1 18 160
1 20 35
0 19 151
22 34 60
12 44 79
5 30 134
29 18 145
0 48 3
1 44 135
2 55 48
0 32 22
0 39 82
0 46 157
0 54 32
1 24 47
4 46 155
296 16 164
0 12 125
1 11 28
8 24 148
1 31 110
3 56 177
1 37 146
0 39 110
8 40 169
1 40 78
15 26 131
1 16 47
13 54 168
127 0 192
3 22 175
0 56 19
21 18 135
0 23 117
0 20 159
1 26 197
1 53 28
0 0 75
0 7 124
7 35 32
2 35 111
2 10 151
0 43 37
0 9 137
0 35 137
14 43 97
3 54 146
9 14 58
10 41 163
0 42 150
1 7 50
0 58 150
0 10 134
11 39 172
4 48 157
72 17 77
284 12 97
2 38 182
0 1 47
721 55 21
1 25 98
185 17 93
2 8 119
227 39 11
18 32 190
234 42 200
1 8 91
0 29 7
1 23 192
1 59 78
9 6 181
0 44 140
26 53 15
8 4 188
1 20 62
2 25 138
1 46 103
66 59 59
3 34 162
29 50 154
77 33 41
7 36 67
0 29 163
0 24 166
0 24 26
0 27 47
1 47 156
40 29 7
13 29 48
10 32 65
9 40 185
1 45 54
0 7 172
1 34 61
43 1 171
0 23 51
22 41 135
0 17 156
4 28 52
11 25 26
0 53 76
0 29 103
0 11 200
1 22 44
16 21 117
13 48 123
0 55 106
1 12 15
0 40 166
0 22 150
1 45 74
7 17 138
5 39 1
6 2 79
0 44 123
0 11 12
8 32 97
0 17 12
0 12 56
2 45 47
5 25 68
0 48 11
4 33 135
1 18 47
14 52 37
1 39 16
0 54 164
13 24 178
7 40 81
0 9 126
9 28 139
15 4 180
1 40 58
9 36 163
4 15 137
47 9 45
1 49 26
9 6 54
4 50 183
1 56 193
5 49 105
0 20 143
1 40 185
0 36 141
6 51 106
29 31 42
0 4 117
1 4 23
1 44 163
2 19 61
0 48 60
21 22 161
5 29 126
4 40 8
6 46 137
1 19 134
7 37 32
6 50 115
5 34 198
135 8 109
7 46 100
11 11 111
4 25 104
0 12 169
0 23 1
1 48 155
9 14 172
1 59 6
3 19 185
8 52 153
0 28 113
57 12 123
0 5 57
5 50 190
0 57 159
0 6 87
3 53 161
0 7 134
0 51 12
86 8 35
1 38 162
15 13 45
2 25 168
1 7 148
7 9 75
459 9 114
0 12 151
10 8 135
0 22 9
60 55 137
18 39 171
8 39 167
0 45 95
0 0 44
0 13 139
1 58 99
2 30 118
28 15 52
0 41 163
1 27 161
0 53 106
0 33 144
1 12 18
6 19 70
149 7 53
0 34 45
3 10 70
0 22 151
0 11 31
3 38 75
372 11 27
2 48 165
0 50 33
1 21 164
14 39 38
22 6 188
18 47 129
76 50 32
289 35 23
0 6 44
0 21 83
2 0 151
5 28 155
17 26 117
0 40 130
53 33 190
5 45 164
0 50 155
0 28 114
3 38 66
0 54 56
31 15 57
26 22 178
0 5 94
1 59 194
3 51 152
2 39 40
265 46 66
0 33 159
2 52 197
0 59 194
0 7 76
12 5 38
3 5 110
2 5 179
2 44 47
2 19 107
0 46 144
12 0 84
4 42 165
0 49 124
94 36 123
0 9 128
0 30 91
0 33 22
75 43 22
1 19 191
0 55 101
0 37 174
0 56 17
0 36 135
1 19 125
422 19 6
0 30 108
0 46 138
9 43 90
15 54 12
9 36 159
2 22 83
216 59 5
11 12 55
0 37 65
10 20 71
0 17 19
10 51 145
3 6 37
0 43 28
0 20 34
2 54 23
22 25 26
39 54 136
231 36 40
0 22 122
5 35 191
4 55 200
0 56 145
13 10 64
4 30 62
4 10 64
297 31 135
20 40 178
0 24 29
0 23 105
1 48 171
0 27 164
0 4 33
7 8 147
27 49 81
4 56 151
2 22 130
0 46 109
4 28 153
55 12 105
1 31 68
1 14 140
0 15 24
0 26 94
4 51 78
4 6 179
0 2 26
0 51 91
0 59 32
0 45 120
2 40 13
0 23 130
4 21 13
17 34 187
1 1 97
1 47 165
1 6 160
0 6 90
0 6 73
0 57 59
46 22 39
2 2 109
0 6 39
2 9 78
0 26 109
6 19 46
0 47 191
5 24 49
5 31 57
0 41 121
26 57 18
0 15 11
0 17 10
0 32 123
2 56 25
1 14 34
0 30 182
0 24 123
5 13 175
0 15 135
12 8 153
7 26 156
182 33 19
0 46 49
3 5 122
3 31 92
70 42 64
54 16 131
2 33 48
0 51 171
0 40 187
0 53 103
23 47 37
10 16 55
0 59 180
0 30 108
16 19 127
35 28 59
19 37 88
3 57 147
64 35 190
0 40 76
1 29 47
1 6 47
69 24 117
0 27 48
1 52 192
0 53 16
0 16 69
21 0 140
16 39 156
7 34 99
0 26 123
462 33 190
13 53 56
3 0 71
0 38 84
0 47 193
0 59 125
25 14 182
28 8 198
60 51 168
20 10 95
30 37 152
0 43 132
1 24 196
5 29 180
1 29 105
1 50 113
1 30 143
0 36 31
0 5 104
0 0 160
8 44 40
14 45 144
11 45 112
65 24 51
25 14 19
1 20 110
5 2 40
5 7 100
0 43 95
0 52 127
2 58 70
0 40 9
0 59 9
1 10 155
22 37 187
374 44 23
0 23 98
358 8 128
42 37 140
0 37 37
48 37 189
3 56 190
0 56 97
24 55 159
2 28 160
144 19 18
13 4 23
2 53 111
21 19 36
18 27 173
7 40 191
22 35 77
1 56 181
79 14 98
0 8 143
0 53 34
1 56 45
35 52 9
0 15 42
1 9 116
16 45 133
0 47 195
0 43 185
0 56 145
2 30 4
1 36 166
2 49 105
526 36 158
0 5 20
33 47 77
0 43 189
8 10 131
47 10 63
0 35 92
34 20 108
9 1 65
0 5 67
242 26 40
1 31 18
0 0 23
5 18 194
63 7 9
0 22 36
4 55 58
0 38 187
10 59 1
8 49 152
0 41 82
0 58 176
0 29 24
5 39 16
0 6 123
0 24 170
0 5 53
0 57 24
0 14 176
7 57 25
1 37 135
34 15 103
8 11 156
698 30 149
7 18 192
1 9 165
1 21 82
1 7 6
7 30 107
40 45 172
0 19 90
4 7 187
1 22 85
5 4 102
7 16 3
7 35 25
18 33 30
0 7 148
1 43 163
75 5 179
6 3 42
3 39 14
1 19 110
19 42 185
6 14 114
14 25 55
6 13 127
0 19 154
4 43 67
174 50 111
1 38 111
12 4 21
1 30 99
0 10 103
5 56 14
0 44 111
0 3 189
0 35 84
0 41 50
0 49 91
1 21 178
16 28 25
0 53 157
0 29 35
0 55 132
0 4 6
1 46 129
6 25 106
1 20 166
1 35 146
485 5 149
0 10 13
0 48 145
0 19 100
11 9 32
0 43 115
16 37 157
18 22 141
4 6 21
0 27 129
10 51 16
6 18 177
106 35 121
29 42 155
0 13 141
0 32 200
0 17 194
0 22 118
1 42 108
1 53 188
2 9 82
11 47 28
2 58 18
0 41 135
64 12 181
1 12 63
0 31 20
0 24 34
2 25 42
0 45 90
0 11 169
0 8 171
4 30 200
9 5 58
0 48 182
1 50 49
2 48 176
0 59 12
0 41 186
15 44 8
5 52 9
0 43 30
1 35 189
14 2 126
0 6 47
182 30 144
0 42 3
40 55 118
4 56 163
3 56 41
0 8 141
1 41 82
23 47 85
12 35 140
2 4 44
2 7 54
10 42 137
1 5 149
0 52 178
1 3 69
0 4 184
0 57 81
0 56 125
0 57 93
0 47 144
1 51 153
1 31 92
5 34 2
5 11 145
25 44 71
0 8 142
4 3 177
1 18 200
7 45 132
0 59 15
34 33 52
0 17 24
0 39 156
7 3 97
5 17 28
14 46 135
0 8 162
9 49 120
9 55 76
0 40 15
9 44 13
0 44 114
0 45 72
0 41 178
17 4 156
0 31 67
105 36 86
48 17 64
0 19 148
1 22 5
235 29 45
4 10 115
3 21 106
8 35 89
55 46 74
17 47 127
2 34 166
6 44 72
0 21 59
6 4 128
0 43 121
0 11 142
159 7 100
0 36 189
152 1 108
0 37 124
2 57 89
0 55 155
0 4 76
4 36 193
1 20 42
0 25 31
734 11 121
0 34 59
0 46 59
18 4 20
1 48 114
5 14 34
4 39 83
0 45 122
64 19 101
13 50 23
0 9 150
0 59 116
2 25 85
156 6 2
3 53 72
216 40 71
1 18 20
1 17 154
0 22 106
0 9 106
0 20 14
0 26 58
0 7 87
33 21 1
19 36 178
5 1 66
6 5 76
0 55 24
14 3 178
23 48 105
5 7 120
4 56 159
2 4 142
1 52 62
1 39 198
0 23 131
4 18 22
1 11 21
1 33 92
3 56 151
1 18 162
4 21 83
1 15 164
5 15 189
68 16 174
0 58 89
3 6 133
0 21 175
22 0 162
0 5 90
0 39 59
26 27 142
0 7 82
0 17 17
5 16 22
2 15 74
12 16 91
7 19 158
1 38 73
4 10 39
2 53 113
15 1 172
6 14 153
3 47 136
0 37 42
4 41 87
3 34 113
0 31 53
0 31 188
1 15 106
0 32 73
0 56 78
3 48 169
0 46 76
0 23 142
0 59 83
6 29 92
0 39 53
33 15 48
6 22 137
0 16 151
4 40 105
1 40 146
28 44 65
3 1 79
0 20 173
6 17 182
5 57 24
16 44 155
0 2 20
0 39 89
2 57 142
2 19 11
1 35 106
37 52 178
17 5 134
28 22 123
3 27 159
2 41 90
1 35 144
0 40 134
3 18 71
0 58 113
215 10 83
6 18 162
0 58 116
1 56 143
1 5 85
0 6 12
0 52 176
0 57 83
2 55 128
1 44 36
1 33 195
0 10 7
0 27 30
11 18 186
0 52 193
5 3 68
2 53 16
0 33 47
0 54 123
1 48 35
3 21 111
0 22 196
66 20 168
0 10 9
0 17 111
37 55 157
157 27 197
7 0 25
5 46 133
1 53 123
25 21 35
0 26 175
0 37 196
15 49 131
1 12 41
0 6 12
32 27 183
0 58 118
0 33 130
0 39 106
10 37 142
1 7 175
5 30 187
2 46 74
291 3 131
0 11 5
0 56 74
0 9 152
0 22 3
2 32 153
5 18 75
7 51 108
0 29 109
1 45 34
0 2 198
0 0 23
3 3 149
267 1 175
5 33 5
11 0 148
5 37 136
74 7 33
338 52 143
108 19 120
0 52 155
23 6 185
7 21 53
2 48 66
0 9 55
1 17 93
7 13 109
2 42 130
10 15 104
428 50 66
6 48 138
8 53 193
20 26 70
5 38 93
2 27 27
0 50 95
0 40 19
159 38 14
122 39 136
0 41 151
3 13 97
1 0 102
3 45 174
45 57 70
7 54 183
0 2 164
54 57 95
0 10 32
2 23 74
33 44 63
0 1 131
1 44 126
0 27 178
7 7 136
454 53 183
2 10 107
17 58 150
0 42 125
39 13 154
1 35 72
0 51 68
2 4 38
5 49 102
0 14 162
11 26 58
7 31 196
1 10 89
75 17 2
1 32 54
4 33 45
26 23 136
3 12 198
17 36 5
0 44 74
3 58 71
627 56 157
8 12 103
36 14 170
1 10 56
0 34 46
23 4 117
15 23 12
536 51 81
1 54 124
0 8 95
0 46 85
48 26 65
2 55 149
0 14 48
0 9 180
0 41 68
13 51 82
0 9 158
3 48 128
83 52 191
2 52 84
1 58 153
1 17 157
0 52 16
1 28 21
13 41 53
3 51 166
1 7 184
0 4 56
47 9 35
1 32 83
2 44 53
4 17 118
5 53 35
23 18 53
3 4 148
1 48 1
0 9 90
0 1 137
0 2 3
2 14 46
0 46 36
1 34 36
5 31 179
20 1 170
0 42 167
1 9 52
1 22 145
14 27 56
0 40 57
32 18 189
1 24 42
1 24 192
246 21 103
117 49 66
3 56 72
68 55 90
0 52 48
0 43 142
0 22 186
109 26 79
2 15 69
4 43 105
104 15 14
4 8 165
0 42 59
0 51 147
373 32 16
82 14 129
2 58 173
0 56 13
0 23 154
2 6 161
1 38 191
1 7 131
1 31 18
123 11 7
0 52 170
0 43 159
0 39 94
5 56 148
3 42 4
0 59 192
0 9 139
0 37 179
0 35 155
0 3 7
51 33 136
2 15 96
0 3 43
7 26 149
0 43 112
0 28 52
0 11 73
14 46 158
0 54 67
5 53 16
0 46 159
5 18 127
20 1 178
390 5 142
15 33 13
1 59 68
7 59 34
0 21 61
0 11 33
0 49 9
0 23 159
0 54 113
1 49 113
0 21 24
6 8 73
7 55 82
126 1 77
0 49 68
1 31 171
4 45 4
24 29 84
3 42 131
64 4 108
0 36 8
0 41 102
0 2 142
2 12 156
2 6 119
2 18 88
2 24 93
0 1 163
209 38 115
12 30 46
4 46 80
15 57 142
0 48 18
2 31 142
3 25 32
42 47 9
14 18 110
0 14 159
0 53 4
6 55 10
139 34 64
45 44 28
0 26 95
2 24 110
2 29 103
12 16 23
19 44 178
5 17 95
0 7 143
14 40 55
0 28 76
5 0 102
1 44 196
59 29 10
3 19 122
0 50 76
98 8 90
2 57 130
3 54 24
0 13 161
5 40 164
0 16 134
1 17 62
0 55 106
132 31 10
1 11 5
3 38 87
0 45 120
0 1 21
0 42 19
1 55 119
3 28 168
0 48 93
35 23 36
3 59 134
15 13 60
0 12 142
7 37 140
0 25 174
0 28 52
186 4 135
9 43 174
81 29 153
507 8 174
1 4 148
6 55 131
28 58 182
1 58 59
1 25 183
8 54 89
3 7 137
5 25 38
0 18 42
160 20 130
19 24 184
0 19 92
15 55 168
9 14 3
0 0 29
1 51 69
0 2 187
2 9 12
22 33 50
1 45 21
9 28 74
1 48 50
153 18 31
1 21 168
0 42 60
0 55 107
3 54 187
0 5 40
4 54 39
0 39 8
0 14 55
1 38 97
9 28 53
0 45 173
1 36 123
0 31 166
1 4 46
1 22 57
82 20 195
0 23 129
9 9 157
0 34 154
1 46 91
10 27 111
30 20 5
0 29 98
0 23 38
1 42 161
0 35 64
2 25 155
15 59 181
0 26 15
40 40 71
0 12 67
36 28 109
1 18 39
3 41 137
0 51 168
0 38 114
1 2 74
11 0 174
3 11 126
0 25 17
1 48 66
174 29 23
1 48 67
8 14 187
2 39 116
1 39 48
0 11 162
1 55 68
1 3 144
0 55 188
0 25 106
1 43 14
9 42 63
1 4 5
80 35 176
3 18 140
1 2 135
0 34 17
244 25 166
12 16 19
0 40 154
32 47 179
5 16 61
26 43 26
420 44 182
0 0 158
7 22 78
0 22 88
23 30 30
0 1 147
0 1 66
0 11 198
0 37 106
3 25 179
121 18 90
2 7 116
0 6 62
16 30 75
10 7 131
7 28 179
15 0 118
2 18 15
0 56 101
0 27 151
6 44 16
0 54 84
0 25 111
4 27 58
1 0 103
14 54 124
78 3 29
12 39 35
7 43 1
1 18 64
1 45 23
1 38 83
17 31 177
29 9 61
0 12 177
27 47 149
6 50 152
3 20 16
1 6 199
0 56 21
1 40 104
3 34 189
13 39 12
0 53 32
216 25 10
0 5 94
0 1 57
10 16 192
21 7 126
4 40 2
6 1 180
0 8 183
0 49 102
31 1 75
0 50 162
0 14 15
0 4 69
0 24 81
0 48 183
0 29 146
7 25 15
500 31 76
5 41 43
0 16 93
97 40 133
19 1 117
44 4 118
13 51 35
13 3 154
4 2 96
0 27 112
2 36 165
0 30 2
39 3 44
8 22 71
1 23 177
0 10 146
0 7 111
48 23 177
0 29 21
35 23 144
0 4 108
18 29 104
3 55 163
94 55 101
1 25 147
0 55 187
0 56 5
2 48 13
0 15 55
1 39 65
5 38 18
2 50 140
8 50 176
0 46 74
0 46 195
1 59 154
0 0 100
1 51 157
0 17 21
34 10 190
75 20 124
2 42 191
3 48 131
18 50 67
0 38 121
0 14 163
0 22 33
47 2 37
2 48 93
0 23 150
0 55 106
0 57 22
5 46 103
2 30 132
0 13 166
1 12 103
10 11 69
0 1 166
18 6 85
8 49 109
0 46 90
59 55 141
1 32 154
0 50 1
1 32 22
9 39 151
0 25 94
17 44 176
3 3 199
8 44 14
0 53 12
379 13 194
8 20 56
12 18 192
75 53 121
16 31 81
36 51 3
0 3 92
0 40 140
21 49 146
0 7 59
0 58 57
32 24 7
1 45 156
50 1 2
3 40 41
0 6 25
0 13 103
1 57 119
0 19 53
22 3 195
0 31 184
0 19 42
17 7 38
731 50 17
1 18 35
0 0 44
53 12 73
0 16 165
1 53 133
0 43 25
52 50 50
0 4 24
13 15 53
6 50 53
98 46 109
4 7 44
0 8 50
258 21 192
0 12 12
3 1 127
0 55 147
1 29 25
3 35 84
8 0 91
0 56 190
7 58 113
0 33 102
3 56 39
0 16 105
0 1 68
0 42 9
0 29 171
2 57 137
557 39 169
17 29 109
0 57 57
94 59 76
7 29 7
65 15 27
0 5 82
1 22 98
0 19 181
7 36 35
1 12 130
0 52 119
2 31 186
7 46 18
30 21 157
0 59 145
1 59 20
99 40 88
17 23 194
28 52 192
0 41 101
0 2 135
13 14 31
6 53 63
1 22 35
0 31 137
0 57 106
0 58 7
106 48 175
5 48 189
6 42 98
0 4 145
23 19 81
2 56 14
0 28 128
268 46 138
2 14 45
2 37 79
15 43 67
61 46 15
2 45 145
4 5 116
20 48 92
46 34 44
75 41 57
0 0 37
0 26 88
0 45 99
47 41 167
1 54 31
0 29 45
0 16 126
3 56 143
0 56 46
9 44 150
1 49 44
0 58 78
22 6 183
0 6 16
7 22 58
1 34 7
0 39 96
3 48 85
33 55 139
0 8 53
2 30 77
7 8 172
0 42 138
47 15 174
2 27 64
0 59 85
0 59 168
0 20 65
8 50 135
1 0 143
4 0 180
42 49 32
0 48 54
223 54 39
0 3 167
16 50 48
11 13 194
0 41 91
54 17 48
110 27 87
0 24 132
0 36 118
0 48 71
0 19 40
0 41 171
47 41 22
0 37 155
3 9 12
0 42 94
2 17 125
0 13 42
0 59 20
1 1 24
5 35 184
3 19 72
0 15 34
2 25 151
0 27 102
3 14 48
0 36 148
15 3 119
48 27 73
5 38 120
5 30 139
1 5 151
136 29 152
6 7 104
0 28 126
1 54 180
7 29 48
49 24 192
41 8 197
0 12 14
23 36 115
15 33 174
0 17 44
1 0 178
744 41 174
53 3 34
1 9 31
0 43 119
231 57 79
0 32 44
16 3 28
19 37 42
6 45 170
88 38 18
7 43 58
21 58 105
21 15 145
65 17 32
748 47 198
0 14 148
0 34 72
1 40 194
1 10 171
34 24 60
27 52 192
19 47 21
474 2 102
16 34 24
0 34 22
3 7 176
1 12 82
405 4 29
2 47 15
16 14 181
27 26 164
6 13 62
21 58 128
1 27 156
1 10 88
6 6 121
3 33 116
2 7 50
0 25 132
1 6 9
44 30 130
0 42 107
0 59 188
0 50 13
41 36 120
3 28 136
1 55 155
0 43 23
0 40 63
0 5 190
646 45 6
0 17 156
5 36 199
0 18 127
0 45 155
0 6 123
1 8 19
1 36 142
101 0 85
0 44 24
25 53 13
0 17 74
4 42 74
0 12 102
29 2 104
1 40 8
0 17 172
16 48 166
0 23 180
0 37 2
1 1 160
44 11 97
0 17 126
1 38 12
1 17 92
14 24 36
8 1 23
42 54 23
16 34 136
8 54 58
653 53 133
1 32 128
63 20 147
60 1 178
14 1 132
65 49 54
16 55 82
7 49 13
9 9 139
0 57 64
0 47 44
0 54 80
13 18 123
3 33 32
1 36 28
3 33 27
0 32 73
179 21 52
3 36 14
0 32 172
38 6 185
1 20 94
0 20 92
0 18 170
1 38 194
0 55 123
0 10 138
6 58 82
242 32 23
8 7 60
2 49 168
15 48 74
1 50 30
4 39 7
3 15 165
24 6 98
23 39 3
53 57 197
1 23 142
127 40 100
11 49 143
0 13 158
0 11 71
3 12 15
6 9 65
161 21 120
97 29 150
3 12 21
0 44 38
0 48 176
13 39 117
2 52 175
0 0 10
52 51 9
22 57 74
0 18 66
85 20 59
2 45 159
0 39 3
211 44 37
0 52 105
0 27 106
4 37 71
4 27 164
30 56 1
0 30 53
701 56 67
2 49 5
1 42 163
2 21 156
2 12 21
0 5 97
1 19 97
314 16 64
1 43 38
91 6 97
245 13 178
5 54 97
4 23 186
4 56 91
0 24 75
0 21 164
0 52 126
157 43 20
0 49 25
1 10 120
0 8 197
0 53 99
0 59 65
0 19 153
0 2 59
4 55 134
0 29 171
20 38 167
0 24 195
99 51 149
0 35 70
2 35 117
0 48 26
0 16 41
285 27 9
5 47 18
4 50 184
12 20 170
0 59 140
6 14 99
1 14 72
0 3 144
0 25 128
0 24 124
0 53 9
5 34 146
1 7 142
0 19 108
0 2 124
5 35 62
4 34 152
0 0 88
1 47 134
14 13 86
4 24 86
9 16 66
84 38 93
0 54 150
4 48 31
4 38 30
12 59 28
0 31 197
0 48 100
0 24 70
0 43 164
7 13 195
0 56 39
2 5 111
572 28 197
0 53 69
0 41 45
682 44 171
3 55 187
1 26 24
4 27 9
3 8 161
1 15 107
1 50 117
3 44 110
2 3 170
0 11 128
10 24 30
6 47 189
3 16 89
31 21 77
277 22 84
0 46 75
1 31 24
0 25 102
3 41 118
0 44 111
0 2 108
0 13 65
1 27 166
132 50 18
0 28 89
3 47 147
0 45 198
0 3 80
8 38 53
16 24 14
0 7 105
500 37 95
0 29 13
11 58 112
0 46 31
0 2 58
0 49 17
1 20 48
2 2 65
0 54 29
2 40 165
3 57 68
8 25 85
0 16 186
3 25 145
38 3 48
23 49 132
16 12 179
0 19 30
56 13 37
1 29 57
0 45 77
70 30 114
1 47 76
13 43 178
0 40 54
22 25 198
0 34 97
54 38 23
457 26 57
5 2 133
0 12 102
2 0 154
83 52 1
0 33 188
0 50 129
21 28 70
0 54 158
46 34 112
14 29 160
41 19 59
0 22 80
38 41 113
0 26 58
2 43 46
2 25 150
132 13 31
104 2 116
1 40 82
1 41 77
0 51 18
2 49 124
10 4 11
1 33 196
0 49 82
1 4 71
1 11 85
1 35 70
31 55 39
0 20 46
5 18 179
3 12 24
0 30 96
1 45 13
4 55 100
4 56 29
42 54 101
1 57 49
13 15 133
2 45 26
0 29 66
1 39 36
3 39 187
3 26 53
2 0 12
0 50 131
8 39 75
0 52 13
0 43 7
5 40 16
0 0 72
0 29 192
0 27 131
0 28 166
6 53 7
0 53 138
18 42 140
0 13 160
0 1 30
31 33 111
19 35 127
7 23 191
242 50 76
33 36 160
8 8 155
264 16 43
5 12 102
8 15 57
65 46 120
0 9 171
0 41 97
1 50 19
6 12 22
1 40 29
4 27 90
2 40 11
119 42 11
5 59 143
2 35 80
0 24 89
0 33 137
0 50 36
248 7 91
1 53 56
9 24 4
0 57 69
1 24 138
429 3 110
0 54 136
0 54 174
30 25 68
1 34 66
16 14 50
0 45 173
0 18 124
2 23 93
0 49 159
0 20 46
0 35 122
0 6 147
0 28 36
14 50 185
2 16 14
1 41 140
1 24 178
0 3 169
76 23 7
29 59 64
0 13 103
60 37 148
0 8 71
0 39 194
13 13 155
12 14 34
1 39 15
5 26 112
0 24 87
70 58 135
26 11 139
0 31 33
1 10 95
0 42 119
4 4 79
1 17 33
0 53 119
11 34 56
0 17 175
0 54 45
735 40 162
0 44 84
1 0 101
0 25 71
16 20 23
3 21 89
0 32 191
0 39 18
0 42 186
1 51 28
9 36 166
82 7 32
14 31 33
2 40 122
0 3 124
362 8 138
6 43 67
3 15 170
0 17 35
4 19 16
2 25 125
0 36 58
1 36 13
2 12 66
5 5 44
0 21 192
0 44 184
15 59 131
0 8 53
0 53 154
1 58 4
0 4 174
34 47 69
0 20 179
1 53 165
1 22 104
46 40 180
6 31 16
3 46 49
1 39 110
0 55 118
15 26 64
18 17 19
1 35 172
86 32 179
0 30 165
5 57 123
0 5 133
3 22 169
1 17 146
0 53 182
33 55 156
749 20 191
2 59 197
0 3 173
74 46 148
0 7 67
1 7 44
11 12 9
5 42 61
0 32 4
6 8 92
2 28 139
0 35 10
0 4 126
32 53 70
5 23 180
7 56 96
1 6 180
297 14 142
0 45 197
291 38 89
75 21 87
6 23 68
1 27 21
38 11 38
14 41 180
74 20 100
1 11 10
3 23 166
128 20 160
0 19 10
1 6 3
0 36 60
17 1 195
92 37 172
638 22 99
0 43 101
361 20 172
8 48 64
0 45 139
4 13 138
70 54 87
646 54 103
0 42 182
32 56 82
4 38 136
32 11 21
0 53 177
10 50 197
0 42 191
0 31 153
12 14 198
0 17 5
1 23 58
0 5 176
10 20 155
18 48 73
0 37 2
0 27 46
0 56 166
4 21 65
11 16 200
16 45 134
1 12 146
0 13 65
0 37 191
61 57 180
0 31 33
11 22 64
0 21 138
0 27 56
2 3 139
15 56 65
55 37 24
0 34 156
0 55 21
1 37 151
156 39 102
3 26 121
1 25 176
2 29 70
1 19 6
0 14 189
82 10 144
1 1 127
1 0 70
1 19 107
37 50 155
0 12 178
8 14 107
1 46 16
0 40 162
0 33 92
1 51 180
1 19 19
0 5 98
18 57 7
0 26 103
8 30 75
417 1 142
1 54 31
0 27 135
0 36 7
0 21 96
124 21 99
106 5 9
12 29 6
0 20 178
4 12 19
2 31 19
0 15 193
17 1 70
6 51 70
5 29 130
2 22 156
46 50 62
0 40 53
76 32 56
17 43 67
0 21 191
0 25 71
19 3 177
26 34 127
0 0 43
2 54 117
5 44 158
0 49 35
3 25 164
2 0 163
3 27 179
2 2 183
0 33 166
4 9 5
207 6 18
0 59 166
0 34 126
7 30 178
0 52 46
0 29 155
4 29 39
2 19 49
32 4 103
4 30 178
5 6 158
1 43 138
81 44 50
1 52 11
0 55 111
4 50 101
2 31 9
1 42 34
77 32 100
0 23 129
3 27 53
0 12 44
2 25 63
505 1 166
0 47 127
0 55 10
2 39 28
0 49 55
109 56 143
1 15 177
10 20 140
0 41 28
0 11 42
28 6 41
1 43 77
3 19 68
1 10 19
2 41 149
6 58 190
0 40 23
1 29 174
0 20 99
0 39 138
0 53 92
20 7 60
7 52 70
47 53 74
2 49 170
25 47 190
0 37 37
0 8 36
304 10 12
1 19 39
1 28 72
3 35 174
0 33 48
1 30 77
29 11 40
0 12 112
21 55 26
5 27 87
0 44 93
1 43 65
34 58 3
3 15 42
60 9 146
38 49 60
0 4 75
0 37 80
0 22 169
0 28 29
0 2 166
0 36 95
18 57 192
28 40 146
10 25 99
4 5 195
0 48 82
10 39 134
1 14 191
2 10 128
18 56 72
5 16 91
1 17 28
4 43 95
0 1 114
0 40 163
0 24 146
1 23 135
2 41 153
0 31 79
0 28 104
0 38 98
47 13 139
0 35 73
2 6 200
0 40 19
57 55 137
0 51 67
46 8 62
3 15 28
0 29 148
3 28 179
0 37 188
19 26 196
0 47 190
12 7 182
0 19 42
22 31 143
12 34 63
0 45 78
0 24 15
1 36 152
1 11 186
17 54 87
0 27 38
0 13 74
55 26 44
2 6 21
11 35 155
725 31 67
0 17 19
15 34 48
7 15 35
0 5 20
2 26 34
0 53 143
0 35 138
1 25 165
531 13 131
8 58 113
15 13 55
50 14 180
9 27 49
0 25 89
57 43 54
47 13 139
0 50 95
5 13 129
129 28 137
0 46 196
85 27 124
216 42 176
9 59 15
7 10 35
25 9 173
2 5 197
1 9 139
0 6 79
54 7 128
5 34 189
13 50 62
14 21 133
30 32 169
3 39 186
0 32 37
0 42 64
0 48 121
1 5 26
0 36 165
0 6 131
0 11 136
37 17 5
0 3 7
0 56 170
0 49 192
0 8 170
1 47 155
2 56 26
0 33 23
1 42 29
0 21 120
11 38 142
0 22 109
0 43 192
4 42 66
1 6 129
0 55 162
16 52 171
3 32 120
3 17 85
0 17 185
11 52 112
4 34 64
5 27 157
18 2 104
9 41 54
2 10 104
49 25 109
374 12 21
0 17 150
13 12 186
0 8 30
4 55 3
0 1 167
0 37 36
3 16 73
1 37 183
27 33 190
7 42 162
195 38 163
0 31 191
2 25 140
0 51 105
0 14 197
9 17 190
400 39 143
1 40 155
2 31 113
3 53 57
743 46 146
0 56 33
0 25 10
0 47 173
57 59 11
34 8 178
0 35 197
6 8 49
30 48 95
311 50 84
82 26 170
21 16 141
1 18 47
0 40 91
0 31 141
230 39 73
14 5 75
0 0 58
1 38 179
16 58 52
1 11 57
4 34 57
0 1 125
0 55 85
2 46 101
0 12 145
22 14 67
0 51 56
1 30 99
3 8 135
41 53 23
2 5 7
8 12 110
7 43 36
0 40 158
10 37 64
6 39 16
0 52 69
191 34 70
1 12 190
3 35 169
0 23 76
0 39 81
1 21 133
0 6 117
1 53 150
2 56 24
2 26 35
1 22 193
12 51 162
0 42 104
0 54 134
0 13 77
1 33 60
15 51 155
0 10 173
24 21 163
2 15 92
2 11 16
0 25 136
0 38 77
6 44 161
15 20 68
10 55 184
4 3 129
2 38 51
0 9 66
1 6 184
12 11 147
0 33 72
3 1 193
3 14 162
0 32 149
4 50 82
112 47 136
1 45 46
0 36 30
15 18 48
8 55 88
0 8 196
0 23 18
0 46 137
0 16 139
2 26 114
0 14 193
0 35 1
0 27 194
4 23 85
2 10 131
97 33 118
6 59 78
0 42 98
0 48 62
0 4 28
1 44 76
1 8 59
0 3 95
6 17 114
0 24 127
0 7 59
0 13 23
46 13 58
6 14 103
33 30 95
2 43 87
0 49 56
0 57 67
1 57 177
0 39 156
0 33 185
0 13 196
0 51 119
1 40 3
0 25 51
20 18 37
0 42 47
15 7 34
6 38 124
0 33 99
146 18 76
0 6 166
0 34 115
0 1 17
0 31 47
0 4 199
0 44 58
0 7 81
0 57 96
0 53 49
10 0 64
1 52 101
0 27 25
42 52 19
1 50 131
180 0 130
0 13 115
2 13 35
44 19 181
0 15 58
1 59 144
50 48 6
0 29 15
9 50 165
0 41 10
0 24 46
4 56 79
1 6 177
321 50 148
4 29 182
4 7 177
1 30 18
0 58 186
3 3 86
0 34 144
1 45 148
0 12 140
0 45 160
55 5 10
3 26 46
3 20 41
2 53 143
0 11 26
0 52 87
0 6 103
0 33 46
0 1 50
0 36 50
42 30 195
3 56 133
0 18 124
0 35 81
2 35 200
0 58 111
2 53 103
2 0 137
0 7 109
0 13 12
1 55 132
5 59 100
0 11 33
0 11 35
369 7 62
30 53 64
12 42 22
43 1 69
10 11 87
11 42 109
82 50 185
0 0 22
23 54 166
151 29 60
0 9 55
1 8 26
1 40 141
3 30 75
9 23 24
742 1 152
2 10 170
0 23 116
115 39 160
11 20 3
0 51 152
3 21 148
2 43 79
0 36 170
9 14 125
0 23 58
7 14 14
0 34 154
0 12 173
2 13 32
1 29 19
0 33 109
23 25 131
1 59 71
0 44 40
4 53 181
207 58 36
26 8 200
3 33 166
5 30 27
3 17 1
1 53 110
0 11 86
2 11 103
0 27 105
7 13 172
1 31 195
3 15 93
6 8 69
0 4 43
4 54 76
0 52 63
0 8 96
26 17 58
3 38 53
4 9 196
0 7 142
6 10 14
5 8 149
0 1 145
121 52 62
2 58 101
3 25 16
1 53 77
620 4 26
15 48 2
0 2 107
0 51 121
0 25 196
1 56 34
2 19 97
374 38 117
256 23 7
2 19 170
0 39 69
0 2 198
6 49 82
3 12 64
1 28 40
0 39 81
0 53 9
0 51 50
0 14 151
3 15 170
193 19 78
0 59 109
0 2 117
1 59 163
7 25 113
479 43 141
1 8 20
9 24 5
3 11 52
1 28 52
12 56 8
0 34 188
1 19 52
6 53 61
2 25 26
14 23 108
0 16 48
5 28 185
0 28 91
0 34 18
0 51 13
9 8 114
1 58 14
2 2 158
43 55 183
30 10 87
458 7 84
0 28 84
6 5 5
22 51 187
0 54 69
0 47 45
25 56 31
0 24 147
1 50 26
3 58 102
0 30 114
2 43 136
8 49 60
0 6 80
7 35 139
15 48 146
2 55 58
6 25 114
616 20 115
2 0 23
0 51 37
658 23 35
14 48 71
0 19 93
0 39 197
0 39 1
68 54 12
2 38 76
1 40 100
9 14 53
1 43 44
14 35 2
8 4 44
0 15 184
34 23 23
16 26 172
0 39 80
0 45 44
7 28 43
0 29 35
0 44 9
5 27 68
7 22 40
1 27 175
0 53 20
2 29 15
0 11 26
28 55 134
25 47 49
10 6 159
14 0 132
1 33 98
0 45 85
1 18 36
131 59 17
64 21 85
30 23 154
2 49 119
0 33 130
11 55 93
2 7 60
5 36 199
5 24 149
0 21 99
84 56 137
0 59 190
30 16 37
0 26 83
5 33 2
2 0 183
1 42 175
0 7 20
0 1 192
83 29 155
0 39 4
1 40 24
34 24 165
0 37 78
1 7 16
0 8 8
0 7 69
0 22 32
487 7 136
17 42 89
481 14 142
26 45 187
0 6 100
64 54 105
29 24 46
29 45 55
650 28 67
0 5 136
1 50 2
2 37 69
5 4 12
244 8 55
6 19 70
1 56 11
14 51 195
0 27 145
11 27 31
4 27 155
13 30 52
0 55 153
0 3 136
6 11 102
0 50 31
21 38 126
6 7 15
3 41 192
16 48 70
1 38 125
3 7 167
115 27 106
0 20 196
0 9 96
3 57 62
0 35 151
375 43 33
0 8 20
0 3 68
8 10 95
5 16 36
0 41 123
592 40 152
7 16 126
2 25 162
10 40 1
209 7 4
0 33 49
0 32 195
0 51 75
1 6 91
9 37 91
0 47 119
0 11 87
3 19 85
177 50 129
0 32 55
2 59 131
10 39 190
18 50 95
0 59 168
34 29 60
17 48 100
0 3 144
2 1 167
0 15 8
23 0 63
61 37 41
12 54 26
10 3 143
5 26 141
5 39 20
2 19 56
0 28 90
0 27 146
56 23 88
10 18 197
0 50 104
0 37 36
1 46 102
8 48 134
0 17 41
9 10 163
0 40 1
0 17 51
2 12 131
6 29 190
7 29 51
20 4 199
53 46 107
6 6 39
2 7 67
15 4 40
0 55 169
0 22 76
229 32 85
33 6 137
1 47 146
14 26 185
0 53 126
1 48 168
1 17 73
235 0 96
0 37 24
31 47 2
11 18 55
0 20 76
1 12 147
1 5 25
1 13 158
10 44 79
53 33 104
0 47 75
0 47 120
9 29 96
1 27 20
40 55 51
27 31 71
0 21 158
6 39 152
0 4 127
1 23 8
746 28 91
0 28 107
2 1 184
0 42 145
0 18 117
0 27 118
0 29 193
0 38 32
10 33 174
6 51 181
1 51 63
0 41 150
4 7 141
2 4 52
0 5 60
158 10 153
0 9 185
2 59 186
0 26 136
0 28 138
24 20 177
4 42 111
0 41 70
5 58 190
375 51 94
2 57 137
0 16 47
150 12 165
180 24 13
474 54 158
1 17 30
1 54 152
23 4 24
0 26 129
0 32 106
6 50 172
0 12 21
17 16 130
29 22 100
7 43 157
0 42 106
2 8 174
1 0 200
0 32 175
183 50 106
1 53 189
0 17 141
3 21 29
0 9 35
30 23 190
8 52 153
4 13 199
11 49 105
1 35 35
1 2 76
3 53 87
0 54 125
0 34 154
0 34 53
3 51 2
11 34 33
3 16 140
1 22 34
1 40 188
0 9 112
0 32 171
0 42 63
9 5 171
18 25 4
0 24 55
3 58 178
1 44 120
0 45 13
0 26 130
28 34 25
8 7 101
2 25 159
41 32 91
14 33 54
15 48 54
1 50 117
0 25 153
0 54 129
2 42 114
0 30 76
0 48 93
12 29 84
18 29 89
0 25 88
22 23 92
0 11 87
18 34 71
0 47 21
12 22 106
0 7 94
223 53 105
0 8 58
6 38 49
0 44 103
1 30 43
8 44 32
0 51 28
0 11 17
1 18 117
7 47 118
21 54 183
704 37 43
31 40 33
10 2 84
51 22 40
14 58 52
4 50 19
19 11 71
3 55 74
0 9 187
0 18 176
4 12 190
763 27 1
0 19 196
0 49 36
0 10 130
9 6 46
30 39 56
2 35 163
93 45 22
2 19 9
5 53 140
2 50 33
0 56 4
0 14 138
11 33 154
1 50 117
10 16 151
4 10 14
292 57 55
466 0 1
4 24 114
0 29 16
2 15 79
1 18 51
10 41 27
0 51 133
3 42 162
0 39 47
3 18 104
3 26 126
154 0 146
0 42 135
60 5 42
9 13 174
3 46 90
136 9 159
56 34 61
0 41 53
2 1 196
34 22 60
8 47 164
0 16 116
3 13 134
26 28 2
0 11 195
0 32 163
3 21 127
18 7 33
1 53 118
4 52 136
3 37 61
20 51 105
0 8 78
13 34 173
751 17 191
5 23 173
0 14 168
3 50 54
0 33 146
1 51 19
5 14 142
0 15 172
2 20 176
17 27 130
0 19 49
0 36 45
4 29 73
0 17 137
251 0 111
17 6 91
4 8 198
1 40 162
6 32 152
1 38 24
60 57 22
16 41 20
12 44 178
615 44 3
11 59 10
0 34 184
0 57 63
20 50 148
0 13 81
0 21 116
4 22 133
0 31 32
21 24 131
16 34 174
0 54 38
0 27 127
0 50 141
0 32 50
53 59 108
0 58 57
2 27 147
0 58 97
5 57 136
0 19 146
1 47 65
69 0 62
1 37 61
12 1 175
0 6 116
0 15 48
1 16 21
8 11 121
0 20 26
13 32 19
0 15 87
334 22 56
1 46 8
2 42 112
10 12 92
6 7 182
0 28 160
2 20 150
6 40 3
0 21 177
42 27 183
6 25 182
44 8 195
22 7 10
0 20 94
3 59 9
0 37 28
539 41 104
17 22 65
0 29 182
1 46 158
0 53 189
0 45 193
1 55 78
7 25 196
2 19 109
0 1 109
3 14 145
0 59 60
11 19 52
1 48 91
5 16 59
11 20 172
24 54 185
258 55 114
3 12 181
0 27 30
3 47 56
1 41 32
0 51 79
87 12 133
0 53 154
660 13 18
8 39 136
633 45 189
4 32 152
4 49 157
0 34 84
0 51 2
0 29 51
14 13 98
0 26 156
6 14 159
19 44 131
2 38 191
9 8 40
3 31 121
0 26 134
4 19 123
8 30 5
0 23 25
34 48 142
0 26 115
4 51 182
0 0 143
91 20 140
3 56 125
0 17 73
4 3 188
4 30 195
0 54 162
10 42 144
0 33 180
9 24 81
2 1 4
4 34 186
0 11 188
0 36 30
0 38 21
0 12 109
6 6 63
1 38 95
11 39 100
16 42 197
44 53 136
0 19 76
6 2 199
3 55 169
4 53 139
0 34 147
3 25 188
0 56 92
0 9 120
0 1 132
24 0 182
76 32 196
1 37 5
0 14 67
10 44 154
0 39 56
3 33 179
0 0 61
0 53 156
4 30 127
1 5 76
35 51 188
1 28 188
113 31 181
1 36 167
0 35 105
51 9 82
0 18 82
4 46 95
64 45 196
249 55 156
23 46 2
1 27 90
0 2 146
1 35 168
1 2 39
2 57 75
8 11 56
0 42 197
7 4 13
4 52 118
2 29 23
3 7 61
1 17 180
1 54 65
0 17 114
0 46 199
3 18 81
17 24 151
298 39 155
7 15 93
55 17 163
2 15 112
1 43 38
0 8 24
0 27 109
9 50 136
2 44 115
44 48 98
1 9 108
0 19 98
1 0 22
1 17 184
0 53 162
0 42 22
0 35 121
6 59 26
11 31 58
0 6 111
2 46 16
2 5 110
20 16 55
24 6 191
0 46 160
0 39 141
5 15 195
0 22 118
39 11 79
24 48 99
5 37 15
2 47 147
0 8 96
0 35 131
1 11 59
3 21 130
0 42 125
0 56 134
0 2 36
0 2 73
2 7 81
23 19 1
3 0 192
0 2 4
2 7 104
0 24 90
0 23 127
6 48 145
7 35 100
2 2 144
0 42 139
0 20 180
12 26 194
1 3 50
0 40 112
1 20 155
0 1 31
1 42 176
0 46 76
1 14 188
72 36 56
337 41 88
12 39 119
0 23 199
3 43 154
3 59 6
0 45 154
1 8 27
17 13 123
0 52 3
0 1 92
0 41 136
49 45 152
4 27 138
6 41 28
3 44 138
2 39 107
0 40 28
2 9 58
14 11 22
0 47 1
41 53 124
2 29 14
13 18 99
3 21 49
512 43 110
0 18 155
0 12 165
3 34 94
1 52 167
0 54 81
0 38 162
4 17 94
1 29 33
28 10 57
20 8 15
91 23 162
0 3 40
0 4 92
605 31 144
0 59 30
1 5 180
1 26 18
1 11 174
17 19 49
81 9 169
0 23 127
3 14 148
0 17 42
0 47 59
11 18 23
2 17 78
13 46 164
5 43 146
23 43 186
0 32 106
2 0 96
0 16 92
2 31 69
11 29 49
3 6 156
2 39 37
19 2 92
9 39 6
0 0 145
0 9 115
0 12 155
37 49 117
45 40 25
1 56 136
11 10 139
0 0 152
8 53 184
1 21 111
22 42 3
0 49 68
5 5 50
7 54 47
0 50 196
3 36 2
286 29 98
2 47 61
58 0 58
4 13 107
18 42 87
142 36 41
70 46 26
2 56 155
0 22 181
481 3 35
12 32 46
2 41 11
1 45 19
370 25 193
0 17 169
5 32 128
2 15 13
0 35 57
8 34 33
112 41 69
0 51 136
7 34 114
323 32 131
273 6 97
748 51 124
1 52 35
0 31 128
3 42 33
4 18 169
1 39 42
201 2 129
0 41 18
7 40 80
43 41 195
0 38 131
4 45 46
270 0 129
6 53 156
0 2 3
2 6 18
245 12 78
2 41 64
6 13 165
4 30 107
1 55 18
9 5 195
7 50 145
7 59 43
1 35 179
11 37 166
0 54 91
11 4 171
0 9 106
1 6 176
0 30 16
0 59 153
0 50 55
25 32 43
1 25 154
1 13 198
0 5 175
0 59 98
0 36 33
2 53 174
0 17 94
4 52 88
0 6 20
348 49 167
81 0 135
2 56 11
182 56 138
32 25 13
0 43 182
0 6 57
3 4 49
0 43 34
9 48 84
0 36 148
0 22 113
0 59 74
0 39 31
8 45 122
1 1 112
0 17 47
0 26 65
5 26 59
3 18 80
7 22 181
0 34 100
8 1 47
1 21 168
0 27 55
0 3 61
556 17 111
1 44 182
5 22 119
1 38 121
9 13 21
0 53 120
32 22 175
9 27 129
0 31 133
1 22 191
0 41 152
0 55 111
5 45 151
27 13 162
0 43 194
2 34 162
274 27 158
96 28 5
1 42 20
2 48 181
0 49 185
3 45 135
2 34 186
13 57 58
30 12 29
17 57 49
0 56 36
0 47 116
0 40 99
0 22 156
3 4 1
0 15 10
1 33 50
3 44 136
1 41 111
1 7 10
3 7 113
0 43 191
38 21 200
2 34 28
0 50 47
0 21 109
0 22 158
21 50 105
0 4 36
49 43 186
4 47 128
24 2 116
136 51 58
0 25 57
6 20 170
145 49 51
2 8 42
55 13 23
3 34 159
8 57 159
150 44 22
0 13 181
0 44 22
2 43 190
0 50 112
10 47 44
0 34 124
6 46 21
438 16 123
0 14 142
9 52 177
0 52 32
5 36 60
38 18 26
0 23 134
0 11 24
1 48 23
0 49 139
0 7 191
71 52 156
5 21 2
3 39 176
2 34 150
5 58 120
0 20 160
5 52 159
12 42 42
4 44 36
0 16 1
4 12 127
8 33 64
382 53 55
0 9 199
0 10 58
0 16 70
1 6 19
3 41 135
0 10 2
2 3 10
0 6 177
0 51 64
4 30 139
1 16 88
3 51 111
1 36 155
28 13 13
1 41 103
2 3 45
0 59 164
7 45 174
0 48 74
1 55 175
0 56 156
29 40 187
44 17 89
34 13 196
0 9 112
0 2 128
33 42 112
0 54 71
0 7 199
17 30 188
285 36 4
0 16 162
0 44 139
0 45 66
374 37 197
1 25 167
2 16 24
2 55 77
0 23 169
0 27 120
12 53 163
3 29 130
0 18 10
2 15 107
7 45 186
23 38 194
1 11 103
31 3 50
0 53 76
14 54 56
2 51 86
0 7 172
14 41 65
0 12 56
0 26 70
1 50 150
4 44 130
2 56 70
9 23 73
3 43 5
0 49 175
2 55 131
6 9 147
22 42 22
6 13 196
38 52 145
3 12 29
0 44 40
24 29 94
7 56 82
106 3 72
0 4 172
18 10 25
349 52 129
5 28 74
1 13 178
16 57 83
34 45 149
1 0 37
186 16 99
50 12 135
24 29 148
2 9 152
2 0 108
1 13 110
768 34 173
5 5 30
589 29 92
40 50 86
7 15 35
84 10 28
0 52 151
0 35 90
0 41 158
0 57 50
6 5 114
11 9 163
2 16 193
137 3 159
27 17 142
6 35 1
10 5 84
0 11 53
19 24 3
5 43 24
3 10 31
1 32 31
88 34 104
80 0 88
0 51 66
1 51 181
2 5 139
10 48 118
0 32 82
1 1 116
0 24 187
1 20 197
5 18 174
2 51 100
7 23 180
2 22 103
0 48 21
9 29 165
10 7 147
0 53 133
0 15 17
0 35 1
138 40 67
1 14 3
74 2 88
0 10 15
3 19 196
7 14 158
192 29 138
5 59 102
3 58 165
9 10 153
2 9 199
0 14 69
24 20 4
1 30 36
0 43 111
59 52 48
8 41 85
1 32 59
1 49 14
598 37 109
0 40 64
246 1 88
20 13 115
1 58 126
212 23 187
133 46 79
48 45 95
9 14 152
0 45 175
4 32 187
0 56 84
0 35 92
0 0 195
0 16 53
63 58 143
1 11 90
10 33 35
0 4 49
81 58 79
0 5 125
45 15 119
5 46 99
140 30 47
0 16 34
23 4 85
6 19 32
7 35 33
1 28 178
24 43 33
78 17 116
2 9 24
0 49 75
1 28 16
1 2 82
1 54 173
0 9 97
0 32 177
0 55 48
6 2 18
0 9 195
1 37 150
0 36 95
0 51 136
1 29 125
13 9 125
0 7 189
31 32 190
0 23 6
6 51 86
17 40 80
0 46 173
0 59 182
0 14 24
1 9 13
0 40 173
1 41 118
0 11 112
1 14 147
6 34 72
2 55 44
13 12 153
7 44 68
11 59 115
14 6 158
5 54 80
25 25 93
1 10 188
1 55 170
790 45 86
0 29 6
18 35 31
2 30 112
16 47 103
2 57 23
0 19 3
0 39 108
1 38 146
9 22 117
8 50 64
0 21 112
3 48 187
0 46 200
6 58 185
0 54 170
2 52 61
1 23 110
0 24 186
2 42 139
23 59 70
135 16 97
0 1 79
0 50 64
5 17 18
0 38 188
8 56 136
0 59 37
90 46 18
0 22 161
3 23 106
0 32 174
1 52 38
0 55 89
0 31 17
20 24 139
15 57 41
0 42 85
90 1 198
0 57 28
16 9 166
7 43 144
245 49 34
404 38 161
436 51 127
0 12 194
7 24 148
1 44 124
25 32 140
2 14 1
0 21 48
3 5 146
1 30 92
186 21 19
22 54 172
1 37 138
9 12 183
0 27 103
0 5 129
0 40 68
28 12 129
9 53 152
0 53 179
2 49 145
0 58 110
0 45 28
1 52 181
8 24 197
1 39 66
0 42 147
10 53 6
1 34 120
1 31 185
0 59 39
9 35 145
31 2 57
2 9 150
0 1 82
22 8 107
52 33 103
0 20 115
10 33 47
0 3 127
0 17 74
2 27 32
26 49 127
3 37 70
0 9 1
0 20 58
3 38 46
0 33 49
21 6 67
0 2 119
0 23 27
0 33 46
0 37 50
11 53 129
0 54 19
584 12 130
1 11 18
4 12 56
6 52 33
3 51 85
0 59 149
119 11 3
0 59 160
67 53 40
0 23 64
136 51 131
0 8 30
7 16 198
19 32 79
0 51 47
0 23 176
3 28 4
0 42 4
0 28 174
16 14 160
26 34 166
1 10 53
0 36 62
1 14 33
4 15 119
56 33 12
1 46 94
0 16 181
0 36 128
6 28 80
0 21 137
6 58 190
104 30 63
0 29 177
9 5 22
11 51 173
0 53 55
7 42 147
0 12 162
1 7 142
1 35 156
0 39 67
5 36 18
7 17 190
35 13 197
0 21 84
4 44 89
0 59 32
1 15 154
0 56 14
234 44 18
3 49 96
0 37 179
0 6 156
4 33 67
0 50 154
0 19 80
477 39 84
0 51 154
3 55 59
2 49 114
4 8 118
579 29 169
0 0 68
0 46 4
129 41 103
8 9 44
3 37 81
66 11 121
3 58 83
0 33 93
0 34 193
4 3 157
5 44 139
0 34 31
15 2 4
62 29 50
7 6 99
9 22 46
2 20 104
0 6 151
0 1 59
3 4 109
0 3 57
1 37 84
21 43 45
8 36 150
1 6 28
3 0 104
5 16 151
0 48 100
9 23 64
12 35 33
1 42 134
0 20 62
8 52 36
0 4 11
28 46 173
20 43 36
1 11 145
7 43 50
0 41 48
1 27 103
0 0 60
31 38 20
0 19 102
2 26 125
24 20 131
0 46 116
0 24 54
4 32 182
3 34 55
2 16 106
4 51 178
89 15 183
0 13 30
10 34 182
4 3 200
0 17 78
636 19 155
1 1 133
0 24 88
8 37 171
3 9 127
1 54 9
0 53 112
1 41 148
4 22 181
34 46 17
11 24 155
1 36 169
13 14 85
2 2 127
0 54 17
4 37 142
0 53 73
9 57 128
41 7 138
0 47 5
0 54 82
2 35 82
0 30 90
13 35 49
0 30 136
18 20 121
0 6 42
6 47 124
113 22 86
1 49 19
0 46 153
7 48 160
0 19 88
9 14 17
0 57 51
0 25 47
1 28 133
0 6 165
0 13 45
0 32 65
1 54 73
0 28 2
2 22 122
26 53 52
0 50 27
0 38 13
0 37 48
0 32 87
0 1 43
17 10 58
4 26 105
25 48 68
0 9 170
1 59 181
0 53 171
0 24 83
2 29 149
252 7 198
25 0 106
29 40 26
1 38 114
15 14 30
7 38 73
19 42 196
22 36 27
11 10 12
19 40 70
0 33 52
0 57 45
0 15 117
1 56 142
0 28 37
0 35 94
0 45 89
0 55 134
0 53 175
5 57 28
2 14 65
136 26 102
0 3 173
7 14 107
2 29 81
7 52 146
5 15 176
4 39 167
12 55 164
0 10 152
2 17 94
0 11 77
2 8 100
2 9 105
8 35 153
0 57 200
9 56 141
0 32 151
0 5 73
0 13 16
86 39 173
1 18 38
100 5 41
0 37 8
57 44 74
0 13 146
6 34 143
5 54 103
2 46 122
18 7 167
76 35 42
191 31 188
151 14 65
0 10 55
6 21 132
0 45 169
1 55 53
26 14 150
10 8 159
1 24 38
1 53 14
15 17 188
3 6 146
2 50 67
36 38 52
0 57 138
0 38 138
26 30 114
52 6 84
1 30 159
3 14 127
41 17 35
6 10 124
15 25 2
4 59 114
2 26 53
0 59 159
34 6 29
1 0 139
1 32 175
0 32 176
241 54 90
37 8 129
2 46 83
0 43 94
16 52 177
0 43 168
1 44 144
1 58 18
0 29 78
470 26 128
31 6 97
120 7 142
3 7 25
0 30 170
0 19 156
0 10 62
1 25 146
0 5 37
0 2 162
0 23 35
1 21 195
54 12 113
9 12 169
0 57 96
0 24 12
147 44 168
4 34 10
0 54 138
10 38 79
0 51 2
29 37 45
0 7 14
1 34 59
1 46 173
0 25 3
0 53 55
65 36 82
1 26 104
1 18 192
103 30 114
0 35 121
0 32 114
48 14 125
2 21 6
278 29 188
26 47 180
77 53 138
0 24 43
2 38 69
2 37 186
0 35 121
3 2 63
121 20 113
4 39 57
19 47 199
0 40 13
3 10 50
515 3 64
20 45 58
3 29 10
0 33 73
346 0 142
37 41 140
3 7 95
0 56 190
0 51 68
13 28 67
9 3 50
46 17 190
21 4 17
18 12 48
0 21 43
3 43 173
0 6 69
639 4 152
0 49 64
0 26 168
0 8 145
0 8 160
1 31 151
9 40 52
6 30 8
14 51 155
0 50 36
0 30 126
0 29 44
0 13 132
5 25 50
3 19 36
3 46 189
0 50 11
0 11 18
19 33 144
0 30 121
2 45 103
3 19 191
0 20 78
19 48 103
1 33 117
35 42 94
20 40 160
1 58 77
1 17 118
3 3 176
585 40 171
0 47 33
1 41 99
0 40 23
97 26 192
1 59 26
61 5 142
0 18 49
0 49 95
11 22 29
0 30 137
30 32 200
1 0 83
38 4 116
14 9 166
124 39 44
2 31 124
32 2 154
2 31 143
0 31 52
11 12 143
89 24 91
6 54 153
1 17 44
0 24 158
0 10 154
13 45 171
14 11 140
0 56 174
6 13 155
132 4 180
0 52 187
3 0 193
0 43 139
1 37 27
9 33 45
1 6 163
0 40 138
0 45 105
11 9 12
159 37 134
0 37 162
5 12 28
0 26 23
25 45 187
0 37 38
0 32 183
2 8 71
0 16 61
0 51 146
1 7 131
0 10 30
0 12 143
4 59 17
1 22 15
503 30 49
0 47 132
48 49 200
1 15 175
3 2 46
0 1 11
3 11 172
75 28 11
0 21 156
3 6 44
0 21 65
1 14 157
0 5 79
2 51 132
0 9 49
3 47 164
33 41 70
0 54 127
2 48 188
2 9 152
0 6 37
0 18 154
0 47 129
0 20 154
4 29 149
2 38 119
8 38 168
0 0 143
401 14 151
1 40 130
0 36 77
0 51 136
0 17 12
4 28 53
19 36 76
40 15 107
0 29 163
1 32 29
1 9 49
1 46 179
0 56 149
77 27 150
2 7 122
0 41 182
0 11 168
0 33 97
68 49 189
14 28 118
23 1 117
66 57 19
1 59 122
28 14 51
0 15 139
1 29 1
0 17 40
5 48 32
1 45 48
0 5 113
0 42 188
0 38 20
29 17 140
326 23 168
0 32 37
1 17 170
0 56 23
0 14 50
19 8 95
20 12 40
2 29 115
4 20 151
0 46 156
5 13 160
394 47 116
3 31 27
0 41 126
7 30 153
0 4 137
14 39 122
0 6 138
0 3 114
5 28 61
27 13 85
0 1 74
1 50 70
0 24 61
1 8 175
0 31 108
0 25 99
0 35 4
1 56 148
44 14 115
73 5 33
6 12 10
0 7 26
285 28 26
4 37 97
10 57 135
6 18 15
31 3 140
0 22 66
33 13 131
1 29 108
199 51 2
16 51 138
103 50 40
1 15 119
2 2 55
23 5 129
1 27 185
0 51 138
12 10 163
1 59 42
0 28 183
1 42 65
59 7 128
691 44 125
0 20 182
2 47 166
24 30 129
0 15 6
1 44 85
50 29 86
1 17 195
87 35 166
2 13 75
7 10 82
82 42 161
12 58 111
0 41 178
0 47 120
0 30 7
0 53 43
1 48 191
2 30 177
1 44 132
0 16 101
0 59 129
299 41 154
1 42 196
8 23 28
0 50 98
5 56 123
0 35 170
15 42 90
0 23 5
96 3 137
0 6 167
0 34 171
113 41 1
0 4 40
0 26 107
1 43 188
16 30 7
0 9 31
1 50 91
3 54 15
1 22 180
3 37 58
1 32 54
6 7 145
3 58 146
0 7 195
9 1 135
15 40 84
0 30 169
1 44 55
1 36 6
42 21 66
0 45 56
3 5 8
0 2 77
26 48 188
4 14 91
6 41 196
30 20 118
603 44 60
35 55 53
1 14 56
0 41 15
0 8 73
0 31 127
2 43 139
0 10 127
478 10 18
0 18 59
1 40 60
96 49 159
0 42 130
0 34 92
1 8 199
0 41 16
2 55 136
4 37 108
0 41 83
0 15 191
1 12 113
3 48 82
758 24 138
3 30 175
199 50 171
2 53 10
3 44 26
7 48 174
1 38 83
7 45 25
0 9 67
0 59 189
4 49 172
0 0 144
6 56 41
5 4 122
2 18 161
0 12 141
50 12 42
1 44 126
12 48 31
8 14 193
0 6 81
4 18 158
0 42 178
4 10 172
0 44 24
13 49 69
23 56 10
3 42 94
4 35 169
140 54 12
0 45 159
26 52 14
0 46 166
0 25 66
0 55 120
20 10 200
0 9 101
1 9 9
65 35 12
1 53 11
0 52 181
5 32 90
0 6 120
1 23 183
0 9 135
11 17 82
102 13 101
274 40 74
0 4 29
0 10 177
41 41 23
16 33 86
3 29 106
0 16 166
0 8 121
24 11 153
0 15 47
0 17 150
97 46 73
18 14 145
1 43 139
20 49 162
0 7 42
24 16 115
2 22 194
0 21 69
12 28 72
3 8 177
39 32 60
2 44 27
6 49 69
96 18 94
32 55 151
0 15 124
0 22 107
1 16 160
2 32 167
173 58 167
2 35 200
1 16 136
0 21 130
21 41 195
0 28 14
3 32 147
3 54 25
7 57 28
4 4 150
474 52 74
0 17 60
10 10 181
0 44 195
29 58 150
95 35 32
50 30 146
3 16 55
0 25 184
0 38 46
270 11 123
0 20 48
2 59 177
0 51 69
0 54 57
2 59 32
1 6 131
22 39 107
0 58 185
39 42 63
0 32 15
0 45 70
0 10 195
2 25 176
70 28 103
1 53 133
0 40 40
0 7 115
1 33 5
0 14 28
1 42 161
6 46 45
2 3 64
25 39 128
3 27 37
0 28 110
0 52 161
0 0 176
0 34 199
2 16 33
0 27 46
1 19 41
0 8 138
0 51 179
0 13 3
0 1 132
0 43 81
1 11 107
406 48 1
1 45 44
8 21 138
2 43 154
2 58 52
0 34 138
29 3 148
1 12 169
67 23 5
0 55 1
18 0 192
0 15 163
33 12 111
0 13 100
1 29 39
0 57 94
0 40 168
0 45 102
471 51 126
0 13 133
6 7 79
5 45 106
93 3 82
9 12 114
20 55 55
0 14 17
0 40 69
3 48 66
100 21 23
5 14 63
5 33 35
588 21 37
0 27 103
0 10 108
2 6 165
5 26 200
3 12 106
2 22 8
0 37 123
7 50 77
1 24 22
39 22 72
206 47 163
0 27 34
0 40 28
3 19 98
1 52 137
3 10 199
0 54 105
0 39 113
0 46 158
128 5 30
20 40 68
4 39 166
0 2 188
6 34 128
1 26 30
13 41 7
0 34 45
0 30 71
73 4 58
3 55 149
0 23 183
3 31 10
4 50 42
1 53 106
0 6 93
0 51 26
0 6 177
1 35 18
0 45 8
168 35 128
2 43 79
3 0 50
0 30 113
1 44 105
0 54 194
1 49 158
5 30 10
0 19 13
5 34 88
3 57 29
109 49 11
1 3 125
1 45 19
1 37 40
6 51 173
2 52 92
0 36 47
0 56 129
1 16 63
9 14 132
1 59 133
1 31 125
0 39 64
3 0 39
3 40 35
1 25 73
1 31 70
9 23 93
1 47 63
8 10 122
0 40 79
506 31 101
2 36 149
258 14 1
5 51 20
0 48 14
0 42 132
1 56 90
2 24 96
0 6 56
714 43 61
2 27 41
0 1 74
0 9 89
6 14 121
0 40 139
0 4 76
3 47 189
1 36 112
0 10 162
402 6 40
0 2 71
1 21 92
4 30 63
2 48 130
28 4 145
8 17 143
0 43 88
4 33 64
0 28 6
2 57 152
0 13 88
87 6 50
1 6 71
4 0 31
1 41 12
0 42 131
0 2 173
15 1 5
2 58 194
5 51 6
0 58 72
0 57 58
0 26 184
6 45 95
0 46 171
16 26 53
0 51 195
5 59 197
6 18 95
1 34 175
3 58 143
0 23 146
11 45 37
0 32 3
0 55 114
13 54 164
5 26 138
17 15 2
5 26 8
3 22 22
1 50 114
5 4 26
4 9 21
9 46 63
258 18 25
5 54 199
0 41 14
2 41 98
0 9 180
10 45 53
0 18 122
3 30 165
0 25 57
1 5 184
0 15 92
2 22 121
0 57 164
2 40 124
1 28 146
2 19 56
15 30 59
39 27 172
29 43 16
7 40 92
0 21 174
6 22 30
2 53 161
0 13 43
0 7 25
0 33 1
0 57 36
1 9 150
0 6 178
3 7 154
0 1 144
0 10 27
8 50 165
363 15 111
18 9 38
740 0 186
113 19 48
0 28 96
2 35 197
1 58 188
176 10 47
14 45 78
4 48 112
0 11 148
0 47 138
2 10 134
2 0 127
2 50 75
5 6 2
0 24 128
1 16 18
1 22 84
1 5 55
94 3 184
5 48 107
0 15 85
2 39 26
35 44 129
0 51 117
2 17 59
2 59 129
134 8 65
2 13 68
0 22 55
0 19 190
18 30 46
16 2 159
89 19 1
0 28 35
2 13 24
3 49 168
84 45 134
4 28 32
1 54 165
0 21 53
27 20 60
6 7 144
6 45 158
5 44 192
0 51 38
3 20 162
1 39 117
13 20 186
2 34 73
6 53 85
6 4 32
1 11 181
5 10 35
103 0 182
4 32 170
14 13 68
631 54 116
17 33 55
2 49 185
0 33 147
24 34 86
1 46 80
1 34 128
1 57 92
0 27 164
2 21 131
4 31 123
5 43 5
719 22 109
1 29 72
1 50 111
0 38 153
0 32 55
29 50 15
0 20 86
3 2 111
0 4 149
12 18 22
38 42 111
0 16 186
0 2 22
0 26 26
47 36 9
5 54 141
0 34 16
0 44 163
3 7 48
1 54 14
1 6 135
8 19 117
0 50 76
13 28 191
1 44 61
0 39 31
8 6 133
17 25 143
4 49 120
2 3 79
0 59 53
4 30 33
2 4 32
5 21 178
0 4 1
0 5 38
5 27 168
0 10 125
16 38 148
2 31 162
0 8 79
36 16 184
1 52 22
0 42 143
2 23 199
3 58 22
0 11 14
3 57 1
61 53 22
8 10 125
21 59 113
96 40 50
0 47 11
5 33 156
5 38 46
2 9 183
109 55 70
0 39 4
0 42 47
0 26 58
0 59 38
13 0 101
6 19 70
0 17 151
0 55 119
8 40 31
1 20 109
0 20 188
44 52 98
5 36 36
0 9 195
0 50 91
2 8 36
0 35 193
505 10 75
28 4 38
4 12 129
0 54 123
57 56 179
0 29 91
3 59 157
53 50 105
2 3 51
1 29 94
0 20 112
91 36 45
0 53 191
12 24 136
0 28 45
0 50 184
0 51 119
4 39 87
11 44 20
53 25 146
4 53 11
90 54 116
541 4 101
30 49 141
0 20 122
35 9 179
114 49 14
34 7 188
1 14 134
173 32 120
0 33 184
0 54 31
1 48 29
18 51 151
1 8 10
1 53 155
0 37 97
0 29 7
0 53 166
0 55 136
1 41 8
0 42 117
0 51 165
48 29 179
31 54 56
1 4 1
8 4 91
5 49 99
5 55 44
0 50 45
0 27 52
0 44 53
0 59 180
2 58 139
0 4 10
0 11 32
0 13 73
0 56 61
3 27 25
2 8 200
2 9 72
0 16 29
22 57 74
4 46 71
0 16 15
0 39 41
1 48 176
0 18 78
2 37 120
0 15 11
21 43 164
0 22 152
1 36 13
4 17 4
1 38 87
10 40 125
0 42 28
4 41 64
7 37 86
0 13 100
0 40 58
2 50 67
39 43 87
18 37 4
24 42 28
6 27 64
1 11 78
0 24 69
248 33 170
219 55 125
0 11 16
33 23 138
1 32 109
0 2 20
0 45 63
1 56 146
1 36 66
5 55 144
13 16 113
0 32 123
0 41 55
15 3 85
0 25 63
42 30 95
0 17 27
2 53 17
1 9 72
9 23 169
541 36 12
0 24 105
0 5 195
0 1 85
4 36 118
3 34 71
5 35 15
21 17 29
0 2 176
0 58 22
1 1 40
441 35 190
0 37 183
1 48 158
1 20 54
157 57 93
7 25 77
0 41 139
0 8 122
142 38 31
5 58 185
2 3 157
0 59 199
1 26 193
9 33 117
3 52 130
1 57 145
0 40 122
4 27 15
17 27 87
4 4 124
0 22 136
4 11 159
4 12 81
108 38 71
79 19 32
1 26 111
0 16 58
0 6 78
12 34 197
0 14 75
0 14 94
0 33 85
194 53 88
0 13 6
0 55 175
11 4 158
0 42 30
0 30 93
0 22 134
22 59 144
0 25 37
1 37 194
20 44 188
11 54 165
2 42 14
24 12 139
1 46 20
53 11 125
24 22 4
5 48 102
3 11 120
1 35 165
1 27 23
16 42 142
9 7 168
22 22 67
4 25 80
0 14 59
3 14 88
2 45 191
1 51 115
0 23 10
2 24 152
23 13 152
165 5 78
4 27 199
2 23 19
5 47 197
2 31 157
1 39 194
620 31 41
0 35 62
0 57 183
1 13 144
3 25 32
1 13 11
0 16 22
0 10 146
70 16 196
17 2 44
7 49 87
675 23 69
2 13 36
1 31 109
10 8 69
77 30 198
0 48 155
1 44 147
0 25 52
2 12 153
80 36 83
0 50 137
0 41 24
1 2 76
1 6 24
8 9 190
6 17 95
6 50 8
16 47 157
4 40 47
1 52 112
10 45 132
2 30 21
11 35 167
0 36 66
295 44 67
3 4 172
0 47 100
0 37 47
213 56 185
0 15 158
0 33 83
12 25 78
19 45 92
16 32 2
0 57 44
16 24 196
3 17 132
1 1 67
0 59 159
5 14 46
0 51 77
2 17 22
0 49 200
1 7 71
0 27 135
94 45 41
2 51 162
0 38 154
23 39 32
0 35 29
0 18 17
4 54 47
2 28 46
2 9 122
0 54 60
2 35 49
0 25 15
1 1 92
20 47 53
0 2 125
59 52 31
7 26 103
121 54 77
1 44 7
1 55 179
7 34 193
4 44 43
4 0 190
0 54 68
7 37 183
13 37 177
0 48 30
303 40 22
0 12 168
59 11 183
2 8 200
2 27 115
2 9 34
0 17 158
2 36 193
35 18 109
1 23 12
3 40 76
41 14 192
34 29 93
4 3 136
2 8 111
0 46 29
1 51 119
21 34 137
0 52 96
0 14 185
0 47 188
36 33 84
8 28 183
0 40 148
0 27 194
0 18 197
25 19 163
0 28 134
2 7 145
3 40 143
9 41 50
21 5 194
0 28 175
22 59 141
165 5 75
0 21 14
9 17 115
10 11 186
1 42 160
46 53 24
13 32 102
0 35 2
0 32 12
2 25 183
18 30 155
0 23 120
14 46 193
8 36 69
1 40 195
6 43 91
8 41 63
30 36 57
2 43 25
160 22 27
1 2 21
1 29 91
3 35 5
0 16 135
1 49 171
1 42 154
0 44 158
1 34 96
219 33 38
0 51 149
7 33 26
7 39 93
5 39 178
0 54 88
11 43 99
432 47 160
0 50 11
4 11 172
1 3 44
0 59 68
155 46 22
5 8 37
6 14 114
0 0 58
4 33 79
1 26 184
0 21 13
5 35 187
6 58 38
3 41 33
3 30 115
1 58 81
0 44 8
123 12 130
1 30 79
0 57 63
1 21 95
371 37 121
0 2 79
0 59 113
1 38 120
2 20 27
1 8 72
0 13 4
154 0 129
0 25 42
4 48 34
544 12 50
2 34 142
0 23 88
3 45 160
0 3 54
0 22 198
11 59 133
0 54 40
4 14 167
0 3 161
0 2 9
6 0 84
0 46 179
0 16 190
160 39 131
2 27 192
27 41 100
0 46 156
0 30 88
124 3 4
0 29 55
0 46 162
33 59 194
6 23 146
4 27 105
96 57 113
0 54 103
0 4 36
2 20 106
0 40 17
8 49 162
2 35 106
4 12 111
2 42 136
1 59 31
0 1 25
96 11 21
1 16 12
0 16 115
16 27 140
1 54 65
45 10 192
3 0 39
0 13 30
0 30 93
0 5 54
0 30 55
2 0 32
82 57 14
0 35 142
1 27 17
3 30 57
1 41 23
0 24 170
1 50 84
0 4 43
1 55 100
1 58 109
90 53 120
64 19 155
1 36 85
15 40 32
2 52 118
2 11 129
2 43 105
0 35 20
1 57 95
2 40 188
6 55 23
16 26 34
4 10 15
0 0 104
9 26 119
0 19 135
6 40 82
0 51 128
21 18 80
1 6 179
3 47 66
0 23 68
5 17 187
6 27 200
0 33 11
12 50 109
7 55 74
84 37 122
10 1 88
253 13 45
0 9 177
0 20 195
728 12 123
163 24 115
1 4 110
1 28 38
0 26 118
565 31 183
4 7 171
28 52 138
3 53 7
1 27 33
1 37 107
0 25 200
0 58 189
0 39 68
0 15 35
1 30 12
0 19 91
10 41 93
0 7 3
6 38 34
0 24 12
0 9 69
2 12 20
43 55 183
19 3 39
1 55 50
2 20 38
1 8 193
682 24 191
5 29 189
1 40 80
1 32 106
0 57 131
0 30 3
2 36 77
2 6 56
8 36 92
61 27 149
45 34 72
5 37 111
3 8 50
2 23 32
2 56 51
1 2 108
22 56 26
48 32 164
0 57 21
0 4 110
1 33 167
1 40 132
10 41 82
764 50 164
0 27 4
0 39 96
8 38 43
0 16 172
0 5 44
0 14 63
0 16 67
0 45 130
7 18 170
0 34 108
0 5 79
0 33 80
3 11 192
3 8 166
23 6 188
0 52 49
1 22 88
14 47 126
3 8 55
0 12 6
0 18 35
1 22 113
1 43 114
6 28 43
0 20 98
1 3 123
12 43 13
0 29 176
42 42 200
1 5 125
0 39 36
0 11 57
0 44 19
22 0 56
0 51 99
1 2 49
0 33 50
0 0 60
5 36 83
5 39 141
0 34 90
9 57 122
3 47 148
0 11 155
19 44 35
1 9 116
0 26 17
0 27 153
0 30 91
0 24 195
3 40 124
19 35 164
1 36 112
14 25 66
2 17 33
1 16 36
1 57 167
1 27 125
39 16 12
0 34 46
0 26 16
35 56 85
1 50 84
498 7 5
0 8 114
216 40 57
1 5 179
0 30 32
4 42 39
2 58 82
12 17 118
0 34 54
2 44 116
3 5 95
0 10 163
1 55 90
0 49 27
8 26 29
3 44 85
1 8 5
2 38 39
46 5 25
3 5 50
19 1 96
0 29 195
0 39 153
17 0 181
0 19 187
22 37 126
11 28 104
5 35 75
0 35 50
1 12 142
0 28 145
9 49 185
6 54 160
4 45 76
0 56 165
9 27 152
0 30 97
0 9 81
13 18 173
8 26 41
1 41 92
0 3 13
200 52 143
20 8 85
0 36 72
0 16 155
8 25 197
1 25 149
9 14 32
10 18 99
1 6 71
0 32 143
0 47 39
0 36 144
1 8 26
130 27 178
9 11 188
0 0 18
0 36 164
53 28 139
15 28 122
0 3 116
4 19 35
0 28 32
1 7 93
34 46 128
0 38 65
366 34 67
6 54 158
13 39 71
5 28 16
0 35 109
0 17 182
1 33 164
1 4 194
160 40 38
0 54 13
17 6 121
5 27 68
0 56 8
5 2 163
0 59 72
1 55 149
3 19 159
1 12 133
0 58 130
17 50 59
5 27 179
21 6 179
0 13 6
0 2 3
26 49 18
1 17 163
4 49 63
8 36 129
187 13 167
0 29 21
4 12 32
2 32 108
6 53 193
75 44 182
1 33 88
0 1 3
77 24 147
0 47 198
0 31 14
17 20 63
0 52 5
0 54 15
184 38 97
0 31 148
0 4 122
9 13 141
0 14 43
2 23 38
13 33 51
10 29 112
12 41 153
0 18 81
5 14 99
0 59 152
0 43 198
13 42 47
2 59 80
0 17 142
17 24 133
0 27 165
28 41 130
12 53 186
0 45 178
2 10 93
0 13 69
3 49 77
128 55 111
0 31 116
77 51 117
0 56 163
1 17 164
15 13 41
1 28 126
1 25 143
10 45 137
2 20 140
15 28 104
2 2 58
0 42 182
0 1 149
11 13 137
31 17 155
7 46 2
0 51 128
4 40 37
15 6 94
354 43 166
1 37 148
1 36 71
48 39 195
0 30 103
10 32 12
10 19 120
2 35 178
4 39 77
9 18 191
6 18 29
90 9 16
42 8 44
16 59 9
0 41 120
2 34 26
170 1 55
0 42 5
0 22 138
6 16 154
0 12 150
4 16 30
5 22 110
6 41 110
0 47 90
6 10 117
0 17 53
0 51 67
0 2 64
4 43 106
2 39 47
152 19 137
22 8 94
288 38 99
10 16 174
58 3 168
0 40 114
0 31 160
163 33 195
1 20 73
84 58 160
1 58 113
0 9 65
0 39 12
0 46 67
4 49 173
8 22 15
4 45 13
0 1 197
0 22 148
3 41 64
2 6 155
9 41 200
27 28 113
10 12 178
9 56 196
7 45 195
6 37 122
1 49 34
7 45 91
4 14 123
14 21 188
0 48 66
28 52 35
121 52 27
0 50 84
0 11 147
10 29 95
0 56 30
29 32 7
58 35 113
2 24 57
0 49 156
0 21 43
1 14 37
15 26 187
45 48 154
0 36 195
3 43 181
21 5 81
15 44 54
30 1 11
1 28 106
0 49 95
18 30 127
1 10 28
0 45 77
0 0 173
6 31 142
14 10 19
88 59 177
0 35 36
0 45 191
431 14 18
382 10 50
5 7 108
0 21 68
3 18 29
0 49 56
31 48 14
697 46 59
2 25 22
0 15 15
0 28 155
12 59 153
15 43 183
0 55 95
1 15 71
0 39 70
0 21 92
4 14 67
1 33 13
0 29 97
5 50 171
0 44 168
3 40 47
3 26 166
3 46 127
5 43 161
0 50 195
42 28 133
89 56 127
0 19 97
19 5 4
75 8 102
87 4 72
2 0 193
57 0 183
1 16 139
2 2 45
3 59 97
7 49 131
0 39 51
0 25 147
464 58 29
22 28 93
1 13 174
0 0 99
33 18 95
7 56 173
2 44 151
0 39 86
4 26 34
0 7 123
56 49 137
2 5 74
0 10 63
0 57 156
0 55 199
0 31 20
0 1 104
3 34 106
3 25 56
0 2 6
20 42 194
0 58 105
0 16 179
0 55 20
1 5 137
16 12 53
0 49 69
2 48 194
0 55 139
5 38 155
0 40 161
33 21 7
2 52 128
1 56 200
0 21 140
4 8 78
0 18 10
29 20 4
18 47 74
0 5 85
4 22 32
0 30 88
70 22 27
28 13 98
6 53 7
1 5 55
2 58 99
2 19 131
4 36 92
0 22 174
4 29 99
11 7 146
17 15 15
16 43 78
1 13 169
4 34 183
0 36 158
65 2 114
3 54 152
93 41 174
0 20 65
0 29 183
0 55 179
0 45 187
47 52 183
0 14 140
54 17 110
0 53 183
7 29 183
19 18 106
1 50 122
0 33 8
0 10 189
6 21 83
1 19 148
155 27 35
16 48 9
0 9 10
0 16 35
48 28 146
4 1 182
4 30 51
1 26 61
21 22 119
629 18 91
0 28 171
0 57 139
3 57 124
0 11 46
12 27 42
58 54 64
1 12 35
1 20 53
0 40 69
0 19 27
2 55 24
1 9 61
29 2 74
1 20 82
1 37 181
39 22 108
407 43 10
0 34 97
0 30 80
16 56 174
0 51 166
1 55 73
0 17 91
17 57 178
6 42 60
0 29 128
0 26 12
212 24 174
9 48 73
14 20 122
1 29 67
31 20 20
22 7 153
1 9 1
4 6 146
0 36 3
2 10 45
2 37 49
1 59 51
0 14 51
5 48 93
1 58 193
3 19 89
0 8 147
266 41 87
1 7 115
12 25 138
0 57 115
0 49 161
30 24 146
4 58 85
3 41 13
185 10 48
4 28 149
11 44 175
13 23 39
360 12 199
2 0 150
0 4 24
1 10 199
0 59 159
0 17 91
0 32 200
154 7 158
17 50 168
0 57 52
0 10 26
0 57 200
6 1 183
39 14 158
7 14 25
0 47 116
1 6 63
1 43 126
0 1 7
0 37 46
5 36 153
4 0 51
5 7 141
0 16 89
25 59 99
1 25 122
0 17 73
32 4 75
26 10 111
1 55 66
5 29 130
116 28 25
0 31 24
5 43 100
1 32 154
1 24 136
5 54 112
3 32 27
16 24 83
203 7 77
0 54 99
151 22 117
0 55 30
5 17 95
95 18 59
0 3 129
0 31 185
16 53 77
19 46 160
12 24 180
0 55 189
2 42 165
2 55 57
0 7 126
172 40 194
3 39 111
27 34 109
1 35 193
1 18 194
3 11 6
0 19 127
1 27 7
2 5 106
0 45 31
11 37 138
41 49 93
30 43 98
0 34 41
41 1 117
1 48 50
0 46 21
17 18 120
9 52 78
2 21 37
292 58 110
0 18 119
0 48 137
1 7 48
0 57 121
2 3 46
1 8 172
0 26 68
119 41 153
1 50 40
0 26 165
432 20 62
7 54 183
1 7 176
4 56 24
4 31 23
2 4 21
138 37 79
1 58 116
3 33 98
1 49 181
2 19 31
59 17 149
0 22 138
101 10 1
2 23 27
0 52 199
1 48 5
2 41 17
16 20 18
13 15 24
3 11 94
1 19 37
44 26 80
0 36 153
4 17 114
348 44 154
14 4 11
1 9 194
1 43 179
0 27 137
0 53 131
11 42 146
1 18 44
2 45 124
6 1 148
30 27 42
5 47 144
15 24 18
4 27 190
1 42 2
5 42 86
11 38 19
2 34 165
15 43 26
15 0 100
10 22 39
0 34 63
13 22 36
4 20 189
6 9 101
728 10 156
165 46 181
0 35 148
0 8 66
0 58 190
0 59 180
0 55 149
0 35 19
0 15 193
500 34 56
1 2 56
165 50 83
79 8 23
46 29 112
8 2 178
34 4 95
1 1 124
0 45 77
0 43 76
4 59 193
0 46 60
2 15 184
0 2 199
1 31 173
0 22 22
194 31 26
0 40 56
0 8 161
12 23 151
18 16 106
3 28 150
38 54 65
0 25 69
1 6 10
2 10 195
18 50 55
0 28 136
76 38 181
3 17 141
3 5 124
2 42 118
0 45 171
1 3 112
0 19 79
1 58 28
15 54 36
13 37 132
0 37 50
118 0 193
0 52 97
3 42 47
0 54 123
1 22 25
0 11 42
0 12 61
19 20 85
0 38 113
6 48 123
0 9 50
0 2 6
0 58 196
0 52 138
3 43 67
2 45 175
0 20 166
6 27 107
2 27 101
0 0 95
0 42 41
0 23 70
0 23 187
0 26 41
6 35 36
2 37 39
1 45 167
1 45 34
0 29 43
0 59 46
3 23 82
0 30 152
0 22 78
0 58 15
0 0 42
2 47 94
127 22 14
2 25 65
63 24 154
0 25 15
75 15 6
1 6 144
7 15 68
4 4 123
14 24 150
96 57 35
0 56 109
30 52 173
0 11 54
0 24 103
43 52 38
4 44 51
1 25 166
83 33 90
0 31 114
0 27 176
19 27 146
1 3 119
5 27 39
0 50 103
34 12 79
8 29 82
0 2 174
0 26 75
56 28 173
470 30 44
1 57 183
5 47 67
154 34 15
0 54 132
4 44 8
1 1 90
2 53 55
0 52 71
3 32 163
164 33 135
2 49 127
1 46 186
1 6 92
430 59 200
353 31 52
0 50 126
0 58 69
0 49 190
0 49 17
11 4 156
0 18 54
0 20 142
3 7 103
3 20 59
0 26 39
2 52 58
17 25 179
0 1 29
1 12 34
0 0 139
1 20 99
0 10 90
0 5 122
4 36 167
0 29 175
64 56 199
1 45 105
3 30 99
1 19 10
725 56 51
12 2 92
0 9 198
5 4 110
0 41 185
127 55 77
4 10 115
4 21 138
1 27 114
1 33 72
17 46 152
31 33 123
0 26 110
0 19 197
3 3 94
1 35 25
0 53 186
5 38 178
0 38 138
31 30 142
0 48 78
3 59 93
5 53 76
0 45 44
0 42 198
1 14 79
3 25 165
43 32 199
0 32 101
3 41 166
0 20 187
0 59 113
1 7 24
1 36 33
0 30 4
0 46 105
0 10 175
0 40 16
0 30 178
0 1 185
7 11 79
0 9 61
440 3 185
99 12 17
38 9 136
5 40 21
8 10 92
1 9 40
96 15 83
4 27 155
0 46 174
17 54 82
9 32 96
20 30 123
16 20 111
1 13 149
1 5 33
1 23 48
12 11 9
0 59 3
1 37 122
3 49 107
22 39 93
0 30 152
7 20 58
0 11 53
3 41 41
270 10 94
2 18 152
1 22 74
5 17 71
2 2 75
78 59 66
9 35 44
0 31 86
5 50 129
0 35 95
0 21 122
0 12 83
5 37 9
0 36 14
0 3 9
177 54 128
3 24 167
17 14 187
0 52 96
103 11 11
5 59 110
0 35 5
181 31 44
89 17 152
1 1 60
53 58 53
20 57 111
3 20 83
3 10 184
51 47 119
4 7 15
0 30 158
6 47 54
58 39 28
58 20 165
2 34 72
10 17 67
0 51 126
4 6 13
0 22 128
0 55 141
0 29 20
8 8 158
0 39 185
0 12 91
0 13 83
0 42 138
0 4 29
1 59 149
0 19 16
2 57 184
7 41 123
0 47 80
21 29 179
2 48 112
2 16 170
0 42 84
246 4 139
0 39 117
0 27 96
0 17 70
1 7 171
407 28 94
0 30 97
1 15 20
22 58 102
4 53 107
12 26 152
4 23 79
0 6 22
3 25 7
12 5 49
0 46 54
284 19 95
1 4 24
21 5 76
5 23 2
36 15 7
3 51 124
40 32 176
4 25 176
250 29 199
2 1 23
0 34 59
10 17 169
176 26 122
14 59 114
50 22 180
3 4 144
3 27 54
0 24 147
0 24 140
1 11 34
0 40 38
25 31 57
0 52 87
0 11 131
0 48 158
0 51 186
4 19 112
1 10 20
0 27 95
9 20 44
0 55 162
4 34 117
15 2 102
464 6 119
3 25 22
1 52 70
7 57 168
52 56 154
0 4 15
2 29 170
24 30 37
7 31 122
0 40 27
0 52 64
0 19 55
1 5 164
54 4 193
1 8 43
7 40 98
27 36 140
30 14 68
12 51 67
3 8 132
0 22 161
5 23 97
0 51 141
0 11 135
0 44 59
0 11 76
125 41 189
0 56 146
1 40 84
1 13 166
7 11 45
18 2 177
1 5 104
4 24 145
6 52 53
3 4 88
137 24 167
3 28 146
1 2 196
13 40 5
2 56 119
7 26 114
3 19 168
0 40 65
4 46 116
2 28 13
0 55 73
2 49 107
6 35 82
0 59 179
0 32 97
1 49 97
12 19 97
2 56 182
2 4 60
1 2 90
0 0 107
0 46 4
38 1 14
40 43 53
43 41 33
0 8 17
1 18 25
0 11 105
188 48 92
1 16 26
0 28 48
0 43 3
0 13 15
1 22 180
174 50 72
12 13 185
16 45 129
5 16 85
349 30 89
2 42 24
0 46 128
0 26 141
0 43 148
13 21 192
5 42 43
5 32 189
18 8 149
22 19 96
0 54 64
2 19 5
0 48 92
4 13 185
0 23 134
5 35 33
1 24 101
1 6 125
2 32 6
15 25 163
53 34 143
18 52 200
0 19 69
40 57 63
0 35 45
16 26 64
0 53 182
0 17 182
99 15 134
0 55 103
0 29 140
20 52 157
9 9 194
1 48 121
11 57 123
9 18 127
6 52 116
2 21 97
27 12 93
3 46 110
18 27 85
10 8 177
5 4 62
0 27 133
0 55 36
33 51 143
8 30 80
0 59 188
0 24 76
1 24 144
82 47 38
52 6 55
3 51 78
38 43 104
1 40 151
0 2 24
13 12 147
268 25 138
0 18 177
4 26 166
0 32 90
0 57 152
0 5 115
0 3 167
2 17 180
13 7 88
17 26 52
0 55 52
7 2 7
153 32 121
3 55 4
0 31 95
1 14 196
202 17 52
7 1 22
0 39 97
474 11 188
0 25 194
1 53 187
0 20 198
0 8 78
6 48 120
3 38 17
36 17 98
3 12 66
0 49 168
2 58 56
6 1 159
2 6 66
0 37 42
0 39 169
1 7 103
2 19 199
4 53 185
2 30 44
2 1 8
19 22 62
0 35 41
26 41 129
0 36 12
0 42 141
0 16 164
0 55 17
0 43 9
25 56 134
28 36 71
510 22 32
0 30 108
5 48 194
0 21 13
2 14 146
0 14 152
2 4 82
1 5 99
74 34 132
0 2 191
0 22 135
630 44 101
3 30 8
2 43 93
0 29 76
0 43 43
0 25 46
6 29 18
0 52 194
8 43 121
2 43 62
2 8 84
3 17 142
13 47 9
0 10 158
23 4 99
0 16 93
3 46 161
6 30 15
3 19 187
4 55 9
1 42 90
1 43 56
0 50 99
0 50 13
30 25 132
2 27 115
2 44 18
1 24 38
0 2 99
26 40 144
0 6 113
0 39 165
17 30 85
1 29 75
66 48 9
0 41 39
0 48 25
1 29 122
2 55 22
35 48 37
3 0 61
14 55 115
1 39 163
35 36 21
2 48 4
0 43 90
0 11 92
1 22 145
0 26 168
0 49 192
17 39 91
1 14 125
0 25 146
0 44 104
0 28 158
0 58 187
6 6 121
2 27 190
0 15 168
6 14 56
10 31 156
0 25 114
213 37 188
89 2 3
0 13 77
0 29 104
0 57 22
1 54 37
0 51 7
52 2 156
0 42 12
0 0 117
390 30 44
22 44 138
12 51 91
11 59 18
0 3 173
0 59 61
0 35 171
4 48 67
33 30 127
0 38 27
0 51 66
37 54 15
35 49 73
5 39 37
1 38 41
0 13 53
0 3 57
113 26 91
5 1 167
3 40 15
0 3 102
0 27 98
58 36 46
2 30 45
0 21 167
0 15 25
0 14 177
2 24 130
65 0 25
3 10 30
0 42 105
1 5 64
1 41 170
0 19 39
2 30 197
0 28 46
0 58 186
1 13 15
1 33 171
1 11 132
1 9 91
0 27 36
133 28 172
3 10 60
1 52 113
0 13 173
0 51 32
0 16 125
1 16 123
0 5 139
3 28 125
0 48 140
2 0 151
0 35 143
93 51 175
0 36 88
0 50 30
2 4 127
2 45 108
5 45 81
23 4 184
0 43 181
11 18 192
653 38 132
2 34 69
3 35 194
2 33 71
67 43 49
13 16 162
0 7 170
155 38 195
536 3 139
0 5 104
2 29 173
45 56 171
0 5 12
0 19 52
2 18 43
3 47 112
9 5 41
5 22 42
0 10 166
783 17 95
2 40 79
1 2 76
32 50 168
0 12 145
1 16 21
1 41 180
0 46 28
0 45 50
17 29 172
1 8 48
0 43 193
0 38 172
419 59 115
0 52 191
5 31 136
227 27 129
3 30 2
0 40 154
12 1 183
14 30 20
5 50 94
27 18 56
54 49 14
136 56 200
2 55 167
15 51 27
0 25 105
457 21 46
1 4 115
12 21 162
2 13 71
1 11 81
0 59 5
1 2 155
56 56 47
0 51 142
0 40 69
2 25 145
6 7 14
1 36 61
0 59 13
1 27 184
2 13 190
4 28 141
0 3 85
0 36 169
0 46 91
9 17 15
9 53 3
1 6 153
1 51 121
1 8 172
16 46 126
141 46 48
0 17 25
0 56 127
6 47 27
1 51 126
1 2 194
0 28 72
12 48 151
1 7 25
2 1 75
8 18 48
1 45 34
0 26 118
0 10 162
0 0 70
0 59 148
21 18 183
0 18 139
1 36 67
0 27 99
4 29 53
0 51 16
9 46 67
378 56 192
5 2 57
0 11 153
322 54 199
1 53 192
14 11 53
1 34 69
8 56 186
0 42 72
1 0 58
8 39 182
1 7 186
17 51 97
1 16 175
7 55 149
0 56 181
4 7 117
0 21 51
5 34 158
0 46 163
0 46 169
1 1 71
8 22 38
9 23 115
0 14 21
1 25 146
0 11 125
0 12 139
0 5 42
101 8 17
0 15 71
0 51 72
6 22 139
0 28 144
173 43 116
0 27 92
1 6 59
1 20 19
2 24 40
19 17 189
0 24 147
2 26 64
11 5 150
0 41 120
91 4 19
42 48 124
0 3 146
116 48 146
0 44 132
27 21 191
4 19 54
3 7 146
22 32 2
0 52 200
0 33 72
67 56 132
57 4 193
6 6 25
2 31 179
2 34 189
0 27 41
0 42 32
5 8 158
25 52 104
1 51 19
3 35 106
0 0 128
24 21 23
0 0 55
54 15 128
15 54 13
0 46 124
0 33 144
2 15 25
1 33 123
0 41 73
38 14 83
8 48 93
0 57 4
36 5 188
0 3 86
0 13 122
0 58 5
22 41 95
0 55 120
1 49 74
1 26 91
0 49 104
2 0 38
0 33 59
0 45 15
0 10 105
1 6 154
0 54 34
1 4 49
1 41 105
0 54 152
1 53 132
0 23 179
25 50 179
0 6 163
1 41 168
0 59 173
0 5 195
0 6 79
0 57 141
8 9 9
542 39 144
0 25 32
1 39 81
18 29 18
0 35 20
2 5 168
197 0 122
191 23 196
55 16 93
4 45 165
0 9 24
0 9 9
13 7 171
3 57 52
1 28 70
1 25 152
22 13 25
1 45 82
0 4 197
2 22 122
1 19 24
0 33 122
0 38 168
119 39 44
0 57 36
0 27 163
0 40 80
0 56 177
0 35 187
4 16 71
1 5 50
0 59 72
1 29 12
34 20 133
0 25 110
1 21 104
0 22 131
2 5 26
0 51 25
0 26 197
0 19 184
1 32 160
0 11 193
18 22 118
0 45 169
26 4 111
0 35 107
266 13 32
237 20 32
1 17 115
0 49 175
1 4 138
29 16 75
138 38 28
2 8 22
1 14 131
0 28 66
0 14 15
4 22 160
2 18 2
6 55 62
4 19 69
1 49 54
76 33 152
30 11 92
0 24 163
1 7 21
4 7 39
671 49 9
0 31 118
27 24 29
6 27 96
4 24 16
0 4 31
2 51 140
0 30 55
0 5 135
1 58 64
0 38 48
65 32 20
15 53 97
0 36 132
1 54 131
0 51 51
3 7 177
4 45 126
0 5 129
428 8 173
0 55 50
53 21 18
14 17 13
0 17 67
57 22 181
0 24 7
0 52 165
13 7 46
0 58 15
0 30 135
1 18 167
542 16 151
1 51 127
9 29 121
6 30 136
0 45 48
2 3 88
0 41 37
0 10 3
0 23 84
3 12 54
1 23 68
0 28 151
1 57 90
5 39 52
43 7 137
0 49 124
3 36 5
13 16 177
328 19 81
149 5 138
39 18 87
15 22 152
1 37 61
2 5 11
82 12 161
5 17 13
1 5 71
4 19 156
68 13 44
0 5 42
3 58 27
0 49 140
0 3 90
3 23 167
2 35 21
0 5 166
4 44 113
198 19 107
0 35 196
4 54 113
7 13 153
6 50 61
0 57 134
2 15 118
12 27 88
1 59 47
0 19 190
1 12 46
56 11 129
57 44 145
0 39 140
1 19 48
4 48 34
14 51 42
0 54 69
2 17 122
8 28 101
0 8 13
2 5 86
0 28 34
3 28 112
2 40 76
40 24 70
0 0 147
0 18 200
729 54 195
0 55 104
0 20 147
0 34 156
57 17 43
8 18 156
0 47 121
0 35 178
69 8 123
0 13 23
28 7 198
15 31 29
153 44 42
0 12 66
0 9 151
5 29 178
204 17 147
43 11 59
2 17 104
34 22 46
2 4 136
0 29 198
1 20 12
5 42 9
0 57 169
1 29 9
0 0 139
0 59 90
0 45 196
15 1 44
0 44 85
138 3 169
10 36 15
2 55 134
0 4 63
1 34 145
0 27 122
0 31 141
56 17 105
54 33 72
1 55 27
28 45 26
1 32 135
0 34 64
89 35 54
36 4 73
0 7 162
1 0 112
13 20 58
0 39 59
6 39 8
0 59 164
21 50 139
0 55 19
0 7 167
0 48 142
67 43 131
5 36 164
0 41 31
3 15 175
7 23 158
0 24 21
1 23 149
1 14 16
10 17 141
9 44 109
0 10 190
4 3 152
2 3 50
1 19 16
1 27 156
24 7 148
20 42 72
3 26 131
2 55 28
7 39 128
1 0 45
84 40 86
0 29 39
0 29 18
0 25 35
1 29 91
1 52 178
0 46 124
0 59 63
2 54 73
10 53 105
2 26 58
4 47 153
0 55 46
0 30 198
0 10 64
1 22 56
3 12 147
4 33 149
0 14 86
1 46 107
1 40 17
51 51 75
4 38 41
0 41 66
3 51 4
0 0 115
8 54 97
6 33 89
10 25 40
2 5 8
1 47 118
0 8 28
14 47 73
2 1 173
7 45 91
0 9 23
20 7 135
0 21 30
35 7 156
557 31 37
44 46 63
7 26 12
9 20 179
0 37 74
0 19 110
0 10 54
4 21 11
14 2 186
0 46 45
2 58 63
0 4 173
0 45 2
35 37 179
0 11 88
24 48 67
10 48 115
4 10 194
0 36 151
104 35 99
0 45 185
0 39 18
10 51 88
0 7 131
33 58 50
12 40 62
0 15 103
2 41 39
0 8 138
1 40 62
2 23 49
2 51 199
339 11 140
25 16 78
4 24 131
0 54 66
0 21 21
5 14 82
1 34 98
1 23 8
12 24 40
8 22 132
2 58 194
0 57 31
1 53 64
0 21 51
0 7 70
55 51 39
0 59 8
5 54 143
1 31 110
0 56 20
54 37 163
14 36 80
0 39 34
6 7 107
0 48 140
0 27 28
19 8 173
0 16 54
0 2 65
4 41 93
0 8 71
3 16 56
172 8 12
0 38 1
655 32 2
0 2 70
5 32 6
182 12 174
1 57 117
14 59 200
11 44 60
8 38 168
0 1 33
1 35 38
10 58 39
0 17 82
3 6 129
0 14 68
7 23 100
0 38 113
11 20 169
0 30 106
0 28 37
2 37 11
3 59 75
12 42 6
0 12 25
0 29 4
0 38 144
4 38 162
10 18 51
29 39 18
2 3 166
1 30 10
1 10 19
0 39 162
2 34 14
0 21 15
0 15 161
6 23 182
1 32 113
1 50 139
36 41 69
0 9 99
0 27 161
0 49 89
0 8 13
5 30 168
49 41 63
0 5 173
0 43 186
0 12 9
2 38 15
1 41 43
0 20 198
23 10 96
0 32 112
1 54 28
59 48 120
0 55 174
646 40 116
4 46 103
0 17 25
4 25 19
0 33 154
0 48 100
240 8 3
0 27 146
7 14 44
0 4 193
0 16 194
0 1 99
17 48 41
23 38 36
289 44 114
1 5 156
17 33 56
0 1 151
1 5 91
4 36 53
11 18 144
0 20 48
1 34 100
0 16 21
2 42 159
228 40 191
1 45 178
15 16 40
89 14 192
31 5 85
67 3 57
0 15 27
34 25 18
5 35 193
2 15 4
165 17 177
0 58 43
0 35 181
3 0 73
350 15 43
1 39 96
0 59 158
1 31 16
9 0 67
0 10 39
10 13 59
11 36 166
5 57 3
4 3 36
2 27 125
3 47 118
15 35 38
3 15 178
1 55 34
12 59 144
16 8 74
1 10 72
6 18 25
0 20 161
1 2 80
0 53 168
9 27 23
6 7 103
1 46 12
85 59 102
3 34 157
0 38 174
27 14 22
17 1 104
2 15 146
0 2 12
2 44 177
13 2 105
0 36 81
237 34 170
2 47 47
1 38 180
1 29 136
0 38 3
0 57 174
16 32 73
0 53 115
69 56 159
0 46 123
0 41 7
0 27 175
0 5 135
0 8 6
4 29 101
0 53 3
0 1 161
94 36 10
73 17 51
0 28 75
9 9 112
23 54 184
0 50 47
46 17 24
8 32 80
72 55 149
0 58 38
0 35 173
0 1 21
13 42 114
699 30 109
1 11 199
0 55 13
2 14 103
1 46 171
0 45 95
3 24 120
0 57 59
14 31 51
3 57 141
4 25 21
0 49 2
0 24 147
90 45 132
0 27 60
1 13 89
0 57 170
0 22 85
0 54 128
1 32 188
13 46 117
1 59 59
2 3 182
0 54 39
0 30 198
0 52 25
0 28 24
0 33 7
1 33 86
0 35 3
0 49 1
5 50 189
686 39 33
0 58 150
165 3 151
0 13 91
16 42 70
0 30 197
4 10 191
1 12 175
0 0 84
81 19 162
0 59 199
0 10 50
0 34 187
2 40 116
0 5 48
0 28 195
16 57 42
34 11 78
0 43 119
0 52 175
0 28 44
8 34 192
1 30 198
0 15 160
3 13 87
4 45 24
6 20 81
1 12 125
3 40 94
1 3 184
1 58 87
0 6 60
36 31 93
2 59 4
95 29 150
0 17 108
0 39 104
0 20 50
2 26 85
1 29 26
2 16 38
0 49 47
0 48 89
0 50 143
5 52 53
2 9 187
2 33 16
24 39 161
4 59 140
68 36 111
120 51 77
0 53 1
2 53 52
0 36 132
95 34 93
10 35 122
8 47 139
5 9 105
11 59 122
7 6 96
1 30 104
0 19 103
10 0 26
1 27 60
290 0 119
521 59 171
15 0 135
19 49 46
0 34 184
5 24 27
3 47 158
20 35 33
1 13 32
0 2 66
1 27 77
3 29 97
0 38 26
2 2 4
17 21 126
0 2 130
0 49 132
0 49 140
0 57 155
18 18 151
3 43 116
0 52 57
0 28 168
24 0 178
1 15 166
23 43 64
2 52 67
0 14 177
122 5 178
20 53 49
52 34 149
0 30 39
15 57 20
73 56 131
1 17 122
0 9 72
4 3 3
0 56 101
1 22 153
0 15 50
0 15 187
18 12 124
1 27 149
66 12 45
1 15 179
119 41 137
11 46 190
1 12 70
46 28 188
0 22 13
1 46 100
16 7 141
90 19 6
13 1 117
39 34 172
0 32 147
3 57 184
3 36 192
2 50 83
1 41 75
0 33 183
32 49 83
8 23 187
10 37 116
44 9 37
3 16 115
0 34 69
0 42 102
0 47 70
31 56 123
433 40 5
0 3 81
0 12 50
15 32 1
0 4 163
1 5 199
4 47 62
8 8 96
3 38 58
4 29 147
30 1 158
0 28 97
11 47 129
0 11 96
0 15 115
0 38 54
0 44 67
0 48 88
10 54 67
37 59 60
6 38 60
3 48 91
26 44 175
3 53 155
0 1 135
1 27 198
0 0 115
225 19 190
12 44 200
1 26 150
35 22 171
1 7 70
0 55 56
0 12 193
17 4 122
207 41 120
1 44 135
8 10 111
1 15 92
0 18 190
0 12 41
0 23 148
33 34 73
1 38 125
0 19 147
0 22 13
0 52 44
0 9 75
3 47 148
2 47 7
1 29 134
0 38 187
0 51 114
99 38 166
6 11 31
0 39 79
631 5 134
1 40 17
2 23 58
1 35 89
1 11 89
0 48 132
246 33 101
3 40 99
400 59 125
0 53 11
2 25 130
3 26 90
13 9 108
1 11 175
48 17 73
4 53 49
0 10 98
8 3 66
0 12 82
2 47 32
2 32 106
289 17 22
4 26 47
6 41 9
0 13 56
0 17 151
0 12 200
3 12 67
0 17 70
0 45 33
0 41 165
412 13 29
17 35 111
0 38 166
165 29 190
0 49 19
39 19 117
5 45 41
48 48 57
4 40 112
3 39 41
1 38 91
18 8 51
0 28 86
2 11 176
2 40 126
0 11 115
0 38 66
0 13 34
12 51 90
218 41 145
1 0 99
182 55 149
1 12 131
1 50 52
27 24 184
2 59 81
0 41 165
0 56 59
283 21 192
0 31 118
31 20 180
116 25 154
98 18 44
6 10 94
1 12 124
0 21 65
3 40 55
0 26 55
41 25 17
0 36 192
19 48 53
0 2 137
6 3 89
0 9 76
1 33 114
22 27 38
103 38 95
32 29 85
4 45 24
0 15 8
8 8 120
0 6 187
0 22 22
0 10 5
0 14 3
0 20 192
5 23 137
10 46 92
0 45 131
2 26 110
7 12 33
5 38 85
2 7 81
12 12 141
1 42 109
12 3 99
3 55 26
3 6 80
353 27 131
0 6 45
1 4 96
1 43 41
0 6 95
0 21 117
7 43 98
8 11 155
0 18 99
0 51 92
432 24 111
8 16 77
5 10 66
5 27 49
12 39 155
0 9 6
3 19 2
0 17 178
380 58 38
43 39 197
0 14 167
65 52 114
0 57 46
0 29 175
1 44 120
0 14 193
7 40 47
7 36 51
1 12 155
1 1 91
93 46 156
23 28 110
4 4 29
0 48 87
6 44 128
1 11 157
2 35 123
0 57 55
0 1 93
114 29 11
9 7 152
1 37 129
5 27 60
14 31 185
0 9 10
0 17 37
1 20 46
2 21 13
2 23 63
577 56 154
4 12 34
0 3 95
3 30 64
6 0 12
48 28 181
0 23 20
2 43 23
25 50 187
131 49 142
0 58 144
3 28 38
31 47 64
0 40 46
17 50 93
0 29 138
1 29 81
5 52 154
0 58 99
9 41 68
4 40 62
5 10 109
3 6 49
0 35 52
0 30 132
50 40 115
42 20 28
0 29 53
8 33 63
2 30 78
0 19 77
0 14 45
0 15 77
8 1 166
0 31 72
25 28 153
1 28 197
136 42 180
51 32 8
11 39 91
767 9 193
12 39 62
1 5 117
235 37 19
1 1 69
24 5 174
1 22 129
0 23 81
0 29 106
1 19 4
6 32 148
3 3 132
19 3 51
31 40 37
0 9 155
1 11 158
0 31 23
0 38 97
6 32 33
203 45 146
240 20 65
8 0 151
1 48 163
0 42 65
0 37 182
11 58 111
0 16 57
0 2 183
3 6 50
93 31 179
1 1 76
0 59 189
7 45 17
1 53 125
2 32 156
1 41 98
413 52 107
3 36 14
1 17 139
4 31 176
20 8 149
71 1 185
5 33 115
1 27 15
1 34 52
14 16 176
9 36 200
0 2 96
11 13 87
24 9 173
0 30 85
0 27 28
2 54 158
9 19 122
3 33 15
29 2 176
5 12 195
2 5 167
43 43 52
0 23 169
0 51 25
33 32 81
2 26 167
185 21 196
5 56 58
2 15 36
1 12 163
0 22 189
137 59 3
27 14 148
0 54 15
2 57 91
1 1 33
18 24 183
9 10 162
220 59 22
0 52 96
33 30 48
0 7 47
5 11 189
9 45 192
500 26 89
1 47 47
3 56 54
108 48 40
1 9 64
3 24 165
2 27 176
2 10 112
0 43 91
91 56 64
8 9 8
0 43 141
0 40 74
0 48 136
0 41 169
0 3 26
35 7 188
0 19 83
1 33 160
1 36 200
0 49 188
0 47 21
0 12 127
0 25 97
113 58 110
3 34 5
0 55 101
0 5 166
0 55 73
126 17 2
120 49 24
0 35 47
24 53 9
0 25 56
0 29 199
220 39 102
1 19 157
0 9 91
2 58 95
2 24 67
2 12 105
4 25 163
53 32 36
0 46 57
1 59 117
3 32 196
2 44 186
0 16 60
0 16 6
1 33 19
0 28 31
1 46 43
0 23 113
1 30 151
27 31 199
0 10 102
0 50 164
1 1 137
0 47 192
0 43 109
322 19 158
30 36 192
30 53 92
2 26 146
7 51 9
8 19 40
0 8 70
1 6 27
67 18 46
0 15 138
1 47 89
0 2 48
0 53 120
6 56 193
1 35 17
0 52 87
1 27 38
148 36 61
1 52 126
7 24 161
74 26 176
1 48 158
3 11 182
1 50 55
0 38 149
3 47 143
59 50 132
0 35 176
133 50 200
4 11 196
2 25 192
5 47 199
3 22 33
0 0 26
0 7 91
11 14 6
5 21 27
0 9 189
0 6 22
0 49 106
0 16 101
4 24 194
0 55 19
0 0 163
0 59 27
93 12 30
0 48 98
0 20 92
0 16 151
65 48 120
21 44 154
14 37 124
1 4 70
14 15 95
8 38 60
0 48 58
0 13 176
1 52 5
5 45 133
6 5 92
5 27 91
112 19 104
9 22 45
2 35 42
23 51 186
11 50 157
2 22 100
2 41 120
1 59 103
0 36 41
0 0 57
0 44 140
3 34 163
0 34 89
0 40 24
14 30 69
0 5 168
2 24 166
85 27 80
279 54 62
0 48 1
0 20 166
4 46 135
45 24 84
1 35 193
3 41 10
1 37 165
2 57 22
4 7 24
123 47 69
0 4 170
6 7 90
0 3 17
5 10 97
2 52 170
0 57 106
0 12 97
145 34 111
0 40 182
1 12 157
0 25 184
7 24 165
140 48 132
54 34 172
24 53 49
155 44 102
1 59 190
2 11 144
2 54 168
0 6 184
10 56 41
0 27 177
30 37 113
4 1 47
0 57 61
0 56 3
1 28 90
18 46 94
10 24 103
0 46 186
0 54 193
27 3 39
0 49 45
1 28 49
12 37 165
4 20 44
0 17 181
0 10 181
0 50 25
2 15 126
0 54 61
0 52 138
0 56 57
0 15 91
104 54 120
15 34 186
6 42 111
100 18 139
0 20 193
3 24 165
0 48 118
1 5 66
2 39 13
0 39 24
0 51 85
0 16 44
23 1 121
2 57 164
8 39 118
5 48 27
0 13 132
0 16 122
0 10 137
0 9 48
72 13 45
5 9 131
0 24 54
0 10 137
0 43 54
74 23 125
0 26 183
765 39 64
0 10 37
1 25 119
1 4 196
0 10 24
1 35 44
87 25 118
0 19 184
5 10 78
0 51 181
0 10 103
1 12 6
0 20 17
40 3 19
357 2 193
0 7 180
7 38 198
5 41 19
1 17 146
1 46 141
2 23 194
1 24 137
2 54 50
4 47 88
1 9 151
0 50 94
6 15 87
42 40 167
20 27 75
0 32 118
6 13 179
5 20 95
3 11 32
1 4 72
2 24 149
91 7 22
1 10 101
1 40 182
3 31 180
3 41 13
712 39 24
115 11 19
13 30 51
2 8 81
6 50 123
11 8 76
1 11 13
0 3 116
0 7 91
3 5 170
1 24 145
0 33 59
1 33 133
328 44 151
0 13 25
2 46 39
0 37 180
0 24 17
348 49 19
0 17 111
46 9 47
3 8 20
1 14 68
0 1 43
1 33 85
4 8 139
0 51 86
0 48 64
0 11 57
1 12 80
27 36 33
259 22 125
1 2 161
0 0 137
0 59 162
1 18 8
1 34 2
1 49 135
0 52 24
230 2 57
2 7 82
5 19 89
0 4 53
4 46 57
3 59 144
1 0 76
22 31 141
10 48 118
2 50 65
2 57 194
0 47 155
7 3 84
19 6 47
0 46 199
0 16 186
460 22 60
0 25 200
3 12 39
11 23 182
0 41 111
4 19 98
3 15 110
4 42 121
0 23 4
0 4 50
1 23 16
1 15 45
31 10 168
0 28 14
5 53 175
0 51 84
1 2 66
36 26 137
0 23 90
0 17 54
2 27 94
0 55 55
0 41 42
0 31 97
2 54 157
3 32 80
20 39 186
2 49 34
0 45 191
2 46 50
6 49 27
9 32 136
46 52 27
1 3 47
0 36 74
18 12 98
0 29 112
0 46 20
0 58 120
15 11 153
0 10 155
0 20 114
0 7 2
17 57 22
8 1 166
0 23 116
1 37 134
570 17 7
0 39 175
2 51 112
54 51 143
1 11 122
1 9 3
0 37 190
2 17 142
0 13 31
3 8 156
17 22 15
0 2 84
0 0 193
19 36 183
0 11 99
46 15 15
3 51 33
1 43 130
0 23 54
2 10 172
23 19 114
0 51 43
0 20 43
534 36 181
9 46 153
446 20 129
3 26 136
425 23 155
0 14 187
3 45 70
7 59 39
14 29 56
0 52 191
6 42 6
0 44 33
0 54 38
0 53 74
0 46 124
8 43 199
0 37 170
4 27 46
0 13 81
1 59 155
1 32 135
25 22 47
4 16 86
0 30 137
7 45 144
28 0 71
2 37 35
0 59 80
1 26 100
40 40 178
27 40 82
0 15 21
5 27 48
8 22 153
5 14 146
4 29 159
1 29 1
0 23 191
0 34 94
0 5 3
2 48 63
24 11 67
11 52 117
19 54 76
1 22 29
0 39 176
6 1 101
712 53 171
0 41 92
0 4 181
0 56 110
0 59 80
0 52 193
1 15 160
4 35 54
3 12 33
5 30 118
1 31 124
17 54 18
0 18 21
8 6 82
0 46 184
1 56 41
7 44 169
1 12 71
0 46 7
0 50 146
7 28 164
6 56 77
2 32 102
0 53 2
0 30 187
0 33 51
0 29 33
3 42 115
0 16 102
1 32 38
23 45 84
8 9 87
0 42 102
0 5 103
0 49 162
11 12 57
1 30 75
0 18 172
7 30 120
2 46 77
1 42 58
1 0 149
6 38 121
7 59 32
64 51 166
0 2 97
7 29 50
9 37 200
19 44 34
24 40 103
571 46 88
8 48 48
1 18 197
0 41 54
3 58 67
399 31 166
6 59 59
0 38 177
0 28 75
6 53 48
446 0 118
13 30 19
0 6 194
0 58 147
0 25 92
2 10 55
24 20 75
1 5 131
24 45 125
2 44 176
9 47 180
0 25 198
9 51 123
0 22 157
21 1 84
3 51 89
0 44 176
6 55 154
16 17 116
5 38 122
3 38 2
1 15 7
202 56 163
306 30 191
80 33 10
3 47 113
4 35 37
0 25 54
1 48 26
0 40 199
1 15 156
0 5 154
0 43 181
0 16 61
0 56 144
0 8 78
7 58 134
0 52 16
17 37 196
20 33 86
12 58 52
4 1 55
15 49 145
141 55 55
27 39 88
6 11 164
0 54 137
0 29 197
212 52 136
0 45 68
43 26 111
11 17 181
9 24 130
4 12 117
0 27 106
229 2 123
0 52 43
2 17 3
0 18 166
16 2 91
4 35 82
0 37 6
0 19 60
0 4 24
1 22 156
0 21 34
0 16 81
0 29 128
42 3 90
0 50 28
1 47 104
0 50 171
5 28 171
0 49 154
81 59 108
1 54 104
1 29 143
0 59 95
4 2 108
38 35 130
2 16 163
1 21 23
1 49 151
15 53 53
0 23 130
2 25 176
0 14 185
5 27 89
0 51 153
0 6 42
0 50 125
4 3 63
1 58 162
1 58 186
3 42 49
0 11 108
0 35 193
21 12 110
0 29 10
197 48 190
27 10 120
6 3 86
0 29 28
2 26 178
0 6 61
55 35 184
79 39 55
0 32 120
0 44 194
7 13 124
0 25 63
1 3 38
44 29 180
530 4 85
1 6 70
0 16 45
30 47 170
2 45 22
19 34 135
1 11 94
18 25 84
1 58 29
20 42 125
0 11 92
0 10 146
1 52 128
8 49 133
1 57 34
2 6 4
0 15 180
31 10 195
0 40 128
6 35 164
0 40 78
57 23 161
0 25 97
41 51 102
0 4 179
7 29 34
1 31 14
0 28 53
32 50 93
24 1 190
0 25 7
0 59 79
0 3 149
128 56 58
0 29 32
0 18 124
12 36 4
22 47 182
15 10 17
0 50 174
85 4 51
0 36 7
98 20 27
0 57 187
0 39 130
1 12 124
3 2 196
0 20 86
1 34 123
69 28 38
0 32 19
9 18 50
4 34 48
7 58 78
0 58 97
0 37 168
0 58 112
31 22 200
38 13 160
0 33 184
1 31 166
0 31 100
18 7 118
0 27 176
1 27 67
1 31 74
776 34 17
0 37 52
23 42 4
11 25 185
0 27 144
0 57 93
0 29 180
0 16 37
0 29 179
0 20 13
0 4 194
3 47 111
694 16 16
1 19 190
4 40 132
89 36 100
0 18 20
0 56 90
7 37 198
1 52 167
9 59 21
0 45 134
1 11 79
0 18 22
5 43 92
5 7 161
0 44 7
0 16 118
675 35 40
0 37 57
0 43 77
0 39 23
5 7 14
3 56 57
0 8 94
3 55 77
1 39 4
0 56 73
4 36 99
10 30 113
1 11 161
13 0 118
0 8 129
53 30 65
56 55 6
0 16 197
24 14 2
3 51 128
71 47 189
1 50 10
1 24 74
0 25 158
21 52 165
88 4 72
207 6 147
6 23 134
1 46 137
0 26 28
1 30 150
1 36 128
6 30 183
10 24 48
4 38 159
11 30 137
4 0 179
234 25 25
0 38 39
4 41 59
10 11 86
10 23 28
0 41 55
0 41 127
2 54 88
14 16 45
3 10 194
0 2 72
0 27 89
0 34 136
2 5 71
2 0 130
0 58 75
1 23 109
14 42 191
1 26 22
0 27 110
103 1 153
58 4 103
5 17 117
0 15 38
0 40 147
62 49 80
2 0 172
86 59 20
8 52 162
2 22 178
29 48 92
2 12 154
20 18 7
40 44 164
97 53 44
2 12 49
2 1 58
2 36 46
4 10 27
0 45 140
134 36 125
2 15 115
0 11 61
8 13 86
0 0 74
73 35 77
0 24 94
0 18 131
10 27 193
85 5 190
8 8 87
6 50 187
9 16 63
1 0 56
0 4 78
2 35 123
1 10 76
292 50 158
0 16 142
0 11 184
6 2 123
0 9 188
27 56 70
0 36 167
0 24 155
3 49 54
71 31 150
0 13 147
0 2 101
61 49 5
0 42 126
0 21 124
16 7 154
13 35 196
0 13 91
0 20 59
1 50 85
45 26 112
0 11 110
0 17 128
10 45 24
0 35 171
0 40 76
0 46 195
6 21 149
0 21 19
38 24 45
34 5 23
20 10 160
0 42 69
0 50 141
0 51 154
0 49 85
11 15 182
17 35 113
1 11 111
42 33 8
43 21 87
1 4 94
0 31 154
171 21 70
3 29 36
14 51 66
2 47 195
1 48 64
5 23 133
0 35 31
95 45 113
3 28 192
0 40 196
49 28 119
1 34 130
0 31 122
106 2 118
42 34 200
38 30 45
2 53 23
13 37 111
10 28 14
1 22 182
12 51 64
1 47 28
31 33 130
2 34 80
26 17 160
1 39 125
63 48 136
0 37 133
43 10 4
8 52 7
0 43 198
2 53 71
29 51 176
3 34 185
1 59 41
366 14 54
127 23 190
2 10 121
1 47 12
5 56 195
0 32 135
2 46 125
0 21 144
4 11 92
0 27 33
0 24 55
3 37 32
1 26 126
2 4 79
0 18 12
7 13 156
5 26 173
0 30 10
1 23 181
0 12 62
28 16 87
27 13 18
2 46 87
0 37 167
3 51 153
5 4 28
4 56 50
0 14 56
0 43 175
4 16 162
0 56 111
31 1 28
0 11 120
0 4 141
0 52 65
0 49 168
0 26 118
1 39 179
0 20 126
0 31 44
52 58 180
2 40 77
1 4 126
0 18 27
1 11 58
0 55 142
5 40 119
13 9 181
15 9 3
7 21 119
2 1 48
18 14 181
0 6 147
1 56 130
81 15 181
204 34 120
99 33 65
1 26 40
102 33 115
0 18 174
2 33 26
0 4 68
36 10 8
8 13 32
0 56 74
0 11 141
2 0 190
494 0 44
10 40 112
0 56 59
0 47 151
12 48 187
0 20 63
1 28 34
0 42 172
1 17 48
1 24 174
5 30 3
31 59 128
76 35 98
6 37 192
2 23 102
25 59 168
3 10 174
1 51 153
43 17 138
0 35 27
33 4 65
278 46 104
0 15 62
216 51 81
1 56 173
3 57 68
316 26 142
1 22 63
4 11 156
87 14 134
1 54 186
25 30 188
0 10 159
537 35 35
11 23 5
0 38 16
1 5 182
2 7 146
0 19 177
3 24 17
16 52 34
2 20 3
21 4 171
61 10 54
3 46 81
4 13 48
53 53 165
0 13 158
443 27 60
131 0 39
0 10 76
1 40 54
383 5 45
2 55 118
11 16 98
0 40 122
33 22 36
6 22 18
10 55 167
0 1 147
2 36 56
0 0 68
21 2 32
0 27 2
20 15 110
0 56 48
11 6 105
1 7 111
147 44 10
5 1 68
0 21 44
0 42 35
0 52 134
1 11 108
328 8 90
44 22 28
0 17 130
41 37 173
2 45 150
0 25 119
24 26 72
219 26 8
2 31 10
0 9 191
4 51 114
0 39 87
3 24 45
1 26 64
1 49 84
8 6 94
5 50 42
3 17 178
3 25 128
8 51 61
0 27 175
0 49 186
0 39 49
37 49 109
0 50 23
114 38 111
0 52 40
0 3 186
0 47 151
88 7 162
136 7 14
3 9 46
0 21 120
0 53 103
8 42 174
24 4 48
0 12 15
5 55 66
4 30 108
2 24 2
1 24 95
9 4 91
0 13 71
1 47 92
11 22 158
344 16 12
1 24 118
2 39 20
448 28 117
0 41 182
410 31 94
62 53 123
0 19 14
22 4 129
0 45 119
18 9 2
0 52 5
544 18 95
4 5 148
11 41 89
0 37 38
5 40 56
485 17 42
3 34 155
0 34 184
12 23 65
0 6 54
58 30 172
0 57 2
4 20 196
11 3 1
40 23 190
6 53 81
0 50 98
4 35 189
1 14 34
0 11 158
32 35 162
123 43 154
0 53 130
3 43 38
0 32 119
0 12 61
3 14 51
1 19 121
1 54 73
3 39 71
0 8 64
4 38 179
0 27 25
1 53 22
0 6 52
0 4 150
53 8 3
0 4 174
43 44 123
2 40 158
12 6 179
0 34 172
0 52 61
144 38 132
3 29 4
276 5 142
0 31 184
1 29 140
1 54 169
43 12 29
0 0 150
0 49 176
0 21 114
31 55 66
21 16 10
0 15 113
10 22 18
13 2 2
575 44 33
0 11 90
8 57 113
3 9 34
47 55 146
1 8 18
0 21 78
0 55 191
5 55 166
62 43 173
1 11 114
0 14 30
6 30 8
13 10 198
123 57 17
1 31 54
0 29 114
1 37 151
0 6 81
5 17 70
0 36 105
0 6 104
4 34 174
627 19 180
0 17 168
11 24 6
0 12 197
0 15 189
0 25 80
205 23 150
0 0 92
27 37 55
0 53 101
0 15 50
26 0 187
0 21 35
0 34 128
0 56 200
549 34 40
0 2 96
0 46 96
0 19 154
2 33 19
0 33 178
204 9 134
2 4 138
0 41 158
0 8 30
0 25 140
10 10 171
12 37 70
0 24 66
0 46 186
4 55 190
0 38 78
0 51 40
25 32 39
12 34 124
0 9 117
0 31 67
0 22 192
1 17 189
17 43 135
4 59 144
0 48 176
0 0 198
0 57 149
1 5 191
0 56 66
0 52 56
2 39 25
0 48 23
0 50 119
13 48 153
1 52 1
0 34 55
2 9 136
5 21 79
2 4 83
5 55 98
15 2 120
6 32 120
2 56 36
18 47 52
1 25 109
0 8 180
3 22 20
1 16 107
22 47 191
23 30 148
8 15 158
2 47 22
25 28 180
15 30 6
1 19 34
6 17 95
0 34 93
0 32 123
2 0 175
253 3 37
0 29 21
0 28 196
70 29 33
7 38 99
3 33 103
2 27 195
2 32 127
194 49 179
322 34 76
105 30 196
767 24 30
6 2 156
205 25 34
0 30 22
1 22 98
0 57 66
4 9 31
0 16 91
0 41 182
3 9 22
0 58 162
2 24 175
4 8 154
0 57 138
2 32 149
0 6 175
45 55 152
3 51 115
0 36 6
0 32 176
4 40 10
4 25 188
0 30 149
0 3 139
16 24 134
7 15 63
0 15 185
2 13 46
72 42 12
0 28 94
13 13 130
1 7 57
44 40 133
0 24 58
5 26 131
0 5 76
5 36 170
0 15 102
0 22 25
6 22 48
9 52 125
0 54 90
6 19 143
1 56 140
6 7 73
41 21 145
3 28 43
0 53 130
6 13 9
1 0 100
0 39 132
11 22 27
0 44 75
0 4 170
0 44 25
80 10 186
5 53 134
16 25 162
0 5 79
0 2 37
0 10 15
3 43 41
44 51 120
0 9 10
5 53 86
0 54 164
23 49 47
0 56 59
9 41 141
28 49 159
11 21 118
0 54 172
27 20 69
0 33 61
351 58 160
2 58 194
0 20 194
0 40 107
39 13 70
4 20 117
7 10 4
1 53 49
2 13 81
6 16 52
0 18 123
40 41 69
238 24 137
3 13 89
30 26 102
148 15 173
2 5 88
1 22 35
0 47 68
0 21 111
5 47 88
22 51 76
2 1 92
73 58 198
0 38 1
101 12 91
0 58 70
1 36 54
1 7 189
1 3 166
12 22 52
0 31 166
9 24 84
0 45 71
6 39 193
9 32 88
0 8 148
375 58 167
0 27 115
2 37 192
0 10 96
20 36 184
0 6 187
1 58 106
23 55 24
1 55 114
1 32 169
88 36 145
3 14 79
27 35 49
11 23 71
17 44 62
0 42 46
1 9 22
0 46 9
12 7 32
0 45 200
16 45 165
0 24 39
0 15 35
1 9 39
110 9 108
0 52 55
1 12 152
3 5 6
12 57 25
0 13 69
7 52 88
0 16 29
2 39 71
0 22 151
7 45 5
0 32 132
0 8 96
13 55 108
2 49 196
1 12 47
0 7 137
45 31 148
5 36 67
9 37 78
1 35 181
133 56 32
654 40 48
0 27 92
3 41 63
25 15 122
0 19 67
0 30 194
32 17 187
0 42 58
0 46 77
0 45 104
4 54 148
0 9 92
2 1 160
0 56 125
46 33 3
3 45 43
3 3 17
1 32 144
0 35 129
0 41 58
0 0 14
7 21 162
2 21 118
0 33 26
0 45 87
202 33 79
12 52 76
0 2 32
5 24 174
0 2 49
0 39 72
3 44 166
1 47 112
53 53 166
302 44 123
3 15 135
1 54 148
1 45 16
4 51 170
65 40 200
107 23 73
0 21 69
0 13 147
18 11 166
3 33 91
154 6 103
0 15 77
0 55 100
0 36 173
13 20 157
0 13 58
0 8 120
0 44 112
11 10 90
0 40 171
0 14 119
8 59 29
0 37 115
0 1 54
1 19 29
2 52 54
0 42 69
1 6 58
25 28 19
0 38 59
0 54 8
0 3 81
0 26 4
0 25 31
23 56 90
138 19 140
0 6 175
0 55 179
2 7 121
0 45 64
79 29 6
0 41 136
1 48 104
0 36 124
0 18 171
11 21 5
0 24 179
0 23 84
3 31 182
10 8 126
1 46 29
5 54 94
1 20 63
2 8 163
0 13 165
1 21 146
0 49 15
1 35 8
0 35 30
2 25 110
27 27 170
9 6 129
0 58 86
227 23 108
0 27 64
9 6 17
0 45 54
2 14 44
0 1 159
5 13 179
0 45 95
4 5 8
0 44 54
1 30 192
0 10 88
0 27 17
615 9 86
0 20 109
2 45 59
5 6 192
68 52 44
65 58 127
4 40 124
5 1 79
2 22 24
3 18 70
1 2 16
1 2 185
8 13 60
46 57 62
1 34 85
241 18 116
14 48 28
0 21 76
4 19 132
19 38 1
2 5 169
53 25 96
22 20 1
0 22 58
1 53 42
40 35 164
13 15 157
0 22 124
33 20 132
0 20 177
13 44 101
18 36 85
0 47 76
0 52 2
6 17 172
53 21 172
3 35 105
3 52 25
5 28 58
116 53 177
21 35 175
0 17 24
87 54 77
21 13 45
534 10 136
60 54 89
0 59 69
73 39 150
0 33 117
70 21 29
1 11 191
252 0 116
17 48 177
3 24 68
0 12 185
4 43 151
6 37 156
8 49 12
0 12 88
0 50 91
0 20 121
86 31 144
0 30 11
1 12 157
1 35 121
8 15 156
1 16 56
68 31 132
0 24 134
3 43 54
462 35 4
1 54 88
0 55 107
3 44 173
0 47 39
4 1 74
18 1 142
2 7 44
0 22 35
1 1 198
21 20 35
4 52 109
0 21 41
46 41 148
0 54 167
2 11 156
3 40 180
1 45 112
0 49 13
138 30 107
7 34 134
2 3 132
0 12 148
0 23 12
3 29 149
0 59 110
2 39 6
4 34 162
0 27 137
14 36 149
0 34 189
0 35 161
0 22 122
62 14 173
642 48 10
0 13 168
2 50 127
0 44 159
173 28 111
14 12 99
1 38 65
2 36 163
3 49 7
0 45 131
0 23 136
18 11 29
0 9 161
0 14 76
9 56 113
0 39 134
0 7 65
1 49 114
50 23 32
200 25 5
1 51 103
4 15 20
93 38 120
2 34 5
13 46 94
0 49 56
0 5 84
0 34 2
5 10 183
46 29 103
7 48 51
1 35 131
39 38 156
0 50 163
0 49 174
484 21 77
0 19 139
0 24 164
0 28 82
56 34 106
0 7 120
0 16 145
1 6 50
0 54 1
13 0 93
21 46 96
29 36 197
0 56 5
60 20 35
0 49 41
2 52 22
1 36 21
47 12 71
0 28 133
0 53 76
0 8 144
6 1 3
0 34 77
7 4 5
2 36 60
0 23 195
1 36 4
26 57 14
4 42 44
9 59 56
4 43 143
0 50 78
0 2 184
7 4 51
4 22 61
0 7 104
0 45 149
1 6 142
0 43 23
2 28 120
25 51 180
2 52 130
50 2 97
11 12 193
2 37 161
4 33 89
0 38 92
2 6 118
0 7 108
2 12 49
1 36 131
44 20 11
0 31 99
1 42 133
2 22 153
18 15 70
0 45 57
29 7 63
45 56 44
1 14 37
1 58 67
9 53 75
0 51 36
5 58 97
0 21 78
1 3 67
0 20 64
2 11 196
6 30 49
2 53 4
3 42 140
82 16 4
9 39 20
0 6 128
0 3 51
0 15 178
2 42 187
0 2 112
0 55 93
587 41 44
180 0 191
0 44 126
48 14 195
1 14 191
3 37 182
1 39 165
0 34 57
1 31 93
35 9 12
32 16 59
0 14 126
0 32 165
34 30 23
0 27 129
0 4 168
19 16 67
0 20 132
0 40 183
505 10 166
0 4 178
4 6 4
4 57 117
1 7 174
1 47 83
2 4 190
668 9 159
2 4 49
0 53 84
5 11 107
12 9 49
0 18 10
3 46 115
0 32 66
430 48 112
10 40 69
0 12 36
20 9 57
1 52 64
2 47 168
13 19 192
0 57 190
15 38 124
6 19 195
0 33 45
0 23 148
16 44 127
0 5 151
1 50 80
38 11 38
14 34 135
50 29 132
5 41 70
4 38 191
16 38 38
7 58 30
0 46 103
18 28 96
7 15 111
3 52 27
0 54 32
0 42 70
0 58 12
14 15 20
5 16 76
4 51 140
71 10 66
0 36 80
0 31 182
0 32 116
0 23 43
3 16 181
8 56 163
6 28 176
21 52 38
129 59 31
14 6 135
0 42 117
0 59 33
20 15 28
0 14 107
23 45 183
166 21 10
0 58 87
1 34 46
12 32 44
3 37 173
7 21 154
0 16 122
2 8 68
1 15 62
175 18 187
2 20 126
2 11 49
0 12 96
0 57 113
4 45 141
0 55 100
24 21 58
0 40 179
82 24 164
4 32 102
1 35 46
0 30 114
670 42 194
0 32 66
9 15 165
5 46 72
16 30 164
11 2 127
18 26 53
2 14 93
29 47 51
0 48 192
0 15 99
54 57 56
0 6 159
1 21 153
1 47 122
2 19 179
0 39 27
0 14 60
60 11 33
46 58 191
2 28 117
1 3 117
49 23 192
1 34 122
16 15 96
2 54 138
246 16 158
23 6 169
0 23 130
0 48 121
0 18 106
4 38 94
236 40 15
3 25 146
3 23 168
2 5 170
0 31 153
11 22 185
174 38 112
4 19 174
0 58 35
1 59 18
0 34 165
7 0 159
0 15 62
0 20 8
1 8 9
1 14 66
13 34 147
42 27 39
0 13 89
0 17 63
1 33 194
0 6 122
0 5 40
2 48 138
2 36 51
3 56 195
0 35 88
0 11 45
0 8 5
18 7 138
1 29 21
2 16 13
21 55 38
0 7 4
14 47 53
19 59 195
0 42 100
0 40 183
0 43 95
0 8 80
1 59 75
2 55 178
0 43 83
27 46 87
4 12 9
2 44 143
108 46 104
0 56 101
3 51 83
10 49 57
3 47 85
0 52 164
7 30 91
0 32 159
2 13 148
214 30 11
2 11 90
72 16 164
9 6 71
30 31 198
6 4 119
1 41 32
0 10 14
13 19 146
0 5 124
64 3 182
14 23 82
1 49 121
31 7 134
9 15 5
0 53 72
118 4 137
0 25 184
0 5 169
17 6 52
166 33 196
1 26 98
0 13 85
0 4 77
0 51 188
0 16 59
1 9 174
69 52 111
0 49 181
0 5 168
0 36 189
0 13 186
450 24 192
18 39 30
56 19 107
0 42 181
509 38 116
4 4 64
2 3 190
1 10 164
1 49 169
256 30 147
16 14 87
3 46 121
34 51 2
0 29 22
110 10 33
0 7 55
1 5 156
3 2 75
1 19 110
3 33 115
0 17 129
0 7 113
4 30 194
0 15 191
0 43 88
109 33 38
0 26 139
0 25 5
95 30 82
7 22 132
0 2 32
2 4 77
17 22 17
0 47 199
0 52 25
0 1 106
10 47 1
5 5 180
113 7 21
4 24 172
7 29 60
0 33 32
0 44 22
1 21 158
15 43 38
10 1 40
0 27 101
2 51 28
0 46 170
0 13 124
0 13 124
1 24 28
1 21 6
197 57 28
0 3 19
12 50 63
0 46 157
0 49 53
23 59 182
0 38 154
0 9 173
0 32 93
4 40 157
0 1 106
1 29 30
9 9 26
23 25 137
1 27 104
0 47 114
1 18 134
1 50 138
0 36 160
85 43 156
3 28 198
9 8 51
91 40 45
3 25 1
1 52 40
6 50 24
279 27 61
34 27 192
0 1 169
0 45 98
37 15 110
13 39 144
115 9 15
57 48 83
2 37 51
0 4 51
38 4 115
27 58 193
0 9 160
4 43 96
0 20 143
0 4 71
0 58 67
1 53 7
1 35 20
0 44 62
1 28 49
3 21 14
49 2 32
56 41 15
8 7 51
0 5 143
0 18 35
1 11 125
1 44 72
3 8 139
6 51 198
128 49 2
10 15 36
0 18 95
10 5 105
46 48 5
9 39 102
29 15 124
2 27 114
0 14 57
10 56 104
331 5 55
7 8 45
1 6 190
65 5 105
1 41 1
5 24 184
5 40 25
7 24 25
26 48 198
1 52 135
2 51 20
15 1 139
0 32 176
13 8 18
7 15 25
16 42 159
5 3 26
2 12 130
1 11 45
0 29 105
3 28 147
1 26 53
0 58 199
3 20 159
43 49 134
0 4 148
1 3 81
8 22 52
1 23 104
0 1 66
0 38 72
3 25 91
3 40 147
9 18 143
0 47 56
1 36 167
7 42 186
52 30 108
20 44 89
1 39 128
24 43 57
100 22 118
0 44 83
0 3 40
1 36 97
0 46 172
5 33 190
15 24 69
7 21 184
4 22 199
0 22 86
4 30 83
1 59 120
0 53 2
0 7 193
0 12 167
0 7 177
0 55 145
5 18 57
138 31 83
2 34 161
15 53 186
12 28 18
2 15 91
0 7 94
0 57 128
29 8 69
6 17 18
1 4 19
1 32 10
2 8 192
0 46 180
0 32 196
608 53 49
9 58 63
434 1 168
25 56 55
3 12 131
0 3 156
0 5 94
4 35 8
1 6 111
8 57 44
3 36 157
83 50 200
3 47 99
20 11 40
716 32 41
10 3 193
116 58 158
0 24 112
0 50 23
0 55 53
18 36 192
0 7 73
207 25 65
204 49 65
0 58 106
0 23 175
4 37 86
45 40 62
0 31 130
0 48 97
2 12 165
29 13 194
3 40 168
17 22 77
11 27 118
86 55 95
10 1 48
0 52 15
0 31 163
6 55 23
2 42 57
49 11 148
14 48 54
7 36 186
1 21 132
0 23 1
146 42 138
65 48 145
3 7 63
1 25 79
2 33 160
0 37 116
74 20 178
1 19 60
112 6 49
0 22 84
0 20 197
0 51 142
2 48 186
1 12 79
4 4 153
0 37 150
1 39 48
0 15 144
0 49 172
57 47 36
0 25 123
54 33 156
0 46 172
11 53 1
0 55 12
15 38 148
1 22 119
0 0 127
1 40 192
0 29 131
2 5 43
0 12 36
0 48 28
1 22 22
11 42 116
1 57 159
379 0 60
0 26 17
11 58 53
0 53 151
0 52 127
0 32 13
26 14 106
12 51 160
3 30 22
110 35 67
36 24 151
31 3 151
2 19 28
0 32 76
20 12 183
38 16 42
0 38 187
15 16 49
19 59 90
4 34 97
8 37 163
19 48 119
6 2 20
1 54 39
0 53 53
3 27 110
69 1 145
10 1 42
60 32 189
0 57 6
49 13 39
0 36 49
1 6 79
0 8 179
0 29 6
121 36 84
57 33 176
1 13 80
0 19 96
11 25 72
0 37 3
13 33 158
0 45 121
2 21 140
0 0 87
12 49 56
7 42 75
0 15 57
0 28 1
10 0 65
1 33 88
2 34 39
3 7 25
1 34 188
0 15 34
2 46 198
0 15 142
2 50 28
2 3 84
3 39 15
4 32 74
0 44 183
8 0 161
0 43 57
257 20 106
0 3 151
0 47 196
0 48 132
66 33 44
3 52 87
3 50 166
117 31 152
1 35 141
0 45 22
5 40 100
1 36 22
0 25 24
14 58 108
0 11 59
1 55 71
16 15 161
0 30 91
37 36 182
0 51 104
0 19 37
4 5 70
7 32 76
3 25 162
11 20 56
0 44 121
118 46 170
15 16 89
1 23 103
1 57 184
0 52 149
8 53 119
0 0 164
0 59 147
10 42 106
1 14 123
11 30 52
10 15 192
1 21 124
14 4 55
0 28 33
0 19 18
0 4 102
319 8 26
5 13 112
0 11 164
0 17 198
0 28 151
0 32 19
3 36 43
5 3 23
10 11 3
0 59 78
56 58 116
4 41 135
0 12 11
7 39 69
0 11 127
1 53 70
0 10 94
6 24 64
0 44 79
0 48 166
1 41 132
59 10 33
4 58 134
30 51 170
20 17 164
2 25 23
0 16 78
1 27 200
1 18 7
0 58 156
0 55 64
3 33 44
2 42 84
144 39 163
40 17 66
0 50 71
0 23 90
0 42 28
3 9 93
2 10 102
1 2 156
1 28 65
1 2 195
2 41 17
0 10 171
5 47 98
49 53 97
0 16 24
0 14 5
17 5 140
81 57 64
0 31 48
0 34 94
0 51 63
0 12 123
612 4 97
3 55 104
0 26 22
0 22 109
8 52 173
20 0 182
4 23 97
1 59 98
385 28 27
3 39 56
7 1 115
260 20 12
0 2 145
21 19 78
0 57 40
1 17 64
0 20 126
446 36 176
0 29 27
0 30 89
7 59 34
4 2 16
100 34 40
110 52 176
0 27 9
8 55 117
11 41 175
10 50 30
0 7 192
4 17 114
0 43 115
1 40 112
18 58 193
1 48 14
0 20 66
0 47 129
0 4 81
0 35 98
71 10 58
0 26 72
1 40 79
0 55 9
0 15 48
44 3 21
0 7 72
2 5 163
0 19 63
0 10 27
0 9 99
3 53 139
58 27 74
0 24 36
6 15 3
0 12 65
2 38 93
8 59 70
286 51 141
1 2 120
0 46 116
1 53 37
0 44 33
35 1 160
102 28 24
0 42 148
2 5 14
52 37 183
28 45 90
95 48 11
0 38 156
26 52 88
7 36 25
10 52 186
0 32 4
0 34 4
12 40 102
0 19 42
4 52 146
17 39 106
1 32 11
7 18 158
1 54 178
0 22 62
392 34 162
0 21 5
145 38 11
4 48 49
2 46 74
0 10 79
0 52 123
2 23 78
2 48 103
15 49 151
0 56 32
2 34 22
7 57 25
172 54 98
22 29 69
5 36 124
9 46 141
1 36 7
117 2 141
197 18 5
0 6 11
5 20 20
1 18 118
0 27 150
85 3 133
0 19 148
147 12 83
2 4 3
1 51 159
1 8 100
6 32 159
13 32 16
45 37 176
0 51 144
34 25 166
1 40 193
3 11 190
1 4 112
3 14 47
48 10 25
43 48 39
28 27 63
1 17 200
5 53 41
1 9 93
2 47 44
420 54 70
1 45 142
32 29 25
16 53 8
211 46 171
39 29 199
1 11 95
2 13 29
32 5 6
162 51 7
10 30 92
4 58 64
0 22 23
1 28 104
0 3 28
8 59 92
0 42 129
0 12 197
0 31 85
19 54 136
1 44 181
2 19 60
1 34 4
0 15 183
37 26 135
23 17 173
515 3 31
26 45 130
11 12 152
0 25 49
1 53 110
0 29 139
0 37 122
0 27 87
0 28 90
26 27 53
6 12 179
16 34 96
0 32 103
8 7 3
6 34 132
0 38 2
0 58 176
0 23 17
0 4 112
0 46 118
0 2 44
0 42 94
5 2 27
29 44 179
8 2 103
0 33 128
0 22 44
5 13 125
47 50 74
497 28 63
0 41 7
0 32 63
0 3 32
13 3 175
190 41 19
1 0 42
0 30 197
0 12 86
11 22 161
1 53 163
0 46 66
8 58 146
29 5 35
12 57 61
7 48 169
0 57 165
0 4 99
3 38 31
38 19 115
7 33 149
1 14 58
1 5 21
133 12 25
71 51 155
0 15 140
6 16 166
14 54 162
0 17 179
0 20 98
0 54 145
5 41 147
0 54 166
2 49 182
239 36 2
4 18 113
3 9 1
15 21 104
41 5 161
270 39 82
311 28 179
0 29 62
15 34 200
4 30 166
0 27 48
3 52 171
0 20 134
12 8 69
24 22 75
79 39 4
266 51 33
0 54 128
0 30 169
118 56 37
0 15 193
0 29 41
89 5 173
85 8 142
78 20 140
1 1 103
2 33 129
9 28 121
0 45 130
93 28 187
0 56 180
1 35 1
30 1 38
14 5 131
4 20 152
464 4 9
1 38 138
94 26 188
21 14 56
2 24 97
21 59 140
3 0 118
2 5 32
0 22 131
0 53 154
0 15 185
3 6 44
1 2 31
4 20 86
21 56 98
1 32 45
4 45 102
0 28 67
3 13 187
150 20 66
2 25 169
0 21 190
37 1 178
98 49 116
1 49 110
1 15 151
0 36 84
2 34 185
0 50 66
5 54 69
12 34 200
0 0 32
272 33 26
0 5 148
12 30 39
1 18 176
13 23 24
0 43 143
4 30 193
3 23 176
166 59 65
10 58 77
1 41 57
177 0 140
11 2 145
1 56 195
11 46 45
14 8 86
0 32 149
0 38 138
0 48 136
0 23 7
305 12 51
6 26 107
2 5 85
101 15 68
0 18 172
3 20 82
1 5 118
8 59 39
232 10 73
0 53 101
0 21 182
0 20 187
10 35 142
0 0 57
304 28 14
4 56 27
0 17 89
0 53 65
0 32 94
30 15 99
30 46 171
0 13 155
256 34 44
0 40 139
0 0 31
433 2 9
0 46 52
3 36 142
0 19 126
0 55 14
3 14 141
68 11 16
0 5 11
19 36 174
17 27 108
6 30 49
2 3 94
4 40 69
5 2 122
89 57 196
6 20 175
0 36 151
0 56 171
1 43 68
0 31 92
0 57 79
0 11 137
2 50 199
0 45 85
4 11 133
1 45 164
11 45 7
514 30 185
3 38 8
1 28 81
596 25 44
4 32 122
152 49 26
0 49 26
1 21 177
4 56 47
0 12 38
0 15 183
5 28 122
54 19 63
29 17 146
0 2 8
1 18 60
0 56 87
3 59 197
9 59 177
0 22 120
0 16 136
216 28 45
1 7 75
3 50 11
0 2 151
131 25 97
0 58 42
0 44 128
0 24 97
0 30 101
20 55 157
15 17 43
109 18 34
0 49 128
10 0 165
0 54 199
2 39 96
8 57 159
6 18 64
0 24 189
1 46 110
1 4 54
5 28 26
0 15 31
1 7 141
0 12 123
12 25 165
1 54 186
13 57 104
2 48 134
0 40 49
9 8 138
0 34 194
5 39 31
0 39 134
16 10 35
0 12 53
0 53 50
696 12 47
9 57 196
4 57 52
2 36 150
0 18 82
0 31 73
2 51 159
15 56 177
9 28 81
7 19 130
2 43 146
0 12 98
1 31 57
0 50 95
5 44 142
1 43 44
0 0 114
25 23 134
3 23 172
2 9 156
0 36 70
1 27 81
0 57 72
2 6 200
0 1 132
3 34 50
0 27 160
5 40 7
1 35 10
189 20 19
1 47 108
0 39 84
13 10 64
6 23 144
0 57 76
1 11 176
43 58 134
14 41 71
53 3 34
0 26 185
1 44 74
10 15 64
299 39 65
79 49 181
0 6 26
0 18 133
0 21 172
0 37 139
0 4 134
5 16 137
0 9 1
0 57 101
30 52 49
0 3 142
4 0 9
0 42 184
1 20 97
0 0 117
3 8 97
0 18 141
4 13 58
0 47 111
1 37 63
2 2 195
0 50 43
1 19 195
8 52 177
477 45 180
0 55 44
147 19 184
1 56 164
0 45 98
0 7 80
4 46 140
2 47 189
44 59 29
0 43 125
2 46 25
0 30 58
0 42 154
0 55 23
1 3 143
0 43 100
9 10 156
51 26 64
3 32 55
0 25 7
2 16 70
2 51 64
105 5 1
0 5 48
5 53 39
1 39 123
3 13 75
0 12 78
13 2 3
53 5 6
24 30 86
675 54 37
1 21 21
1 42 167
0 25 61
1 8 190
0 21 6
3 3 145
0 42 27
1 27 16
0 10 80
5 27 100
1 51 77
1 23 10
8 8 45
1 9 166
216 58 3
8 23 138
0 37 31
0 40 186
8 16 54
0 23 44
2 47 125
4 19 130
0 6 161
0 20 144
5 53 141
0 49 128
0 47 2
218 53 176
3 30 162
11 11 2
0 17 22
0 19 150
56 0 200
627 56 143
0 21 133
1 56 177
214 52 36
4 59 77
1 44 77
1 10 125
72 19 51
1 11 23
0 28 132
2 53 49
0 56 100
7 23 198
58 50 36
0 34 25
243 48 106
14 40 131
65 10 13
0 29 85
7 13 35
0 40 7
23 40 93
327 3 154
0 46 134
4 15 103
0 4 158
1 57 151
6 52 148
2 13 20
61 33 164
20 29 169
0 54 2
15 30 62
9 30 119
55 42 18
18 49 163
9 54 125
6 25 101
4 1 3
3 3 65
729 22 132
38 32 193
1 0 81
53 58 58
1 51 115
146 42 184
0 41 124
6 21 120
2 48 114
155 8 140
0 28 141
0 48 46
0 6 120
1 51 166
41 27 47
1 56 25
0 30 78
2 56 173
19 23 192
2 2 90
0 23 59
0 9 105
0 21 24
13 34 11
1 51 62
1 46 119
2 25 64
2 47 123
1 56 62
3 20 6
0 10 63
175 51 125
1 53 38
1 28 138
4 3 107
0 50 145
0 1 149
237 45 115
0 44 84
0 22 13
328 27 100
0 40 14
4 28 125
0 2 43
6 27 48
0 8 110
0 39 172
459 23 43
2 57 40
0 29 13
13 25 78
0 6 93
0 53 85
11 23 152
0 25 5
0 37 70
10 30 89
1 43 78
1 32 93
1 3 199
29 14 95
1 57 178
2 33 169
0 12 81
7 58 16
1 19 175
1 11 87
1 45 100
1 35 104
105 13 109
137 32 76
1 26 200
4 34 10
43 3 130
0 59 129
1 6 188
2 2 174
49 30 169
0 21 66
9 3 6
10 32 105
1 25 2
28 39 107
2 56 3
79 26 12
17 28 138
0 32 45
0 27 19
3 50 72
0 32 20
2 22 139
9 45 78
3 0 71
0 10 45
2 28 96
14 19 12
0 47 188
2 21 99
2 57 33
23 7 108
1 25 117
0 42 157
1 20 109
0 35 148
0 35 158
0 25 8
3 45 75
170 11 46
540 1 70
59 50 136
2 19 9
0 3 137
0 37 164
0 24 121
0 20 179
1 5 28
10 22 129
1 10 118
0 18 160
2 32 30
0 16 69
0 30 100
2 22 46
4 17 128
1 22 69
0 1 184
1 15 200
1 44 126
0 44 63
0 22 108
1 45 70
0 28 148
0 10 75
1 11 129
0 14 22
0 58 39
1 53 121
3 59 149
18 50 17
4 59 161
2 44 59
0 13 148
0 8 29
0 42 43
0 26 126
23 0 177
278 44 103
4 3 150
2 19 176
21 27 143
2 19 165
0 31 29
7 8 118
7 12 82
0 3 93
8 44 85
3 45 11
0 42 111
91 43 114
46 56 101
2 41 189
0 31 47
8 35 168
5 58 129
5 46 127
37 41 31
0 54 73
0 10 41
90 8 49
2 34 58
2 57 200
0 57 10
9 49 101
4 45 91
1 20 174
0 18 77
0 57 103
7 22 196
182 53 115
0 51 7
0 1 8
9 20 15
211 23 127
3 54 47
5 19 76
0 8 59
10 8 42
1 45 34
14 56 37
1 10 134
107 59 81
2 35 185
0 53 64
3 50 182
80 34 114
0 3 155
16 21 125
1 26 151
5 37 139
11 33 70
9 56 173
1 49 57
1 59 21
2 4 37
5 57 183
6 43 139
0 19 55
2 5 97
125 21 167
1 0 169
6 55 56
19 8 63
18 53 111
1 9 77
33 44 18
0 11 77
1 36 86
68 49 194
6 47 111
0 20 192
0 0 186
0 55 56
9 12 68
9 34 176
8 58 121
28 28 181
1 25 184
1 41 182
0 8 145
0 13 66
0 52 182
0 0 79
2 48 107
1 6 81
2 50 107
7 59 93
1 53 131
0 33 56
1 26 29
8 45 43
13 24 50
56 5 25
13 27 130
415 21 35
1 41 22
91 53 75
3 45 198
0 1 92
9 38 160
25 56 118
22 51 45
0 15 107
2 49 154
6 53 168
1 31 10
0 6 150
4 12 5
0 3 107
0 37 92
15 6 79
17 48 188
5 34 192
1 58 117
0 43 11
0 9 187
0 47 184
438 8 72
4 20 35
2 35 187
1 30 52
0 30 9
108 8 69
4 30 197
8 41 41
0 24 196
3 28 115
97 39 84
0 56 56
0 45 97
4 10 10
1 8 108
0 30 23
0 50 183
4 59 7
20 37 89
0 5 179
0 43 52
0 24 121
0 26 127
0 20 3
1 34 12
0 1 169
0 28 29
2 27 176
0 30 39
2 4 167
0 18 8
0 52 26
1 25 87
0 18 77
0 2 113
0 15 57
120 17 112
0 35 174
0 41 39
3 23 24
9 30 112
0 10 77
1 22 52
0 21 182
0 6 2
1 23 141
0 32 38
6 56 98
2 11 42
1 36 176
90 52 198
0 52 180
0 28 41
31 12 89
0 6 26
0 40 96
7 27 32
7 13 84
4 53 115
425 3 72
0 40 32
0 59 74
0 19 26
0 55 151
2 10 48
3 49 174
1 46 145
4 46 161
9 50 191
2 54 18
1 51 133
1 28 92
0 13 155
197 53 145
2 41 50
1 38 59
48 40 147
0 11 89
0 21 175
8 28 115
30 58 159
11 44 83
60 29 153
0 59 128
2 19 126
0 46 29
0 11 98
1 20 174
0 33 112
0 25 154
1 30 58
0 21 104
0 29 191
2 52 91
0 46 23
378 17 42
0 44 81
0 4 25
2 21 196
0 33 149
0 38 140
11 53 18
0 1 78
0 4 191
8 30 171
0 46 191
2 50 71
0 28 184
0 20 62
5 42 188
0 11 108
11 36 79
1 28 84
112 6 80
0 1 56
0 22 92
1 50 169
2 48 194
70 31 75
82 8 35
20 59 62
1 54 67
2 25 137
0 49 69
14 50 97
0 11 27
2 53 2
1 49 41
9 31 50
0 40 148
0 30 158
3 23 110
1 55 132
0 8 16
17 51 30
9 50 100
2 1 165
0 4 63
2 53 53
0 1 41
5 59 124
2 54 152
28 32 56
0 40 125
350 21 106
29 22 20
0 59 65
1 38 64
1 3 51
0 34 180
1 22 4
102 9 78
0 17 7
0 47 197
36 44 80
55 18 31
0 17 18
1 18 56
5 42 20
23 7 69
0 8 183
4 40 158
25 14 131
0 2 141
1 57 186
0 19 179
4 53 29
0 52 75
60 13 98
0 42 52
236 50 32
22 8 19
0 51 95
2 25 34
1 33 81
228 31 41
787 7 77
0 54 129
2 50 139
35 43 60
71 29 195
8 39 7
1 41 21
0 2 182
3 28 172
5 42 7
14 30 20
32 43 139
0 48 50
1 1 150
26 35 60
2 38 138
1 9 63
3 39 74
16 26 162
0 20 9
15 8 87
17 59 83
138 0 165
1 40 95
1 33 61
1 7 32
50 48 154
1 10 181
7 23 120
0 55 117
0 35 6
5 50 135
0 16 127
16 51 15
0 3 199
14 51 142
0 27 191
0 19 107
3 38 166
0 12 70
1 2 132
11 6 39
10 40 30
3 16 5
5 9 193
0 59 154
8 52 39
3 56 146
5 4 130
0 30 168
8 4 193
1 4 115
4 54 17
4 51 194
0 38 182
0 42 118
0 6 188
0 49 4
0 11 7
13 39 118
2 16 109
32 59 112
2 43 162
131 37 4
1 40 183
5 29 199
0 56 188
2 13 106
4 34 190
25 37 169
0 43 15
53 9 120
1 42 168
3 13 147
5 58 47
0 20 35
3 56 128
21 57 82
1 17 3
1 1 105
497 42 103
1 24 167
9 11 33
0 38 137
2 12 119
96 58 167
0 56 44
30 42 86
2 46 160
0 20 140
0 56 64
73 47 165
1 25 7
1 36 113
7 11 153
0 23 128
0 23 71
2 43 192
4 48 82
2 57 21
8 0 131
0 15 98
1 19 7
0 25 149
2 7 122
1 31 101
3 47 172
4 6 139
0 8 75
1 56 20
4 14 50
294 8 170
0 21 85
121 17 17
1 58 164
2 48 145
1 10 46
29 24 101
11 30 155
6 56 80
164 0 19
0 15 54
140 45 77
1 41 56
0 27 109
9 51 65
6 44 130
0 34 152
0 38 152
0 5 19
0 39 107
4 15 128
0 35 98
0 16 13
1 2 158
0 30 152
0 15 183
6 23 139
1 31 127
560 43 4
2 57 44
4 23 153
589 45 80
13 8 105
1 9 67
0 32 197
4 37 191
305 21 62
0 27 60
0 26 100
29 13 134
0 43 5
0 14 122
0 58 49
0 54 157
8 0 45
8 48 146
0 8 56
0 45 160
0 59 9
1 25 11
14 27 68
6 53 140
0 33 45
1 17 177
622 18 76
0 11 140
422 51 45
0 51 71
24 40 108
1 36 94
8 27 55
1 16 43
93 12 35
0 13 56
0 37 74
0 42 21
5 38 199
5 31 190
18 53 157
49 45 102
91 48 139
20 55 174
1 43 76
3 58 28
611 53 62
0 13 101
0 44 122
500 56 170
3 58 158
0 51 24
0 9 18
3 7 192
1 13 163
4 5 66
1 8 34
15 36 162
0 30 65
127 6 153
777 25 170
5 53 190
1 18 57
0 48 24
1 52 117
0 12 57
4 42 119
10 4 19
0 15 169
282 27 37
0 8 31
0 38 170
0 23 101
0 53 71
1 1 167
0 19 83
1 58 50
0 35 20
0 47 113
42 52 175
0 38 81
4 19 134
3 52 97
0 3 68
0 7 187
1 44 16
0 11 92
0 58 109
0 1 34
11 24 33
17 7 115
4 17 38
0 59 118
35 14 127
189 52 90
0 21 43
4 18 15
0 0 123
12 54 182
0 20 60
0 29 42
559 31 80
2 16 198
9 12 71
0 1 12
8 11 39
0 1 130
0 16 149
7 31 112
4 24 84
1 52 40
0 31 116
132 35 22
68 2 160
0 37 102
10 24 110
35 53 85
1 23 104
1 43 17
4 35 44
0 34 7
304 40 122
269 21 56
12 50 21
10 16 156
1 56 159
54 44 148
0 39 32
1 17 98
0 25 71
289 15 54
2 33 167
8 32 154
0 0 107
0 36 160
1 9 134
0 53 135
85 22 156
0 4 154
99 49 152
0 11 93
23 17 9
2 14 82
1 56 56
51 37 96
22 45 185
14 44 13
1 53 63
0 31 74
2 48 19
5 39 116
0 1 21
13 46 140
1 1 4
15 53 72
18 13 20
294 46 88
1 46 186
1 48 145
1 15 17
5 23 180
2 28 115
1 46 62
27 20 117
69 23 137
351 50 93
1 46 120
18 32 190
0 52 169
0 49 198
0 11 169
0 18 184
9 36 11
5 37 129
0 19 96
4 38 193
1 5 97
7 28 107
5 9 172
0 17 35
8 44 80
0 10 151
1 44 147
7 40 124
0 5 103
2 35 75
3 4 191
4 23 21
5 12 109
7 20 168
300 55 45
248 38 23
22 54 156
0 40 159
0 13 78
0 35 62
4 22 96
13 30 154
16 52 112
0 19 11
0 30 53
25 7 197
9 55 126
0 16 8
0 58 42
0 18 149
0 1 144
0 10 177
0 20 44
3 0 83
6 19 42
0 4 76
0 6 122
0 23 133
353 43 17
0 55 5
7 7 94
28 33 71
12 10 66
6 36 161
187 5 84
0 59 10
0 55 105
0 52 182
0 37 50
0 20 134
1 58 194
3 36 37
256 29 3
2 51 23
40 7 143
28 35 123
49 46 98
1 49 68
0 3 113
40 47 62
0 28 95
5 43 3
0 21 188
584 19 175
1 36 171
0 3 44
7 56 35
0 55 111
43 25 58
34 6 7
7 37 189
32 4 69
1 1 114
0 38 85
32 27 196
0 34 82
13 3 147
0 40 44
6 0 101
2 5 52
5 0 91
60 28 64
4 27 82
1 59 127
116 56 83
0 27 24
0 48 50
0 49 151
0 40 120
2 20 85
21 34 174
17 49 9
3 20 1
0 33 185
75 23 22
2 1 200
2 25 26
1 27 161
4 45 29
0 41 93
0 10 137
60 35 91
0 11 60
71 23 13
31 24 164
6 50 132
0 39 192
1 50 101
0 1 162
4 20 58
0 36 183
4 13 21
111 50 135
11 45 181
2 7 165
2 46 90
13 35 49
0 0 61
0 1 147
0 30 175
3 32 133
0 37 197
8 31 91
18 36 191
0 46 86
5 14 28
1 8 196
0 29 86
25 53 22
3 22 48
11 15 166
28 16 6
16 13 190
0 17 118
0 11 166
1 36 183
1 39 74
22 0 36
1 21 124
15 2 24
0 21 3
0 43 36
0 28 49
45 2 37
13 33 5
3 53 186
26 22 99
8 6 21
6 13 190
0 42 27
0 58 73
5 51 24
0 48 111
2 21 161
52 5 7
2 48 133
3 37 71
5 47 61
1 24 17
0 46 53
46 56 136
1 9 45
9 29 167
2 55 4
0 28 81
52 26 40
14 3 44
1 1 139
1 59 11
16 39 91
2 12 31
1 28 5
1 49 170
0 54 192
0 59 143
21 53 87
7 29 182
0 25 63
70 21 33
4 38 57
1 12 6
2 24 106
22 30 122
0 21 111
8 23 92
0 49 142
0 40 2
0 47 132
3 45 38
5 28 42
66 30 117
0 56 136
0 2 7
1 6 106
32 35 20
1 24 48
1 4 173
0 31 152
2 15 174
10 30 170
3 42 19
1 41 142
1 38 102
0 14 74
5 4 177
14 56 118
0 59 196
2 49 164
1 28 62
4 9 183
4 37 87
135 49 140
18 32 20
25 8 186
3 49 169
1 35 160
10 42 136
2 7 99
0 34 50
7 23 137
0 55 98
0 50 17
99 45 190
0 6 154
27 26 97
101 45 160
197 37 185
0 52 28
375 48 4
26 48 143
4 28 166
0 56 16
792 13 54
0 39 62
0 54 23
160 36 135
2 30 93
206 9 90
44 8 113
17 58 51
27 28 60
0 17 67
24 59 38
44 5 127
0 56 86
3 11 173
35 21 195
0 11 132
0 36 84
0 7 181
0 54 59
537 38 66
0 38 113
0 44 152
29 13 75
36 38 179
5 34 45
1 7 31
78 47 123
37 54 108
310 32 141
0 35 120
1 33 2
0 22 44
0 33 134
627 32 145
0 50 147
2 56 44
2 17 96
0 25 190
0 45 186
60 52 96
2 17 105
3 31 155
0 53 129
149 16 160
7 26 34
0 40 84
46 37 28
527 48 117
0 18 142
8 49 91
1 15 46
23 42 157
0 40 96
0 45 23
0 2 147
109 24 53
26 15 177
2 23 91
1 28 37
0 17 123
0 29 153
655 5 163
2 8 113
0 21 46
22 30 88
5 37 66
2 17 23
1 37 176
10 18 89
1 36 168
0 48 49
0 41 161
0 47 89
5 18 43
2 36 178
0 47 33
0 5 89
20 25 105
1 36 91
0 31 42
15 16 86
0 3 54
4 52 125
7 21 38
5 50 81
0 45 19
314 18 90
87 4 156
9 4 87
3 14 11
7 32 32
0 43 189
5 0 117
1 47 77
13 1 109
0 58 145
755 42 159
0 25 43
0 18 71
1 53 126
0 33 79
3 9 101
2 54 148
0 39 106
0 33 57
1 29 82
0 15 86
3 32 83
12 37 192
6 41 32
2 29 131
0 49 58
5 55 77
127 25 10
0 37 4
5 22 167
6 41 149
2 41 107
29 10 91
1 18 183
0 10 97
710 15 132
0 6 161
0 12 26
2 29 106
0 37 28
0 2 116
9 21 19
0 16 70
14 9 10
0 28 169
0 31 71
10 49 176
0 35 158
11 17 35
0 12 53
0 49 134
16 42 77
32 59 72
1 19 149
11 37 156
7 5 159
2 11 31
10 36 94
6 35 186
16 8 78
10 34 187
123 11 13
0 41 136
0 40 173
2 55 29
2 15 22
0 25 27
120 13 141
0 1 68
5 36 105
24 34 5
25 25 145
69 14 157
0 16 169
0 15 195
7 28 141
2 23 102
0 31 74
0 41 89
2 26 5
6 20 104
13 48 82
11 28 200
12 42 54
195 10 89
0 24 61
7 18 91
1 14 18
30 7 196
0 50 173
7 10 169
11 41 183
53 28 132
2 37 133
52 35 95
0 2 117
0 21 176
304 8 23
0 58 180
0 31 103
0 10 170
2 7 75
3 24 83
10 15 23
3 24 171
1 5 78
2 7 146
326 35 163
142 28 144
6 28 144
323 48 152
20 9 85
3 5 178
0 51 191
31 3 172
160 58 122
6 48 142
0 12 132
3 57 142
95 15 141
1 14 157
4 30 33
4 39 66
0 49 40
91 25 67
0 14 197
0 6 53
0 33 131
0 35 190
2 13 98
4 29 6
0 43 22
0 40 74
1 28 18
1 49 21
1 33 33
2 0 33
0 38 170
1 43 47
0 41 17
44 11 21
20 47 118
1 37 8
0 53 14
6 38 69
0 9 124
12 12 148
45 14 132
5 15 110
5 33 10
0 35 25
0 11 41
14 52 18
4 28 183
1 21 93
17 13 24
14 43 47
0 40 43
0 58 72
2 26 119
2 5 72
1 51 80
2 25 19
8 8 175
2 2 192
0 32 196
0 53 29
5 54 37
0 26 23
210 51 101
793 25 114
4 37 145
6 28 10
20 28 39
9 56 167
2 21 163
1 59 185
0 47 84
0 16 64
7 36 72
0 47 198
5 37 174
0 11 56
3 58 106
0 58 93
12 26 93
0 49 175
339 46 127
0 59 172
0 45 78
244 6 192
0 45 113
0 58 135
0 57 133
5 57 80
0 13 75
0 59 29
2 35 94
2 43 15
4 9 188
0 48 132
0 44 5
0 10 111
2 14 26
0 11 110
24 44 99
1 40 186
18 47 6
0 27 84
3 12 148
39 21 86
1 53 89
0 40 82
5 0 151
0 51 16
0 52 7
44 15 161
684 12 89
86 45 132
0 6 67
0 24 86
138 8 49
20 8 88
4 40 143
0 49 88
610 15 101
23 45 73
0 53 171
21 29 91
0 56 135
3 51 24
17 52 110
0 31 186
1 48 199
0 38 34
46 33 160
21 14 92
0 43 163
76 59 53
8 14 129
3 7 140
13 33 42
22 24 19
0 3 186
1 24 196
0 15 19
0 46 97
15 53 4
178 59 131
0 12 166
77 30 140
93 2 165
0 51 189
79 20 141
0 59 66
2 11 38
0 24 19
0 42 26
0 8 193
0 38 163
0 12 156
0 30 124
0 37 38
0 44 142
2 16 23
2 22 71
1 48 181
0 18 194
2 32 27
0 35 30
15 0 73
322 53 74
200 22 153
1 8 7
1 11 103
6 48 43
6 30 20
4 25 123
56 52 58
1 59 170
2 3 96
5 48 166
0 30 61
14 37 177
0 48 99
0 38 64
0 47 192
2 14 127
0 48 143
3 2 48
6 30 17
237 17 106
0 35 191
265 15 181
6 40 126
0 36 122
2 9 101
1 37 154
10 41 176
4 29 112
37 20 187
51 33 53
0 33 33
0 32 21
0 42 103
8 10 145
0 55 14
1 36 145
0 19 146
0 7 17
1 49 119
5 3 137
8 49 94
0 50 140
241 23 144
0 39 135
0 35 76
1 1 153
9 35 154
22 48 122
0 25 16
5 47 130
35 42 104
0 55 45
8 46 110
0 24 117
0 47 119
0 4 82
19 26 162
1 25 133
2 49 89
0 33 133
17 55 117
1 55 160
5 33 44
0 50 36
93 9 66
0 59 112
351 52 76
1 26 173
76 34 70
97 1 57
0 54 150
3 5 69
60 25 117
0 17 89
9 59 174
11 10 24
0 0 81
1 51 39
481 39 15
0 58 65
3 13 149
1 32 90
11 28 138
0 7 174
4 37 64
13 23 127
189 33 81
11 36 49
2 21 4
0 35 55
0 51 5
13 58 82
15 45 68
4 41 118
0 53 57
482 9 29
519 25 192
2 23 26
0 48 15
54 49 175
0 1 150
32 33 161
16 42 127
2 5 97
0 22 175
19 50 116
2 7 128
3 32 175
1 43 40
7 56 173
0 25 90
0 58 170
512 18 65
0 45 110
433 11 60
0 49 196
1 2 65
0 12 164
11 50 178
1 33 65
14 4 165
270 14 174
0 57 103
8 13 84
1 11 15
6 47 7
46 28 13
4 19 141
0 32 71
3 17 174
7 53 160
37 44 3
6 41 17
14 16 79
1 25 137
30 10 135
0 45 1
0 38 33
3 26 50
279 34 161
2 51 113
20 50 100
1 22 190
2 14 194
34 28 137
0 12 67
57 45 29
6 58 36
2 57 85
0 44 142
0 14 156
2 7 90
28 48 106
0 47 164
5 58 110
1 18 68
0 24 102
0 47 69
4 56 62
6 14 127
0 47 197
0 32 110
0 2 35
7 21 106
2 33 48
1 0 31
9 48 177
34 1 174
5 40 57
0 36 188
0 23 179
2 36 56
134 10 134
109 56 138
9 41 148
6 42 131
441 24 45
0 29 5
73 23 72
1 1 75
11 40 45
0 23 113
0 2 124
0 3 135
1 56 185
0 16 151
0 39 34
0 22 5
0 59 7
5 17 96
42 28 191
0 18 157
3 38 145
566 18 101
11 11 131
11 14 132
5 52 69
1 57 42
1 57 14
0 54 196
0 36 47
130 53 85
8 30 58
0 5 41
0 13 79
34 58 56
4 45 58
4 54 131
0 9 3
0 3 200
3 53 18
8 51 133
0 2 34
8 40 111
13 34 156
1 5 77
72 52 125
2 2 92
28 19 45
15 47 115
0 18 180
10 38 171
12 13 77
1 13 129
43 18 92
0 49 199
0 41 68
1 59 197
2 58 50
0 42 193
1 6 177
2 36 144
18 18 39
25 48 173
1 12 149
2 2 99
0 54 98
15 48 48
0 24 172
0 59 79
11 30 20
5 34 135
0 0 185
0 26 163
21 51 76
1 25 25
0 48 126
11 28 84
0 48 46
15 21 26
1 40 23
52 14 140
50 5 184
0 37 37
42 44 94
0 8 22
1 56 195
25 4 166
0 44 115
0 25 79
125 51 66
13 4 111
0 38 53
141 17 152
14 4 144
1 8 57
0 25 110
82 30 40
0 41 133
16 54 107
0 37 147
36 34 143
501 39 32
1 41 115
0 19 91
285 21 145
0 31 161
2 39 163
19 8 30
0 25 167
0 4 84
1 48 10
6 19 188
0 23 7
0 10 35
40 9 75
274 48 158
0 39 54
0 23 35
0 11 29
1 51 103
755 3 5
14 55 159
0 30 193
0 29 142
4 14 73
1 0 44
0 53 10
553 2 99
11 47 29
39 33 96
6 4 144
35 21 82
0 13 15
1 32 35
6 28 174
0 43 195
205 47 166
7 55 42
4 28 99
0 46 113
0 19 44
7 35 98
0 17 42
690 46 139
4 59 146
6 8 13
38 39 6
0 15 173
0 25 139
0 10 76
0 10 111
2 19 20
0 44 118
25 5 188
56 28 60
9 13 116
1 32 90
1 16 119
192 29 92
0 38 118
0 46 103
27 56 96
0 53 119
67 24 135
0 43 51
0 47 70
1 28 17
6 31 62
27 35 94
42 44 62
10 7 17
2 16 171
0 3 28
1 20 24
0 17 67
181 20 56
0 47 124
139 47 128
1 58 63
12 36 48
7 43 14
3 53 143
65 13 87
0 33 23
2 2 196
218 22 29
4 45 56
3 46 66
2 55 112
4 43 119
4 18 178
3 24 57
4 25 15
1 49 75
198 18 38
146 10 22
7 50 188
2 48 95
33 58 200
7 26 110
6 46 193
0 25 99
1 58 184
0 33 104
0 36 151
85 15 135
2 55 169
0 9 96
3 21 174
0 21 116
1 9 146
0 40 169
35 39 177
0 45 168
0 31 118
0 59 182
255 54 160
2 33 25
8 18 169
0 2 48
38 24 176
4 57 199
132 12 21
0 31 108
0 47 48
0 45 43
0 28 8
88 1 16
4 8 45
1 17 105
7 10 38
9 14 14
16 28 184
0 17 22
23 26 101
1 29 121
3 5 65
52 45 57
0 11 65
1 45 14
2 45 70
0 2 51
1 50 113
0 30 168
1 51 28
0 56 144
0 11 186
2 59 102
2 24 13
3 7 97
0 47 9
15 38 76
0 27 43
114 8 117
0 3 111
0 16 13
0 57 94
6 1 110
9 58 89
689 2 147
22 52 158
0 6 65
3 24 29
0 0 190
1 32 159
492 54 2
10 31 87
50 28 26
5 32 91
0 31 96
21 48 68
3 13 77
2 55 112
0 27 82
1 36 79
0 8 119
2 21 185
7 23 136
0 35 19
0 39 123
0 1 126
3 43 194
4 24 53
2 47 53
23 50 104
14 34 150
0 38 170
7 19 159
0 58 60
7 41 109
12 2 186
0 30 176
22 41 106
46 9 109
1 22 199
10 48 171
6 15 88
0 47 107
7 5 112
0 42 74
35 53 39
0 48 97
96 17 113
1 14 128
5 58 54
3 28 21
9 6 152
33 39 27
0 19 34
1 38 89
3 46 14
502 42 187
1 22 7
6 59 35
2 39 146
0 44 180
6 36 124
0 6 111
5 9 157
0 58 171
5 14 40
1 51 48
146 7 121
1 34 98
0 17 85
0 44 89
0 53 40
0 1 186
5 0 138
0 41 176
1 48 160
0 49 114
0 20 2
19 22 199
0 56 109
7 47 100
32 59 32
0 14 99
0 11 139
32 59 30
467 35 166
22 28 109
0 4 166
0 14 54
0 52 137
18 15 73
14 58 36
3 20 46
6 12 8
1 8 121
14 16 121
2 39 39
3 14 181
7 7 46
1 37 193
0 6 179
10 2 192
2 16 67
31 56 30
36 40 35
0 43 184
1 26 92
0 39 195
0 18 146
0 6 79
0 5 33
36 26 158
3 26 94
2 16 73
1 45 133
4 12 16
8 45 97
0 45 173
2 48 59
5 10 12
2 32 136
9 36 155
209 21 18
11 20 130
1 10 90
8 43 193
1 56 169
2 21 132
664 34 3
0 49 92
320 43 119
5 20 30
6 8 101
17 49 11
0 33 38
1 42 119
1 34 176
93 38 136
0 44 154
0 32 148
4 11 193
0 39 194
15 7 165
2 33 118
0 41 149
0 24 182
64 20 36
0 21 113
27 48 33
0 43 91
5 49 160
58 23 64
2 51 66
77 10 12
0 3 199
1 7 38
0 17 122
3 48 170
2 3 139
15 42 134
0 28 142
4 30 152
1 56 48
2 6 178
0 3 112
5 50 89
54 21 25
420 1 187
7 46 160
62 9 76
0 16 101
3 29 157
0 11 199
0 25 197
1 22 37
1 22 167
0 51 167
3 3 141
1 15 199
3 57 143
0 31 41
2 47 194
13 45 159
3 26 133
0 20 59
1 26 181
0 46 182
1 29 12
46 15 6
4 48 13
0 0 69
194 16 75
0 22 58
0 52 184
8 18 34
19 27 97
3 18 24
0 48 194
4 40 200
0 42 106
38 51 160
12 29 132
10 26 123
5 3 110
0 12 143
324 51 175
23 37 19
1 9 43
0 22 104
1 39 189
0 13 58
3 43 120
0 29 192
13 51 104
407 8 134
23 48 42
0 1 108
5 47 145
0 28 94
424 44 94
4 28 103
3 14 118
1 49 64
59 32 173
71 16 10
0 35 18
1 55 187
5 47 47
0 19 194
0 29 191
43 32 79
4 18 92
0 3 28
0 20 75
41 40 190
6 0 50
0 24 166
0 55 170
20 6 167
0 14 167
0 31 51
3 11 56
0 9 114
0 12 154
0 18 163
6 51 60
0 56 145
2 21 77
1 54 52
4 7 17
10 26 122
0 13 149
1 55 64
23 5 4
0 9 195
0 49 106
94 59 197
0 24 64
0 7 127
0 20 66
0 18 159
1 42 39
19 4 122
0 42 181
28 7 55
1 49 137
1 26 124
504 58 145
0 10 198
246 26 61
10 43 105
0 50 129
6 38 30
0 10 31
113 51 52
1 30 13
0 27 195
25 7 49
26 6 34
5 41 70
0 56 107
5 13 92
0 22 182
33 36 36
9 0 108
4 52 117
53 14 114
0 39 28
11 33 48
0 48 62
0 44 20
0 26 34
0 33 96
0 49 13
1 53 109
27 6 161
0 5 155
16 49 153
55 4 125
119 17 181
67 50 114
0 59 107
1 20 176
100 7 40
0 20 47
0 3 148
1 48 91
4 26 145
4 34 144
35 16 116
5 3 4
0 38 68
175 22 137
8 59 116
3 14 84
4 30 77
1 23 190
0 8 100
5 25 123
4 12 159
18 12 185
0 1 54
0 42 48
7 14 166
434 22 195
268 8 10
2 28 81
0 14 95
504 0 47
2 44 166
62 41 104
0 19 111
1 2 115
5 20 34
0 10 94
2 24 163
4 41 105
12 10 22
7 22 188
83 13 116
0 18 200
0 56 140
16 14 2
0 39 127
0 6 29
15 57 150
0 4 181
0 56 149
39 39 94
1 53 135
11 40 10
8 59 36
11 8 154
7 41 44
15 7 80
0 36 102
0 21 23
0 1 199
8 7 158
34 55 152
0 40 157
0 22 62
0 32 79
2 0 178
0 55 4
4 31 16
3 47 123
1 23 25
2 8 123
5 10 87
4 20 187
17 33 25
3 54 77
2 3 98
0 49 166
5 4 80
1 58 46
42 9 22
3 31 184
0 25 18
0 40 174
6 33 9
2 33 192
1 47 48
1 39 148
1 28 55
0 3 26
2 40 127
7 8 24
0 47 2
0 18 126
2 33 141
286 15 77
0 4 176
0 17 149
3 47 198
0 5 46
1 45 1
39 55 165
12 38 135
0 23 143
0 43 64
16 22 42
2 42 37
0 17 4
0 44 88
0 10 147
0 33 44
14 56 13
12 36 185
7 24 119
0 53 110
16 35 75
2 47 100
110 23 36
1 22 70
0 59 121
0 45 89
9 11 5
1 32 169
0 18 115
358 19 64
0 16 123
4 18 148
0 19 191
1 26 91
4 28 113
41 27 4
0 46 33
2 52 5
54 13 104
8 3 4
42 56 162
1 22 68
1 0 189
0 49 114
11 9 68
9 39 91
0 53 160
2 21 133
28 52 75
0 35 11
0 8 75
1 37 88
0 32 5
4 56 118
4 27 146
10 46 38
6 18 73
53 48 26
2 53 180
0 1 86
1 9 112
4 3 195
456 51 152
1 24 109
0 20 109
0 46 160
20 47 75
0 26 62
4 0 163
6 25 187
79 51 90
16 15 156
3 4 44
1 44 108
2 39 173
0 45 43
2 5 70
1 44 63
8 9 99
0 51 181
0 31 193
0 17 166
0 28 101
0 43 17
5 21 148
2 7 189
2 35 81
0 34 24
11 19 198
114 18 80
0 14 28
1 46 106
0 53 87
95 34 72
1 10 153
5 38 89
8 28 184
2 5 131
1 22 2
7 21 198
0 25 79
679 38 91
0 8 43
175 53 137
34 28 156
2 8 56
2 15 171
0 53 175
6 43 180
8 4 75
3 20 148
0 7 111
56 56 56
24 9 4
5 13 61
183 26 110
14 5 2
0 43 142
0 15 169
0 46 106
0 54 108
0 23 96
0 29 14
1 21 164
0 6 177
5 20 143
671 0 143
0 2 21
442 31 101
66 50 160
0 33 64
0 40 95
2 0 108
1 9 60
0 8 189
1 36 19
0 48 3
0 11 19
1 12 21
5 57 71
14 4 143
1 24 141
0 52 194
3 18 196
9 33 109
11 9 54
0 26 103
7 46 33
11 56 163
0 38 98
1 40 65
1 12 200
0 57 6
106 13 126
0 25 160
6 15 162
52 40 108
106 7 29
0 5 2
1 24 192
0 15 74
3 2 167
1 30 134
5 36 103
2 29 182
5 14 121
0 12 53
14 15 185
296 2 151
0 3 17
0 54 100
0 28 198
3 36 67
10 16 5
2 7 29
0 41 29
0 24 79
1 25 127
101 54 141
2 51 131
1 14 176
4 43 142
2 15 175
0 57 109
7 6 81
0 54 82
320 15 102
2 53 150
0 17 169
18 58 148
0 6 11
0 10 93
1 33 60
0 7 138
8 38 98
0 17 126
55 3 107
1 19 101
0 23 36
2 44 104
8 54 88
0 41 107
28 34 187
110 58 120
18 6 60
34 9 8
130 50 169
1 51 120
0 44 91
0 5 196
0 30 79
1 20 56
3 27 196
5 12 112
19 35 140
25 28 177
0 47 83
419 2 25
0 18 64
63 15 81
1 13 41
0 30 63
0 35 149
43 12 90
15 22 104
309 22 147
8 27 120
24 5 67
1 32 51
0 16 108
0 40 137
0 48 82
38 25 11
0 39 129
0 58 137
33 13 55
102 28 92
64 49 21
0 22 178
34 57 183
2 53 7
0 8 151
678 53 161
1 14 40
1 45 131
0 54 136
0 56 98
83 57 170
2 6 38
3 39 150
3 22 89
2 8 149
1 13 132
0 15 34
2 10 190
1 25 16
9 8 188
0 2 35
0 5 172
0 43 66
0 0 118
0 21 101
0 29 133
80 6 106
5 49 154
2 8 101
1 46 81
1 10 8
1 28 77
1 27 108
0 30 183
87 29 162
0 11 58
0 30 35
3 13 121
31 28 9
0 53 103
2 57 118
1 37 171
4 10 196
0 36 165
0 31 130
0 16 56
0 30 19
75 29 113
1 38 101
0 16 189
1 42 86
0 34 177
0 26 189
0 54 20
0 49 5
0 43 100
0 4 49
10 23 152
0 36 134
15 20 182
0 54 180
2 37 192
66 58 105
40 4 181
0 50 167
3 59 81
8 28 165
3 16 6
3 41 51
5 25 198
0 8 9
28 23 180
6 56 8
11 15 105
9 14 88
0 24 91
0 45 182
0 16 82
0 25 81
2 16 160
6 4 16
19 2 34
2 21 154
0 59 20
0 16 177
33 34 113
0 22 59
0 16 196
13 56 95
0 42 63
1 40 121
0 48 109
13 24 80
11 2 84
0 17 59
10 16 14
0 10 157
19 12 171
16 26 182
214 43 96
8 20 120
0 32 5
1 5 200
1 16 176
6 37 177
0 36 191
0 31 142
1 50 84
28 10 29
1 28 131
3 50 78
40 29 168
1 8 8
67 25 8
6 35 31
2 4 104
0 38 42
4 7 116
6 47 183
3 51 65
1 41 37
1 29 186
0 48 5
1 50 9
1 24 44
0 32 98
83 13 113
1 29 165
4 9 116
23 36 69
64 49 164
2 52 51
1 37 105
0 25 180
7 21 62
157 37 37
0 52 179
1 19 129
22 7 135
0 55 175
6 46 146
0 52 67
0 26 26
557 29 119
8 22 125
9 27 173
4 1 45
148 5 193
2 9 107
46 30 192
6 22 89
19 43 147
0 17 23
4 16 47
1 32 123
0 23 42
4 55 140
0 42 100
2 25 200
35 13 139
0 55 149
0 30 172
41 31 10
21 4 52
0 50 38
1 0 155
2 27 9
0 15 188
58 20 142
0 47 172
126 37 95
0 23 97
6 58 151
2 54 86
36 51 199
46 29 52
30 28 142
0 35 77
0 18 32
489 22 106
1 19 44
0 0 64
0 28 48
230 1 162
111 11 111
0 38 21
12 38 110
2 38 10
4 0 16
61 33 15
0 51 162
7 2 139
0 46 96
1 46 31
0 51 56
2 49 106
1 21 28
268 2 157
0 44 36
0 24 56
0 56 91
2 53 49
0 17 18
6 23 152
4 59 100
2 27 197
9 47 150
210 51 99
0 23 102
745 58 142
9 42 7
22 3 11
11 38 148
4 4 16
0 24 172
225 23 191
2 4 141
0 38 25
2 45 57
3 5 72
1 45 157
1 38 153
753 1 197
85 11 117
4 14 20
0 18 143
2 12 93
8 58 121
0 5 145
125 55 37
731 50 6
2 51 10
7 3 2
0 20 79
6 55 167
13 28 116
89 35 104
0 31 137
0 20 82
1 18 99
3 16 46
1 18 38
0 54 65
2 52 117
0 56 67
1 42 195
7 28 65
0 8 179
0 19 5
2 21 83
51 30 110
6 13 195
3 42 31
0 5 38
35 58 122
0 28 177
4 15 159
2 33 170
57 11 104
0 53 175
11 13 139
0 13 196
0 21 21
1 28 65
1 35 188
0 42 129
7 3 53
0 46 24
0 31 199
1 34 179
0 6 22
6 2 119
97 56 1
11 1 46
1 3 92
15 54 18
0 6 190
143 19 8
2 57 188
1 52 20
0 45 124
7 55 43
1 37 138
0 53 169
0 7 112
23 18 60
7 8 148
28 26 126
238 55 192
1 19 71
502 28 186
9 59 169
0 57 199
4 1 99
14 45 167
0 37 25
0 57 112
0 5 77
1 31 49
256 29 102
2 40 158
28 50 138
8 26 3
2 11 23
4 0 176
0 50 28
1 34 44
3 46 76
31 53 16
0 10 35
6 57 148
1 42 14
16 10 45
396 59 183
0 10 109
14 2 107
1 31 126
0 30 53
0 49 198
607 21 147
0 57 12
0 52 37
0 57 136
0 52 73
19 21 134
2 12 48
42 28 22
1 22 19
0 15 97
0 59 8
4 20 77
5 37 137
6 11 24
7 38 80
675 12 66
1 46 148
1 38 17
22 15 168
0 44 122
0 15 62
0 42 178
0 31 24
0 13 21
0 22 77
5 19 41
1 10 64
0 28 52
4 25 107
0 23 160
12 13 92
69 24 6
556 16 40
0 7 134
37 57 87
34 3 71
1 36 172
0 8 36
1 51 58
16 32 118
1 4 57
0 1 107
0 28 11
159 22 103
0 43 121
0 23 90
1 57 102
3 22 176
13 16 31
11 44 197
0 5 132
7 27 119
49 53 97
1 13 167
3 4 14
0 51 147
9 30 37
23 33 28
0 26 135
0 13 83
11 39 29
0 56 110
0 38 14
2 54 114
333 49 87
22 47 128
0 43 110
32 54 67
0 33 139
14 33 198
1 5 13
0 56 145
26 0 102
6 32 97
4 3 174
0 56 111
0 5 195
8 9 85
120 10 106
4 55 46
0 20 18
28 34 178
8 4 198
2 9 184
13 13 21
0 4 174
1 24 148
181 13 130
0 23 88
0 16 61
0 31 161
9 14 185
0 16 9
4 9 39
6 21 194
0 53 5
0 18 150
1 8 122
0 38 31
11 54 157
0 23 86
0 30 146
1 15 87
70 53 174
0 19 80
30 31 59
0 2 178
0 23 59
0 41 164
0 0 156
3 50 148
5 15 116
5 19 19
11 49 77
20 30 158
0 41 176
0 6 46
0 6 173
0 48 8
1 56 21
0 48 93
2 26 158
0 55 7
1 49 192
170 53 54
157 19 5
0 28 28
3 48 167
2 16 82
16 0 136
0 7 143
2 37 179
4 52 34
0 4 192
7 27 175
95 35 27
4 55 194
0 33 91
15 43 187
0 45 192
0 6 76
0 52 140
0 6 170
149 17 79
15 34 55
414 38 99
62 52 45
0 40 1
0 40 93
26 23 168
3 24 170
11 47 160
0 18 109
0 16 189
14 19 104
2 58 171
35 22 124
1 52 42
0 54 79
0 58 6
43 34 76
0 1 24
409 16 167
33 4 149
1 16 23
30 22 29
110 15 58
0 44 179
17 52 183
0 15 76
19 13 139
723 43 153
0 34 62
2 10 25
3 44 89
6 23 64
259 38 138
129 40 105
1 45 86
2 26 10
0 56 42
0 19 161
1 1 158
0 29 32
1 29 93
0 18 94
6 44 158
10 0 83
22 19 142
0 24 15
0 9 140
611 27 188
2 0 22
72 45 174
0 24 30
27 3 96
122 20 149
0 36 119
2 52 73
28 51 41
0 55 159
0 10 185
0 15 108
0 50 128
34 57 119
15 56 143
20 10 150
0 17 48
66 57 115
1 34 193
120 2 14
0 26 36
5 21 138
174 12 151
16 32 152
1 38 29
0 18 85
2 41 153
80 11 3
157 10 89
25 19 73
0 32 105
0 19 94
2 38 36
9 25 140
0 42 142
1 51 166
0 23 184
0 18 165
14 45 187
1 57 146
27 15 159
1 16 7
0 36 170
0 45 44
0 21 55
0 1 25
0 22 171
0 38 41
446 41 135
0 9 112
6 51 130
300 27 172
93 22 153
19 0 26
5 41 122
1 58 96
0 35 121
0 8 68
0 30 109
19 2 72
0 11 123
45 52 56
7 17 87
2 59 39
0 12 156
0 55 199
2 16 190
2 8 42
0 11 108
0 13 119
0 33 196
160 27 180
0 29 63
67 42 136
0 17 112
2 6 176
1 12 88
1 30 67
273 20 11
604 17 178
1 43 91
1 24 132
3 48 27
3 15 68
0 6 168
47 20 183
0 6 43
14 52 66
2 2 196
1 10 170
1 32 59
2 30 169
0 17 60
1 0 3
0 34 47
0 19 57
503 13 128
3 26 138
8 52 148
6 58 44
198 21 158
454 14 65
0 11 97
12 43 13
2 24 15
21 40 93
1 25 19
0 22 135
1 22 137
0 32 15
0 45 163
1 30 6
1 24 30
504 44 2
0 44 5
0 44 45
1 36 74
1 50 159
0 35 166
408 14 139
12 13 70
0 23 166
0 4 87
0 55 130
2 7 193
0 10 114
0 18 105
9 19 180
2 38 39
2 42 192
10 46 11
0 43 88
82 39 119
21 28 38
12 6 73
2 34 69
1 54 81
664 34 71
1 53 94
0 46 63
0 21 57
26 25 155
3 16 127
1 45 147
0 41 34
2 28 128
0 51 30
11 18 171
109 29 194
123 10 162
0 3 143
2 8 124
1 57 15
0 13 66
2 37 78
74 38 177
0 41 150
3 39 63
0 32 156
14 9 59
405 38 197
2 27 52
0 25 21
36 1 179
0 39 109
161 39 58
0 53 142
2 30 145
0 5 35
1 2 101
54 59 199
0 50 33
0 38 33
0 53 169
1 14 112
0 48 132
0 29 26
60 8 171
0 43 70
151 3 164
0 31 166
1 26 114
0 36 180
6 59 81
2 58 21
5 8 87
9 20 191
129 38 167
0 15 36
6 54 82
0 27 128
1 17 63
0 28 156
16 59 29
2 55 108
133 13 69
5 3 119
4 52 61
0 53 56
0 17 24
25 13 172
0 55 131
0 5 63
11 1 45
3 57 54
2 38 43
27 16 79
2 9 15
3 21 167
2 11 75
0 46 100
3 34 48
17 32 19
0 23 41
4 44 191
0 42 152
0 8 2
0 34 38
37 45 35
2 40 179
0 54 121
0 41 143
2 34 66
7 16 51
0 20 64
0 17 17
7 56 20
1 56 9
0 27 70
11 22 185
3 12 67
0 15 172
0 15 68
0 4 72
0 24 81
25 14 123
1 28 71
34 44 154
0 2 23
10 33 165
1 59 21
2 8 20
0 31 76
0 32 77
266 11 51
485 2 58
122 20 161
0 57 140
3 29 110
0 56 25
0 30 147
0 56 30
0 17 180
0 6 55
1 38 70
5 2 59
0 33 122
0 39 170
2 23 185
10 55 143
8 42 110
6 56 87
311 30 126
286 1 12
0 0 100
0 24 37
0 16 54
30 27 31
0 8 66
10 0 101
2 33 63
0 17 75
0 14 24
0 2 139
0 39 19
20 3 113
2 29 75
1 40 26
1 35 10
1 30 197
6 35 155
0 45 70
2 48 11
5 39 7
0 46 187
0 14 54
0 29 136
0 49 68
0 43 106
203 42 105
20 13 33
0 7 42
0 15 111
4 36 52
6 25 161
3 54 130
0 47 128
0 6 142
10 4 164
13 17 162
20 12 192
12 2 161
3 48 166
0 50 166
0 55 65
1 23 154
115 0 27
1 17 45
4 10 160
2 45 191
3 32 173
2 31 78
5 11 72
1 28 10
363 49 131
91 43 31
3 49 24
5 26 15
21 15 28
211 0 93
7 36 151
0 5 26
34 45 198
1 17 2
0 34 193
0 15 164
0 15 97
27 42 99
56 8 136
1 50 30
0 8 109
29 45 151
0 42 114
1 52 102
0 22 75
0 31 149
20 28 47
0 43 146
9 22 76
108 57 142
3 27 124
0 58 119
1 46 83
122 14 33
2 29 17
0 3 56
1 34 132
0 24 33
3 40 102
99 39 151
0 40 32
3 33 93
26 41 89
1 13 56
51 24 128
1 1 50
88 12 28
0 18 101
5 5 83
0 21 52
723 46 68
24 14 120
230 5 70
0 58 177
555 34 115
5 38 175
1 19 117
19 9 57
0 2 13
0 1 177
28 40 81
1 11 166
52 44 136
0 38 114
0 22 9
2 17 81
0 12 192
0 26 4
39 28 174
100 27 77
20 20 126
0 52 14
4 0 84
1 52 138
4 36 153
2 50 125
2 18 119
13 42 86
230 41 92
130 38 175
52 20 26
9 35 52
0 15 62
0 5 113
0 19 98
0 10 11
0 30 83
1 30 41
0 4 141
19 21 55
3 5 98
0 44 36
13 16 11
0 51 65
12 12 142
5 30 123
533 37 189
50 54 7
22 47 75
0 7 26
0 13 65
266 45 104
16 10 140
0 45 179
9 35 156
0 34 93
0 13 194
32 8 86
0 5 90
0 54 176
13 43 130
0 33 61
643 19 100
0 3 130
263 25 52
1 18 66
17 20 156
1 53 56
0 30 166
21 52 41
20 8 92
7 1 79
2 29 44
0 20 146
0 45 66
3 10 154
5 25 2
209 58 60
4 5 27
1 59 100
0 43 146
14 32 145
80 49 191
28 20 77
2 14 142
0 12 117
0 14 48
2 0 177
144 34 24
1 33 70
0 47 100
111 9 5
24 25 104
0 43 39
0 10 94
72 43 47
0 50 181
5 35 126
0 20 76
3 49 116
1 39 189
46 49 83
18 13 19
1 20 45
0 5 4
1 45 197
6 43 166
13 45 15
2 54 74
0 33 59
0 54 108
0 25 33
37 9 130
1 7 117
1 58 75
200 51 67
0 27 149
2 17 1
18 43 164
1 33 85
6 22 18
783 1 184
3 4 123
0 44 70
0 50 46
0 7 37
13 43 42
1 58 4
0 0 199
4 7 8
0 14 64
1 23 50
2 57 135
11 25 7
23 35 75
0 38 178
10 4 73
28 3 125
651 28 3
0 21 190
2 56 170
12 38 81
0 22 20
1 29 2
0 29 25
1 17 151
13 1 158
4 5 170
1 47 109
0 29 166
3 52 122
2 50 90
128 32 49
0 40 26
22 12 24
12 6 196
2 3 98
0 31 107
29 9 183
143 15 183
4 20 198
1 25 164
1 41 132
12 3 109
3 53 151
11 22 127
0 36 132
1 3 61
1 54 59
0 59 89
0 35 42
4 56 16
3 29 33
0 17 126
0 37 22
1 13 27
7 39 24
0 3 107
1 57 52
0 19 49
2 49 111
1 4 85
0 25 53
0 57 138
149 29 127
0 47 123
1 22 30
1 11 177
6 10 129
4 5 106
0 3 15
2 32 11
26 16 52
0 39 130
20 24 137
6 10 57
2 41 104
6 1 154
4 15 84
708 33 15
8 58 81
1 12 12
31 55 140
10 51 5
0 24 96
3 1 77
736 37 85
121 38 22
95 0 79
0 5 136
0 45 64
0 44 155
3 45 125
0 38 171
19 32 55
27 26 92
1 58 13
12 45 55
1 42 9
0 42 26
2 21 131
11 34 8
104 43 132
0 56 149
15 38 78
58 49 186
1 49 73
3 50 148
1 23 160
0 0 72
0 4 106
1 26 168
3 54 151
2 29 83
23 44 93
58 19 188
6 38 73
70 28 151
26 46 64
2 22 167
3 35 132
3 1 45
2 57 177
8 12 7
1 52 180
117 3 22
12 32 112
6 41 160
2 27 130
6 52 103
1 40 23
0 55 38
0 30 190
3 21 58
15 9 186
7 14 9
39 28 115
2 15 155
310 28 135
1 43 23
0 59 82
0 37 102
181 29 82
32 11 150
1 41 113
1 9 17
38 52 172
6 58 131
47 58 177
0 4 144
3 53 193
337 42 76
19 39 67
2 15 160
1 11 40
0 47 55
0 23 156
3 38 60
3 19 25
5 44 85
689 36 109
5 5 85
2 6 47
0 41 135
8 26 81
0 58 52
1 1 189
0 34 36
1 30 96
0 7 7
5 20 184
0 13 55
0 38 139
0 9 13
0 4 127
34 29 66
1 22 173
0 1 178
5 37 78
0 38 84
1 54 34
8 36 86
17 36 71
1 9 75
0 8 194
14 46 61
4 27 17
0 13 37
74 55 181
0 18 48
0 1 122
64 5 5
3 8 121
0 59 35
0 27 190
0 34 88
13 5 87
24 34 35
7 1 152
3 23 34
0 43 83
1 48 109
0 13 151
6 52 97
0 26 152
9 54 191
0 27 185
0 3 63
3 13 135
8 5 126
4 12 77
256 44 94
79 47 89
0 29 51
0 34 139
1 13 39
1 7 36
23 36 20
37 49 73
2 40 136
13 25 142
0 38 73
4 14 141
0 56 163
123 19 79
0 44 55
5 35 22
9 15 198
3 20 128
0 8 161
0 58 182
0 48 117
0 1 23
1 25 177
17 35 90
50 7 57
2 19 30
2 51 43
1 42 175
17 16 18
4 29 2
0 58 119
12 39 20
365 31 42
0 26 106
32 54 146
0 2 119
2 14 47
9 7 79
0 49 23
76 8 62
0 18 169
0 31 34
8 46 119
75 45 139
1 15 165
0 20 89
98 52 130
0 16 92
58 24 197
100 28 134
0 33 173
0 19 119
3 53 100
2 15 87
11 10 161
0 3 67
0 33 138
0 41 188
0 46 154
2 26 106
1 57 161
3 33 61
0 12 71
0 4 83
1 35 27
2 28 28
7 18 109
0 39 24
3 10 54
1 27 23
0 48 24
0 37 81
2 16 22
0 35 19
0 25 147
5 35 6
0 46 124
4 35 69
2 26 166
43 0 49
0 29 109
0 3 153
3 47 133
4 43 159
20 18 32
12 19 178
0 27 184
28 15 149
19 17 165
24 58 169
8 57 176
0 38 186
3 19 160
103 26 31
86 37 171
12 50 101
0 38 118
0 11 74
0 7 177
35 58 123
6 20 10
8 39 200
1 34 88
3 40 69
125 22 187
0 50 14
86 14 10
6 14 50
58 32 125
0 17 103
3 23 40
10 24 160
0 26 117
5 24 114
2 38 180
0 15 171
27 29 98
0 21 83
0 18 84
19 29 46
0 52 55
9 10 14
1 57 126
0 38 62
0 42 156
122 57 25
11 1 84
36 6 105
0 32 159
4 48 125
0 50 115
13 2 171
1 57 23
17 39 193
11 9 72
6 5 121
6 2 24
452 43 68
1 46 148
2 28 48
21 43 196
0 36 81
8 42 62
0 3 86
4 56 20
49 6 141
1 29 15
0 55 77
0 47 119
6 56 104
0 23 21
0 11 15
11 41 163
0 53 119
18 2 144
0 24 200
0 10 84
0 6 61
480 29 53
16 15 184
1 2 8
16 56 127
2 38 51
0 23 97
0 31 136
7 15 172
44 59 76
10 39 12
34 58 64
48 54 8
3 20 59
0 26 33
345 0 31
25 24 115
92 10 65
390 18 48
1 22 157
1 0 200
4 23 153
5 42 125
0 48 185
0 5 81
1 1 50
9 35 174
0 23 96
81 19 182
0 2 173
391 49 108
4 59 79
130 48 30
82 11 196
4 46 106
1 23 28
36 18 16
4 38 118
28 44 23
9 25 194
6 39 10
0 36 137
325 57 122
0 45 190
784 47 173
0 11 22
7 47 43
1 27 156
0 45 11
1 36 20
1 19 101
0 0 142
4 10 65
2 26 98
0 5 107
0 0 21
64 5 57
10 4 149
17 34 14
14 52 90
0 53 7
5 25 89
0 52 114
1 9 113
0 53 49
3 0 113
2 6 37
15 40 196
0 23 167
23 2 110
25 45 81
41 26 174
0 57 46
3 14 36
0 56 138
1 23 14
0 32 46
0 36 188
0 12 129
0 6 123
403 2 186
95 12 77
0 42 42
1 29 184
1 35 14
0 2 107
407 21 70
1 46 151
0 45 180
0 26 187
20 12 92
0 41 159
1 24 33
1 57 92
3 48 150
3 27 29
1 15 175
0 35 102
18 45 157
10 12 58
7 54 162
1 33 179
1 48 148
8 25 165
3 11 34
2 8 112
2 54 159
2 22 98
0 49 164
101 13 16
3 17 146
4 2 6
319 19 66
0 31 114
5 14 136
3 35 150
0 31 180
40 22 39
0 52 150
0 7 83
9 52 135
6 34 191
0 14 88
0 28 53
523 17 175
0 20 17
1 30 159
0 55 164
3 12 110
1 39 149
3 8 122
0 39 28
364 41 85
0 38 33
0 19 58
0 56 173
0 5 78
0 49 85
0 34 39
0 9 118
0 37 177
0 18 72
28 9 153
84 10 157
1 43 195
0 4 187
34 53 56
1 39 135
2 15 121
27 53 117
718 11 149
5 28 196
444 49 148
0 11 57
716 37 131
1 13 39
1 0 119
0 45 191
5 15 128
2 58 120
0 11 61
6 21 50
0 37 155
3 51 188
0 2 122
15 5 128
1 7 87
72 40 172
104 16 61
3 28 111
6 25 86
0 25 127
0 30 200
1 12 86
2 15 91
0 18 55
10 27 194
1 16 193
1 2 26
6 43 156
171 47 138
18 5 111
61 49 25
0 32 15
0 41 191
52 24 141
0 7 1
0 55 21
1 11 43
0 24 134
0 5 36
16 0 67
0 4 85
28 24 7
0 58 115
3 39 51
4 34 71
93 10 144
2 39 102
1 48 35
0 10 139
0 19 118
0 59 44
9 36 178
0 7 23
0 51 20
2 38 28
20 57 104
335 50 163
29 33 117
1 58 109
2 40 43
3 39 6
0 7 49
5 24 106
1 3 175
0 47 115
0 26 15
27 14 99
12 39 151
0 35 50
3 21 52
0 5 178
161 3 75
1 51 109
50 59 70
15 20 183
6 34 105
2 5 26
0 5 184
3 27 87
0 50 38
18 12 185
0 36 27
0 28 151
3 26 80
28 11 49
3 6 149
1 4 45
0 31 117
0 7 16
1 40 61
72 20 113
0 47 190
0 7 32
1 31 180
2 29 59
27 18 123
60 10 100
0 21 2
23 26 63
1 56 141
51 59 99
1 18 168
5 21 79
0 17 25
1 47 158
2 48 40
18 2 22
38 27 148
3 10 171
3 38 80
624 12 53
11 29 48
0 24 159
0 55 59
0 51 140
15 31 107
3 52 124
1 31 124
13 44 91
28 54 186
2 12 71
1 17 24
54 17 174
3 54 118
2 22 172
419 41 41
120 27 89
0 19 33
2 44 94
5 50 10
10 25 52
0 36 108
0 48 21
33 29 155
0 48 122
0 44 98
3 37 82
0 44 116
21 20 47
0 20 29
10 50 52
7 31 18
0 7 183
4 15 151
4 26 65
3 28 118
3 57 14
13 24 56
0 28 60
0 53 162
1 5 108
3 36 40
0 41 132
1 49 107
6 8 15
0 49 186
1 8 167
29 59 88
0 26 57
336 48 8
0 22 172
2 25 45
0 53 140
362 53 69
0 19 170
10 34 193
92 3 190
13 9 100
11 12 50
14 33 195
0 24 95
7 53 131
0 32 97
1 31 181
0 43 75
9 39 179
19 7 194
7 49 13
10 48 153
21 29 167
0 12 139
1 41 98
0 27 101
2 7 200
0 21 125
0 16 79
0 19 112
13 20 170
0 45 183
0 10 164
51 48 16
0 50 193
0 37 168
0 41 18
2 25 38
0 33 28
0 22 97
0 28 194
0 19 183
4 23 124
2 17 95
0 39 42
467 15 161
0 24 142
0 22 117
11 16 43
0 32 28
2 24 65
0 9 200
0 1 92
4 44 95
178 33 1
0 44 196
1 44 93
3 19 12
0 31 69
0 4 70
1 1 147
3 15 195
1 9 97
18 11 183
0 29 102
12 37 18
1 10 10
0 17 150
6 9 180
5 28 26
3 18 54
0 14 26
3 59 130
0 27 3
0 22 177
772 40 21
0 45 92
0 53 31
1 37 28
370 30 132
0 41 118
2 20 100
0 44 101
0 44 23
2 57 13
0 13 13
79 35 53
2 17 25
0 35 127
1 39 34
1 37 191
9 7 154
2 24 174
6 12 73
2 19 162
11 5 73
2 8 71
0 32 161
1 37 189
1 57 59
0 42 100
10 58 112
1 9 78
71 59 197
1 16 79
0 50 29
0 24 161
11 25 113
25 7 62
26 27 92
5 38 118
4 13 102
0 58 15
1 50 190
1 15 150
0 25 186
5 32 119
0 1 48
15 6 34
12 43 120
59 7 135
0 33 101
4 15 27
0 52 174
57 36 51
6 26 103
18 30 40
0 8 141
0 21 36
0 36 157
1 31 3
6 19 155
56 3 72
0 33 113
0 58 157
0 24 104
0 22 97
1 3 200
1 57 127
2 11 139
0 28 198
1 37 178
0 33 200
4 40 100
40 7 196
0 7 150
14 37 150
4 51 172
0 18 159
1 20 146
1 28 170
479 19 184
12 23 189
204 55 165
25 14 173
0 16 98
0 27 106
2 31 2
12 28 111
5 15 153
0 56 103
0 17 90
4 38 172
4 50 185
0 45 66
7 47 57
2 35 114
353 0 11
0 15 109
0 41 43
1 7 72
15 51 69
6 39 62
19 40 193
0 21 59
8 7 56
463 4 84
0 6 45
29 4 3
0 31 171
2 28 97
2 45 46
0 35 9
3 31 65
10 55 177
2 26 144
1 20 120
19 14 36
1 17 163
4 47 143
0 11 84
0 8 118
0 10 102
2 16 161
1 11 148
0 5 185
0 50 133
1 40 39
0 4 24
1 22 186
9 59 14
0 46 48
0 10 54
0 51 129
0 10 185
2 53 175
0 58 45
0 1 132
1 7 162
99 3 122
365 26 154
3 40 99
0 55 106
0 3 137
0 44 50
0 0 157
19 38 141
2 43 197
0 50 39
0 10 103
3 10 180
0 20 188
2 27 122
0 41 118
15 25 22
5 42 149
5 36 50
1 38 51
15 18 39
152 3 137
25 58 192
8 18 128
12 44 130
83 18 112
22 49 30
2 50 101
0 15 103
0 44 166
0 47 11
216 1 44
0 57 98
0 29 2
180 55 105
7 36 124
17 35 132
1 11 179
0 9 147
0 44 48
0 4 171
1 46 100
0 26 76
78 29 136
0 53 63
0 10 154
0 7 57
7 1 148
0 7 148
6 52 185
18 55 156
0 22 125
2 17 54
7 21 100
0 55 167
94 45 5
0 36 97
3 33 95
2 25 3
204 36 72
0 15 103
0 40 54
0 55 22
1 39 120
0 6 98
43 43 142
3 33 172
21 33 136
3 24 62
2 57 100
315 32 81
1 24 70
1 6 124
0 23 133
338 9 55
0 22 128
125 34 140
82 11 35
3 3 12
0 42 3
7 9 98
0 56 85
1 31 106
0 11 106
113 52 192
0 13 91
5 23 68
5 36 19
301 33 81
0 46 198
11 36 115
0 10 53
13 26 105
93 47 139
382 39 87
0 9 170
1 34 199
32 22 127
1 59 106
0 47 178
5 42 94
0 10 111
1 39 34
1 56 24
2 19 173
0 14 52
8 45 108
0 35 128
2 20 21
0 11 10
241 13 11
0 28 15
3 31 187
74 41 174
3 27 110
14 39 27
118 8 81
1 16 195
0 46 14
0 35 191
5 8 70
9 57 138
19 59 60
358 54 20
2 54 198
2 57 66
9 23 169
8 55 72
5 46 83
262 48 108
35 55 163
0 45 32
8 7 116
2 0 158
0 47 177
0 10 109
0 59 51
11 54 18
0 54 100
0 14 184
0 0 139
11 58 122
7 36 156
1 19 123
61 35 15
0 48 79
72 24 142
33 21 49
0 20 80
8 32 65
42 1 36
32 52 108
1 29 190
0 45 193
2 6 90
0 5 151
16 16 28
4 58 137
13 48 87
23 26 193
1 24 78
2 15 50
10 14 119
0 14 182
12 47 61
0 52 156
2 18 86
2 18 10
0 40 47
17 12 33
32 10 91
5 45 142
2 23 134
19 58 68
23 48 86
4 27 182
3 16 170
0 35 179
3 45 88
2 48 101
0 53 92
0 56 138
69 20 180
14 56 191
0 42 2
11 0 33
7 34 128
0 33 8
12 41 49
9 42 14
4 0 38
3 2 117
10 31 90
0 43 48
0 54 55
1 53 143
0 24 8
13 53 184
0 4 75
47 26 25
6 6 5
0 33 41
15 9 137
0 29 149
12 15 186
0 5 177
12 25 15
3 30 84
1 29 86
211 20 74
1 22 57
0 32 45
7 28 75
2 1 68
3 27 27
0 8 57
28 52 129
15 46 68
60 25 157
0 15 97
0 44 87
0 44 19
0 45 22
1 8 4
2 21 164
50 12 128
44 0 22
25 34 121
18 53 179
8 43 8
0 13 4
399 53 76
2 59 183
12 28 141
10 13 110
4 43 2
1 49 79
1 27 42
13 27 166
0 55 139
1 31 81
0 27 189
0 53 173
5 0 61
28 15 152
7 20 63
2 47 120
1 9 167
1 17 71
322 45 132
0 45 153
27 51 133
6 0 168
0 54 166
3 50 183
0 46 11
0 36 22
6 24 94
1 14 53
3 40 180
46 5 199
13 5 151
0 29 70
11 54 10
768 51 187
4 33 152
6 28 96
28 51 74
13 49 131
0 59 156
2 11 166
71 8 115
19 10 183
22 45 36
3 56 87
20 20 85
40 19 113
2 54 123
1 4 110
4 40 141
6 38 144
267 15 89
0 40 52
0 54 56
1 5 42
0 31 106
7 28 158
0 24 62
0 55 130
1 59 50
0 19 126
0 9 179
9 26 164
85 28 1
31 3 193
41 27 96
81 46 125
14 57 3
12 59 148
1 28 150
15 34 165
0 25 12
2 20 94
0 56 48
0 35 14
0 9 79
0 17 8
0 52 42
0 27 33
38 35 61
6 50 99
7 33 106
120 17 95
1 5 115
0 1 32
4 51 58
4 23 130
4 4 118
7 51 6
11 45 154
9 47 32
0 25 53
10 47 144
175 16 1
0 42 180
1 47 151
0 14 72
0 27 23
96 57 44
2 40 10
0 5 95
0 16 2
0 14 55
2 1 167
1 22 89
77 14 188
5 17 69
9 3 21
317 6 86
11 19 77
101 9 194
5 8 19
646 33 186
14 15 35
4 51 157
10 15 16
0 13 35
0 26 193
2 32 92
11 38 64
24 48 90
7 56 47
2 41 7
0 51 6
4 26 158
1 17 147
250 30 13
177 25 52
0 41 180
1 51 85
8 53 99
2 39 162
5 49 66
3 21 166
0 5 159
128 28 129
29 15 1
2 16 60
7 2 65
0 50 63
0 8 114
2 28 168
54 59 162
0 32 185
30 50 97
0 7 178
0 8 185
65 5 166
52 47 75
0 22 177
71 24 142
29 54 120
8 31 26
1 42 44
0 29 64
0 0 153
0 15 135
18 46 75
8 55 50
3 53 6
7 45 54
39 56 122
7 10 115
1 54 55
1 42 185
0 51 177
147 8 152
0 28 14
4 26 3
0 18 52
762 29 196
2 51 110
3 29 111
1 59 67
2 2 179
1 20 63
0 54 147
0 45 193
3 6 104
2 0 49
10 16 59
0 15 94
1 49 8
14 33 158
11 30 144
136 31 23
0 42 194
0 49 148
0 8 82
6 53 164
14 55 111
71 26 18
68 52 19
2 18 53
2 34 31
0 34 1
11 44 109
2 34 177
1 4 59
3 3 110
0 13 65
0 28 175
6 36 10
22 16 44
0 28 134
0 5 93
0 39 168
2 2 134
0 16 115
0 32 103
0 9 171
4 29 31
3 39 80
2 24 55
0 29 77
15 4 148
5 25 171
2 49 121
31 18 54
32 31 17
0 2 75
0 10 136
0 31 68
1 40 183
7 14 195
68 16 10
4 9 50
79 29 71
0 33 194
0 9 191
22 18 158
3 0 192
15 46 57
20 22 90
106 21 24
1 55 128
48 29 84
1 59 33
0 22 193
34 10 51
0 46 46
23 48 147
252 47 171
1 57 137
27 25 105
3 22 167
0 12 111
0 28 173
0 1 163
65 13 95
6 20 67
24 21 43
1 4 93
6 46 18
0 33 120
753 33 109
0 3 33
4 17 25
6 4 30
0 43 92
3 57 135
548 35 85
47 3 106
2 58 26
58 34 135
342 22 141
0 36 52
34 53 8
0 32 83
4 8 146
2 53 191
13 7 50
0 20 11
25 14 84
125 33 21
5 22 77
4 49 182
5 25 147
0 27 195
0 16 59
0 31 95
0 47 24
5 4 12
4 26 1
44 18 80
2 5 194
0 20 71
456 52 7
1 3 111
112 53 149
1 6 105
0 2 137
18 6 61
219 37 140
6 28 64
1 37 28
2 53 114
0 38 20
4 51 95
9 26 100
1 58 84
462 28 156
23 39 73
4 38 97
33 33 40
0 4 138
0 41 187
8 31 143
8 16 45
0 52 141
3 58 27
14 50 110
0 54 101
4 27 127
11 5 50
267 3 52
0 24 13
75 3 176
0 35 136
0 24 119
0 43 76
0 46 106
1 41 167
0 25 108
48 32 101
10 12 173
0 14 127
4 46 119
3 9 188
172 28 58
0 54 157
9 31 26
2 16 166
2 53 196
0 52 176
85 11 49
0 8 49
1 59 102
1 20 67
0 0 195
376 11 27
0 25 159
5 25 56
38 17 186
1 23 2
0 29 97
0 43 156
109 16 21
26 23 186
18 41 158
411 17 70
0 10 178
2 44 199
8 43 148
0 11 120
0 56 185
1 29 109
9 55 8
54 5 98
8 59 168
254 57 199
12 51 121
17 41 175
1 21 43
36 57 151
0 22 72
0 12 17
6 18 82
34 47 19
22 38 101
0 11 197
0 46 105
1 27 125
0 0 111
0 26 191
7 18 80
0 34 61
2 1 186
0 37 141
30 22 43
1 56 152
0 36 38
0 14 53
0 34 169
2 45 31
5 24 13
0 28 165
0 55 123
0 8 197
1 59 67
8 25 119
2 28 50
2 7 160
1 3 37
0 15 54
1 55 80
0 25 16
1 5 171
0 39 176
1 22 89
6 30 40
2 53 106
0 45 21
0 15 60
285 8 114
0 30 105
0 33 17
3 44 65
5 58 50
1 44 60
355 26 132
6 35 47
1 14 200
0 59 142
1 3 92
0 34 62
47 46 6
3 3 136
1 8 81
2 15 140
0 54 8
3 35 26
7 6 139
1 56 60
5 40 140
0 15 185
1 17 159
0 8 141
1 55 145
18 57 63
392 18 79
0 24 142
1 23 52
0 24 9
62 27 173
2 31 162
5 3 196
0 5 74
3 39 131
0 51 155
63 2 35
10 11 90
0 5 66
0 52 72
0 44 8
0 44 188
0 6 60
43 42 111
112 13 120
0 19 46
0 30 143
1 8 64
10 1 193
9 59 93
0 15 176
0 12 120
0 21 107
3 36 138
1 30 166
24 1 136
18 19 182
0 59 98
18 4 54
146 38 76
1 1 37
4 12 25
0 37 151
2 16 181
146 28 199
1 31 124
1 57 119
1 25 25
1 7 58
293 28 40
0 27 177
27 20 15
2 23 33
3 50 104
0 7 125
0 20 191
6 22 8
0 38 153
0 24 174
0 38 109
32 54 182
1 25 158
336 39 155
26 58 90
0 26 150
9 51 80
19 26 79
1 33 200
50 43 26
2 1 26
0 36 80
116 39 61
5 41 55
10 37 134
486 45 138
0 5 128
0 4 102
62 53 107
603 46 136
164 56 67
0 9 71
178 56 161
0 24 12
1 14 19
1 5 95
0 10 140
2 44 61
0 31 101
0 30 136
12 23 132
86 18 114
1 50 98
0 34 149
1 14 92
91 25 48
0 46 50
1 47 111
1 2 120
22 11 49
1 53 113
4 35 117
51 23 140
0 33 91
1 0 127
3 26 88
0 17 171
5 22 197
26 27 54
0 46 13
3 23 132
0 26 55
0 25 167
16 14 82
0 0 91
3 16 118
0 6 145
0 55 90
10 14 160
2 4 56
0 51 132
3 13 53
0 26 157
1 7 103
1 38 147
9 1 69
8 45 1
0 4 129
26 43 145
1 54 83
2 16 170
2 52 57
1 55 71
0 55 16
0 58 196
0 28 34
0 56 31
0 1 148
0 45 62
2 20 79
0 59 59
3 8 90
0 52 152
17 45 4
0 22 110
14 27 65
0 43 117
0 41 58
49 19 183
0 12 106
4 58 91
14 34 31
4 48 194
2 4 173
8 34 1
4 32 45
7 6 79
154 0 104
2 46 68
0 54 78
40 32 107
9 53 150
0 39 77
2 2 110
1 28 128
0 49 115
129 29 83
16 59 8
4 41 38
79 36 169
1 24 90
6 34 113
4 6 122
0 14 59
519 14 114
8 3 63
2 14 103
1 7 96
5 36 121
79 43 178
0 35 176
0 29 146
0 12 184
0 49 175
0 37 86
115 39 127
2 21 83
2 10 83
147 30 142
69 3 25
12 47 107
25 41 59
3 31 175
35 38 11
30 57 115
0 12 83
0 58 150
11 21 51
0 44 72
0 7 54
13 23 111
0 4 27
0 6 104
119 52 75
0 32 179
6 14 130
188 58 16
0 55 199
189 18 94
0 58 9
4 27 123
1 4 78
0 46 46
0 42 104
1 27 143
8 31 28
1 2 130
2 43 141
0 37 117
37 19 128
4 49 167
1 22 37
0 33 78
88 56 126
0 43 183
279 53 90
0 30 68
0 20 174
0 44 68
0 26 47
20 2 146
153 11 31
1 3 131
0 22 30
4 40 88
1 40 155
0 53 130
0 32 52
2 10 129
2 21 136
182 35 60
1 50 17
0 47 62
0 59 142
0 38 98
1 32 94
48 45 93
0 49 73
0 6 187
36 28 28
8 14 195
3 27 163
1 28 11
94 3 42
9 12 76
65 27 193
1 5 161
0 29 142
1 54 60
3 21 155
0 26 83
0 17 104
1 14 52
24 5 127
1 11 175
9 59 33
0 14 28
642 4 129
1 12 129
0 52 56
0 50 18
0 32 79
6 26 200
0 53 171
0 45 168
0 28 100
0 45 195
0 58 188
1 6 42
7 1 30
1 31 24
1 30 155
2 38 110
87 31 197
2 42 62
0 52 164
0 22 38
1 24 69
0 55 66
14 27 2
4 12 87
1 1 3
77 20 193
1 20 183
9 5 26
101 55 62
0 32 117
45 11 168
0 37 98
1 24 4
2 0 51
0 46 174
0 26 10
57 4 94
0 25 32
8 13 118
0 55 77
1 36 98
0 7 25
0 15 16
0 11 160
2 58 31
1 51 62
0 43 62
13 40 30
3 32 9
74 57 169
0 21 40
2 58 88
4 6 159
2 25 26
1 40 76
117 31 59
0 3 129
45 17 191
1 23 127
19 37 151
0 8 148
0 20 99
19 2 10
46 1 142
2 8 127
0 48 140
0 23 199
53 9 10
2 15 134
0 43 77
0 45 180
524 54 103
8 21 189
1 22 166
0 43 48
187 20 63
0 16 69
10 12 56
0 46 119
148 32 102
2 3 38
2 52 77
2 49 191
0 17 172
0 24 154
4 25 138
0 56 56
2 17 135
1 2 142
0 27 10
0 35 142
54 44 185
9 13 165
2 54 158
0 39 46
0 30 70
11 19 116
29 18 11
11 40 51
0 10 117
3 15 134
36 8 20
43 35 56
4 21 112
5 0 94
4 21 62
0 46 133
2 37 75
1 58 146
58 30 131
49 33 198
0 7 61
14 33 107
5 58 43
1 9 107
0 15 33
0 11 141
0 13 16
0 30 136
1 38 4
4 8 123
471 31 20
0 53 142
3 29 58
3 22 57
6 36 86
4 44 20
0 18 200
0 25 78
0 10 199
0 25 158
1 56 60
0 20 78
2 9 44
6 19 18
51 37 111
55 7 160
0 27 54
0 36 193
1 5 17
3 18 146
2 11 122
3 58 137
0 0 36
17 30 77
2 3 43
0 35 181
1 28 65
0 29 162
83 25 193
0 18 49
46 36 3
3 34 163
1 12 146
0 32 101
8 37 99
0 50 35
52 35 119
5 33 186
1 38 184
0 10 79
1 46 82
66 16 189
0 33 186
0 1 9
0 44 26
1 3 153
9 41 49
2 51 5
2 59 197
0 25 139
0 30 152
1 42 123
4 46 200
270 53 2
4 22 6
0 36 21
0 49 200
331 5 126
0 19 166
1 11 197
7 41 164
221 1 165
2 30 88
0 54 169
1 24 20
9 54 145
0 55 92
3 50 134
3 5 169
1 32 43
281 39 190
22 26 119
0 8 5
3 45 54
1 34 87
1 33 60
1 48 71
1 14 155
0 54 77
150 27 12
1 40 125
0 47 27
9 49 199
0 15 61
0 11 58
2 32 9
0 56 188
304 25 74
88 15 185
26 11 134
1 3 7
0 50 91
99 8 34
14 12 94
9 50 70
10 54 162
0 9 176
0 33 18
0 5 169
0 59 172
1 55 107
0 44 196
0 34 192
1 59 145
185 53 152
0 59 38
7 8 111
0 58 90
1 27 63
2 59 142
1 7 23
0 14 179
0 16 24
3 43 56
4 53 54
0 39 1
0 10 184
87 53 66
2 24 122
2 22 29
1 2 23
1 33 143
0 21 32
0 3 111
0 46 139
0 31 54
0 20 141
7 23 124
3 29 163
3 15 54
566 14 91
1 35 66
0 49 192
0 19 47
0 40 184
0 29 68
0 56 151
0 40 47
1 14 154
3 16 181
9 3 15
6 31 27
0 39 9
41 47 193
8 53 38
1 9 93
6 52 1
42 1 50
20 25 55
0 50 107
0 40 200
0 2 192
2 48 144
2 40 64
63 25 86
6 52 198
8 13 43
1 13 28
0 0 59
2 53 55
0 44 48
2 31 100
0 5 64
272 3 37
20 9 83
3 55 153
3 30 171
111 45 14
1 26 32
0 2 133
44 21 73
0 59 173
15 50 35
0 20 110
176 46 137
1 18 180
0 38 181
6 25 27
222 48 94
3 53 134
0 26 70
0 8 45
12 39 61
14 10 51
0 40 179
1 59 56
46 22 167
0 23 71
0 21 175
1 11 195
17 56 196
2 14 80
0 39 47
1 10 75
26 12 76
649 56 127
10 5 75
39 14 88
0 49 16
2 54 28
0 53 75
16 41 178
0 34 5
0 26 94
68 11 156
0 32 164
0 18 129
1 35 133
0 47 125
7 17 85
4 59 179
14 19 52
4 26 163
4 25 86
2 43 7
0 5 158
17 23 100
4 22 87
5 43 132
0 25 36
1 30 14
0 16 61
0 30 3
36 48 125
48 19 56
26 38 154
1 4 21
0 28 61
59 26 74
0 55 91
7 45 173
0 41 112
192 6 98
0 45 103
1 57 84
0 1 49
0 3 164
0 34 179
0 47 57
0 21 50
12 5 179
3 35 150
0 39 110
0 34 164
0 6 94
0 26 10
1 55 84
3 19 148
0 43 58
32 21 137
7 53 169
0 51 164
2 47 150
25 44 114
1 57 130
94 42 190
1 38 30
2 47 49
2 13 26
2 4 13
106 47 127
4 33 168
1 14 168
14 41 179
1 24 110
14 20 61
0 46 13
7 51 151
7 26 81
37 22 78
225 54 86
1 56 75
0 43 47
4 19 60
3 56 62
5 53 22
116 32 33
6 1 125
0 8 79
16 2 59
55 46 111
21 14 143
628 10 27
0 24 26
32 23 107
409 10 108
4 17 114
0 58 111
5 11 49
2 11 126
8 57 72
2 19 165
1 37 185
6 5 29
0 31 13
11 22 11
0 44 154
4 54 123
0 2 100
0 47 33
79 4 72
1 49 87
32 42 165
4 14 22
12 37 154
0 7 105
3 19 114
0 56 112
7 44 187
31 40 138
46 20 137
231 21 66
4 39 90
96 50 48
0 4 193
0 24 69
0 2 155
4 17 79
0 24 199
0 40 78
1 25 42
0 57 137
7 10 127
0 33 128
0 11 107
8 26 98
0 55 38
10 32 64
0 57 53
421 37 158
0 2 179
4 19 13
6 21 68
22 46 154
3 28 110
0 23 161
1 6 13
11 37 32
17 10 147
9 0 31
0 40 141
4 35 97
4 29 141
0 28 177
4 21 175
0 35 129
16 10 7
2 13 90
112 49 8
2 6 142
6 45 15
0 12 138
0 13 52
0 32 21
0 26 165
1 15 156
258 58 55
0 40 189
57 54 92
0 18 111
8 29 68
2 19 107
4 1 89
0 45 133
0 1 78
2 5 179
8 33 32
88 24 165
7 49 107
0 20 92
0 42 119
0 54 151
0 6 179
0 49 106
0 8 125
0 9 190
7 51 36
0 54 76
0 17 45
9 48 40
0 25 11
168 40 131
0 7 152
9 24 50
283 17 59
16 50 133
5 43 134
6 48 33
0 59 136
1 30 41
11 8 103
3 7 73
0 54 14
1 32 55
79 32 30
225 57 132
5 35 104
0 21 97
202 58 181
13 19 152
2 14 115
1 28 166
0 21 182
1 21 133
14 36 149
0 42 3
2 30 125
40 20 34
2 19 6
2 30 121
14 37 77
10 52 58
0 24 172
5 2 63
34 44 77
1 35 105
3 15 32
1 35 16
0 21 116
2 37 56
0 54 83
2 20 4
34 14 89
0 48 140
8 1 165
0 28 182
112 50 35
1 11 97
1 12 41
0 0 54
0 52 188
0 59 114
25 41 183
1 59 181
0 28 199
0 10 50
0 57 165
2 38 188
0 56 166
29 30 137
0 11 163
15 3 114
0 10 181
1 5 82
0 49 160
0 43 161
0 49 167
0 41 121
25 31 63
0 47 150
4 11 156
1 48 119
0 57 172
2 27 113
3 43 31
3 26 167
15 14 199
64 37 55
101 34 17
2 52 54
0 24 50
1 42 115
0 40 192
23 21 15
3 6 82
4 27 104
8 22 96
200 49 128
0 32 139
0 9 172
0 54 11
0 1 69
3 39 65
0 58 138
0 50 109
0 15 152
2 57 153
562 39 79
0 18 116
0 24 11
10 9 30
179 0 122
5 48 89
2 6 134
0 3 173
0 30 87
0 34 43
0 2 158
11 1 43
0 37 55
0 36 62
0 35 129
8 32 92
0 10 49
8 27 2
269 23 151
0 43 102
11 26 7
0 18 192
89 28 174
13 6 118
0 19 56
2 11 179
8 47 49
9 13 180
58 3 185
0 43 77
188 0 66
0 34 131
1 12 121
10 18 125
0 40 94
6 37 70
1 13 125
0 40 67
0 28 123
205 8 120
7 32 1
0 30 24
0 8 117
2 32 190
173 46 137
0 4 133
0 47 187
1 47 135
0 14 176
288 42 192
16 46 97
39 47 198
0 54 110
283 55 150
0 6 149
0 3 24
8 1 107
1 15 156
13 39 179
3 51 182
3 52 53
3 54 32
57 50 88
3 44 120
0 54 85
0 24 115
1 52 142
1 13 195
0 7 194
1 23 13
63 9 15
51 5 107
64 38 3
0 1 180
2 47 165
25 26 62
0 37 163
4 11 80
0 19 178
373 0 150
4 30 82
1 27 169
0 42 120
2 24 68
9 18 46
0 37 147
1 45 167
6 24 181
2 39 61
4 33 86
8 52 159
2 50 122
0 36 57
37 49 112
48 20 85
3 1 80
0 46 69
17 13 200
0 36 147
9 11 112
0 33 26
6 14 30
0 4 92
3 9 154
5 7 69
2 56 47
11 59 2
0 40 200
0 19 117
0 8 165
12 24 142
75 11 103
16 53 172
0 46 182
0 10 69
1 35 136
0 19 18
0 36 153
0 43 106
16 4 199
0 9 53
0 54 44
77 10 124
4 18 81
499 37 81
0 27 147
7 0 146
0 41 33
0 33 16
0 13 196
2 48 155
1 34 68
5 55 93
59 23 175
29 24 139
148 53 21
0 35 57
0 26 98
0 8 40
86 10 26
0 48 132
0 16 42
6 12 38
3 13 130
4 0 39
1 26 147
1 31 10
1 25 44
27 19 101
2 8 192
0 27 63
401 14 164
9 26 34
21 9 93
3 39 52
1 8 47
1 51 14
6 0 199
158 43 162
0 25 26
62 31 38
2 15 128
8 8 12
0 29 118
409 23 187
52 32 200
0 14 121
24 47 197
143 20 15
38 48 25
3 53 98
111 5 115
19 38 106
7 24 98
17 25 187
113 1 192
2 24 127
0 42 4
0 48 134
1 45 161
0 40 102
71 6 79
0 48 47
3 58 30
26 4 135
0 24 15
8 3 191
1 55 137
551 55 59
9 34 32
0 51 191
57 25 2
72 0 3
8 42 19
2 5 155
8 36 65
3 18 50
1 54 105
0 59 48
308 16 106
0 28 63
2 1 34
35 6 124
8 26 21
0 54 177
0 56 96
5 1 173
0 2 173
29 5 67
0 24 98
1 10 154
217 6 138
0 59 82
571 22 180
0 8 27
59 8 8
0 27 91
21 59 154
4 44 162
0 20 79
0 32 61
0 17 188
0 6 83
8 53 79
7 39 136
619 57 184
6 42 50
3 17 124
3 55 171
0 51 172
3 54 117
0 31 15
0 29 139
0 49 131
0 30 47
69 20 2
1 17 11
467 19 106
3 46 167
0 28 180
0 3 117
2 52 102
82 0 110
0 34 52
0 25 38
1 19 186
10 25 9
98 46 50
1 6 89
359 20 163
144 24 3
0 8 45
0 23 161
1 52 97
0 43 49
0 38 161
0 58 57
0 33 84
387 31 7
34 32 49
18 30 40
12 48 47
0 7 109
3 31 113
0 11 132
8 33 139
0 31 9
2 41 115
17 36 115
1 8 192
0 42 195
0 33 103
19 21 146
1 45 103
5 43 73
1 19 58
0 59 30
162 4 47
1 40 140
2 55 78
9 17 126
3 12 105
0 39 155
3 2 192
15 17 14
3 2 40
2 30 185
8 40 157
17 11 176
3 18 5
0 5 139
8 36 117
2 32 23
0 53 160
5 13 119
0 50 195
0 50 53
0 51 190
0 4 99
162 53 166
14 38 43
1 58 149
0 35 116
0 22 144
0 27 194
0 52 181
0 52 29
2 41 138
0 17 149
66 28 16
31 36 75
3 21 121
1 12 55
9 11 94
17 24 60
0 50 100
2 41 36
0 9 200
10 59 144
6 28 48
4 40 44
3 4 69
58 29 179
1 30 73
2 45 86
45 3 13
0 18 122
3 9 114
30 55 17
243 46 77
3 47 26
8 7 125
6 34 28
9 11 78
144 45 16
74 23 11
7 26 173
12 35 4
6 36 190
18 10 195
0 46 190
0 42 134
299 9 156
9 40 193
34 9 30
5 7 46
3 53 58
65 11 107
0 23 111
0 28 20
0 9 194
23 18 55
48 40 164
3 7 82
0 53 116
0 8 14
10 47 67
27 25 155
2 46 78
1 14 58
2 27 14
22 12 142
162 36 71
3 37 44
35 2 49
10 27 171
0 3 66
0 22 86
47 32 54
69 13 45
0 35 70
7 33 197
2 21 50
5 50 52
2 52 18
9 20 198
730 48 131
5 37 85
1 15 58
0 25 130
185 7 149
1 44 42
13 29 173
3 31 70
0 37 6
38 8 133
0 48 152
132 28 74
3 19 3
10 49 31
0 24 199
54 39 197
0 26 43
133 49 2
217 17 69
0 24 139
732 3 190
3 49 199
28 10 93
60 28 62
1 28 170
288 31 180
0 46 132
27 15 43
3 33 89
0 25 57
2 19 183
31 50 118
0 15 81
1 19 107
0 44 1
0 43 111
40 31 159
0 13 184
69 52 150
2 11 14
3 17 179
0 37 87
3 59 34
2 30 66
245 45 7
1 28 136
0 8 9
12 10 7
2 40 41
2 6 82
2 58 90
5 54 111
10 33 188
0 19 140
4 23 116
13 52 87
1 46 5
1 34 84
20 14 102
97 24 119
5 16 197
5 58 22
1 58 79
0 20 170
120 47 82
14 11 80
277 30 196
1 48 112
5 58 150
0 55 104
0 42 83
25 45 94
0 31 22
0 27 157
7 49 117
6 43 141
16 31 11
4 37 35
0 8 22
283 9 170
0 39 71
20 6 108
32 22 37
0 39 48
0 42 120
22 59 66
0 26 190
1 30 59
2 24 192
0 28 64
3 21 53
0 36 158
1 31 178
1 55 133
1 2 19
3 47 161
0 31 194
5 11 189
1 19 15
500 48 112
1 38 72
0 36 35
20 45 173
0 29 179
20 36 38
0 29 47
0 18 177
57 6 61
22 25 30
1 19 125
0 59 58
0 55 141
13 6 141
0 40 70
0 20 125
27 59 5
0 2 98
1 55 108
95 45 83
14 13 58
2 41 19
0 29 190
61 58 58
112 20 185
11 37 177
0 36 92
29 20 135
2 10 125
0 0 33
0 16 43
0 15 35
1 22 190
0 46 89
1 1 103
8 9 21
42 27 180
269 34 66
1 40 72
1 20 60
4 53 89
0 19 176
16 27 184
23 32 180
44 6 113
0 16 93
2 10 168
2 59 100
0 18 125
123 53 148
9 49 114
0 26 122
0 18 198
0 6 105
0 56 104
9 17 27
1 50 124
0 38 72
2 28 27
1 11 65
1 52 101
1 58 90
0 52 70
0 58 182
0 0 113
17 3 125
0 10 31
75 51 102
14 49 148
0 45 136
195 50 9
314 3 17
0 37 63
0 50 173
179 24 98
7 6 87
4 7 154
2 23 93
7 12 7
85 44 133
0 8 70
1 31 144
2 44 98
0 29 189
0 32 3
1 27 56
4 15 3
5 3 90
9 40 154
0 45 153
0 38 2
0 22 5
15 54 173
0 47 60
49 19 119
33 6 178
42 36 163
5 41 3
0 59 45
0 49 157
12 38 124
27 37 188
0 37 2
0 18 31
4 6 74
0 33 2
3 27 58
56 14 178
632 49 170
0 11 63
62 48 147
1 44 155
7 36 52
15 19 63
184 45 147
0 46 71
0 34 176
0 36 37
1 37 99
61 2 14
7 20 48
0 13 87
2 50 85
0 14 51
51 40 88
6 31 60
210 47 10
0 21 39
15 10 174
0 24 95
0 46 106
2 6 44
144 31 64
0 39 124
0 28 69
1 13 172
0 9 105
2 34 74
2 9 124
0 13 171
11 0 36
88 15 183
98 15 134
5 36 112
38 41 79
0 41 20
3 4 178
1 54 124
33 52 60
18 27 69
0 10 120
7 49 62
0 0 46
2 50 148
11 40 77
2 43 163
0 8 149
76 57 146
6 19 199
2 17 101
1 11 17
4 1 151
159 12 190
14 14 128
1 55 170
0 5 26
20 41 59
4 25 127
0 11 90
1 59 168
0 56 117
1 26 98
2 21 144
1 27 185
2 51 38
0 58 7
48 4 7
1 23 169
5 1 56
372 6 100
7 41 173
40 47 190
1 15 182
0 9 50
23 53 8
23 58 19
10 18 46
98 32 88
0 56 169
0 52 133
14 40 132
2 7 32
0 26 10
0 50 172
30 14 191
5 22 58
3 31 115
437 19 70
1 33 76
9 35 195
5 46 183
3 10 56
8 5 107
0 25 33
20 17 52
5 57 10
6 34 85
0 4 3
0 21 87
4 1 102
0 59 19
153 21 58
0 49 127
1 13 103
0 14 146
3 3 55
1 24 162
12 42 158
547 36 15
89 8 95
5 48 170
27 20 52
44 6 153
0 54 33
2 21 62
7 59 123
35 43 52
16 26 4
0 33 198
4 10 196
11 8 89
2 51 194
105 40 162
1 6 3
1 6 122
3 17 130
14 33 142
0 43 130
322 35 6
0 21 117
3 25 56
2 57 162
1 29 18
1 28 153
1 41 115
1 14 87
6 43 111
10 32 138
4 10 95
0 40 51
0 37 18
113 58 80
7 36 113
3 56 25
1 25 66
1 53 34
296 10 44
82 53 9
0 59 9
27 59 100
0 58 115
1 34 136
2 41 129
0 11 25
1 58 10
40 4 113
0 7 135
1 6 46
0 31 106
2 5 153
2 34 99
168 52 190
0 11 83
0 31 81
0 45 95
2 48 3
0 12 92
0 17 10
0 37 26
1 12 153
0 20 197
6 23 145
0 7 48
0 32 63
0 58 49
0 20 66
17 29 176
87 23 93
2 12 32
22 13 168
0 39 86
50 52 65
4 11 181
357 13 122
4 21 26
2 37 13
4 27 63
0 36 135
54 2 47
0 41 200
8 31 177
5 9 24
0 55 139
0 5 138
198 13 9
0 20 40
1 47 136
3 26 145
57 15 160
0 8 30
1 1 45
0 39 188
0 29 122
60 13 112
0 30 12
1 22 185
2 8 159
0 3 194
0 8 106
22 3 161
20 40 121
414 40 160
0 5 181
0 44 11
0 17 109
9 31 101
1 13 134
0 43 173
0 34 77
2 1 45
1 47 194
442 14 41
0 45 47
0 45 174
0 44 57
15 7 199
0 15 52
0 29 128
0 29 9
1 39 29
8 14 159
2 57 113
0 45 91
238 1 128
27 41 95
0 0 103
42 35 76
1 19 102
0 31 181
3 44 99
1 33 158
1 43 76
1 54 109
0 52 152
2 8 99
74 33 133
79 59 75
2 3 70
0 17 36
0 29 133
1 41 17
5 37 40
0 0 53
0 51 133
0 50 88
598 32 42
240 0 32
18 25 24
1 51 167
0 23 189
1 24 66
11 55 28
1 10 153
4 16 2
0 32 167
23 4 78
0 35 61
0 41 170
45 21 93
0 9 102
96 53 126
2 7 200
0 36 23
0 55 77
224 21 102
14 57 139
9 46 94
15 15 119
24 34 11
171 47 170
1 45 54
1 44 184
1 42 104
0 32 109
0 0 141
0 37 123
95 18 112
161 31 151
8 51 37
0 24 114
19 24 183
3 42 156
20 58 13
13 33 171
3 37 52
4 18 80
6 25 99
16 15 145
0 37 58
5 19 92
0 14 111
5 49 50
2 29 88
0 3 11
2 30 149
4 39 90
0 2 69
1 49 166
119 5 176
0 40 67
1 22 170
0 44 59
0 27 25
0 44 132
2 31 14
15 1 65
3 31 94
521 21 2
4 32 171
14 6 143
0 39 95
164 51 177
25 32 12
0 54 90
750 28 32
5 31 175
78 42 192
5 44 118
0 38 139
558 48 61
0 42 45
14 5 155
2 28 170
6 9 68
80 21 8
51 50 195
2 37 158
603 31 65
0 5 103
1 54 73
1 34 31
0 36 34
0 26 29
0 31 98
1 12 97
0 0 17
0 34 110
1 13 140
0 46 26
43 48 57
2 34 155
7 58 112
0 45 189
0 7 41
133 58 145
10 48 129
0 26 198
3 34 78
35 56 147
1 42 101
0 34 181
2 40 103
1 31 60
1 12 156
0 33 142
4 25 137
0 47 124
7 42 177
0 2 126
1 2 105
17 43 40
201 23 24
15 45 127
8 26 155
0 1 108
0 6 10
0 43 85
1 13 124
2 51 17
0 46 26
17 52 104
3 11 76
22 50 18
4 41 193
149 28 154
1 57 85
0 26 178
2 17 185
2 23 86
1 44 184
1 14 67
21 27 116
0 35 164
0 43 87
0 37 130
0 14 192
89 43 170
3 56 37
0 35 53
5 26 112
0 11 137
0 26 8
2 38 106
68 20 115
0 11 155
240 11 171
0 13 52
3 2 40
6 41 133
0 3 158
2 8 157
4 40 152
0 6 173
25 23 142
4 18 30
0 27 102
2 53 109
0 31 115
16 0 189
0 21 76
27 10 199
0 37 145
0 26 72
483 9 145
16 36 68
0 0 108
1 49 27
285 34 38
0 25 102
0 24 17
0 14 170
0 24 35
0 54 189
36 34 7
5 57 122
0 25 192
12 9 6
1 41 34
1 11 5
9 41 161
0 40 120
40 17 91
44 27 54
5 41 72
2 11 27
5 33 81
163 22 36
0 51 35
0 18 68
63 14 38
0 12 110
1 0 47
18 9 103
0 25 71
10 16 186
0 50 28
11 4 97
0 14 54
21 50 64
0 35 121
2 21 140
8 20 167
287 38 47
9 15 129
0 57 37
2 12 35
0 10 17
6 3 80
1 6 65
0 15 174
0 21 61
1 49 112
1 25 9
3 35 111
0 56 153
141 41 65
6 14 136
6 25 78
180 56 193
70 45 97
708 22 192
0 57 131
1 6 40
0 26 149
0 30 108
0 20 70
1 40 128
20 44 32
0 10 124
11 59 200
9 40 133
1 5 124
0 9 164
33 8 21
0 35 83
0 6 82
0 42 97
0 54 183
0 11 111
30 54 46
18 24 154
7 34 164
21 9 166
119 14 175
1 1 33
0 12 23
2 50 199
1 51 88
36 45 195
0 6 13
5 43 93
0 0 23
0 1 146
107 10 42
93 20 3
7 0 74
1 53 19
10 58 120
17 27 22
21 14 99
0 55 61
440 15 5
0 28 31
0 8 87
0 39 50
2 40 141
1 42 7
3 51 102
10 26 195
0 4 12
0 17 19
0 41 43
0 31 15
0 19 105
0 33 67
0 21 108
1 21 7
21 45 102
1 53 93
0 37 17
0 16 75
3 30 71
6 33 64
13 48 162
0 19 112
7 24 176
1 40 141
4 23 150
2 3 20
2 3 79
5 6 3
237 58 115
34 20 22
0 11 20
2 28 85
1 39 184
4 17 177
1 28 51
1 25 145
3 23 118
1 28 156
11 29 153
1 34 92
1 49 39
3 3 117
0 1 69
5 2 7
411 3 65
3 40 159
1 5 35
0 40 194
11 53 133
2 57 45
6 25 24
3 25 142
29 35 111
4 3 174
0 2 57
2 26 200
0 2 79
0 1 108
30 57 169
4 7 51
0 19 140
0 22 17
0 48 70
0 4 148
0 48 170
0 42 83
0 55 188
0 47 3
1 41 154
0 37 4
0 37 95
38 24 93
0 54 14
2 59 127
0 44 142
0 24 94
13 6 33
3 59 119
0 27 75
25 12 127
6 33 12
0 9 152
7 54 175
4 55 176
0 10 91
0 34 166
2 44 99
2 9 28
20 17 64
0 12 138
11 42 108
0 15 98
238 56 131
10 39 59
7 25 147
0 2 185
101 20 183
3 53 146
29 16 10
2 48 32
0 42 105
0 59 59
0 4 125
1 9 115
0 35 54
38 30 105
17 16 121
0 15 199
5 5 39
2 13 39
0 41 19
25 13 83
0 25 96
0 32 82
45 21 108
0 31 165
306 24 190
0 27 143
0 49 170
11 13 121
1 40 94
3 58 135
0 21 31
1 37 199
417 12 128
2 57 76
4 31 166
0 15 52
12 22 97
71 12 107
0 19 17
561 22 155
2 14 28
1 3 100
0 28 84
3 41 167
0 10 79
28 34 65
0 54 36
485 43 117
0 30 192
17 39 167
4 13 71
0 9 149
0 47 59
0 59 36
25 44 15
0 1 130
0 6 92
43 52 200
1 9 131
0 47 67
2 42 137
0 9 28
19 7 151
4 25 129
75 42 80
0 52 196
0 46 153
1 56 23
0 54 187
16 24 28
8 59 99
3 30 35
0 17 85
0 31 95
53 17 73
277 37 131
111 42 55
3 34 162
0 59 20
1 14 7
60 1 195
11 7 71
1 20 130
3 58 98
0 33 128
1 1 117
0 45 136
116 30 192
4 50 98
3 12 1
0 8 58
0 0 137
13 22 32
0 10 162
3 11 151
55 46 5
0 22 188
1 1 69
245 24 64
53 23 58
0 0 114
2 20 23
0 44 3
30 2 151
0 27 171
0 11 117
0 0 17
9 59 109
26 12 166
2 45 128
9 5 112
4 13 56
7 10 134
4 33 77
12 5 36
26 21 11
0 48 46
0 21 117
2 11 125
311 41 35
1 1 25
0 28 81
14 5 90
2 34 115
0 8 134
0 5 111
33 32 18
19 41 197
0 24 131
4 25 34
4 52 21
0 32 22
29 43 143
6 16 35
0 13 70
0 6 100
59 54 137
25 52 48
0 45 93
3 34 66
45 44 166
743 34 176
4 12 83
0 40 21
0 16 31
587 24 149
94 27 85
1 10 139
1 39 167
0 43 77
0 50 181
0 55 54
0 26 34
3 4 66
216 47 133
0 32 163
2 44 99
37 27 138
102 6 124
0 0 147
1 57 196
101 49 125
28 11 123
32 28 74
1 39 138
0 38 94
527 8 8
11 14 117
228 6 157
0 6 172
0 53 127
0 52 186
1 38 63
0 52 117
3 42 96
2 29 89
94 9 169
2 8 182
4 40 15
0 52 78
1 12 10
3 6 1
0 39 59
1 8 120
0 16 84
42 49 123
0 18 151
0 55 113
15 12 133
29 6 145
0 42 50
2 21 179
0 40 114
9 30 123
16 36 36
1 55 128
9 15 152
0 7 182
1 51 49
39 1 103
0 14 53
207 55 185
10 46 144
3 59 37
0 57 163
0 35 185
49 52 23
0 4 60
2 23 141
51 44 115
0 37 112
3 55 11
1 36 198
0 5 36
0 56 179
29 40 69
0 45 78
8 34 16
6 58 55
23 49 131
4 45 188
3 28 159
2 29 195
14 39 77
13 15 117
11 51 57
4 28 165
2 53 82
1 20 27
0 55 108
8 57 93
1 27 85
7 55 197
3 41 113
0 18 22
1 29 161
26 27 155
21 29 58
169 36 11
10 0 200
0 52 41
0 55 77
609 50 101
4 38 189
0 41 158
2 0 135
0 36 166
0 14 27
1 1 43
47 2 76
0 54 139
4 11 139
0 39 91
4 9 122
0 57 172
2 5 114
0 33 24
17 59 187
31 11 129
320 26 59
9 9 154
401 32 31
2 47 126
273 58 142
0 6 117
0 18 85
1 36 118
2 38 4
3 24 200
20 45 92
0 40 120
0 8 2
0 51 18
2 54 6
247 43 145
11 36 109
0 4 57
1 3 113
0 46 93
1 13 166
1 24 183
230 52 193
1 55 63
25 2 157
2 37 17
3 41 93
144 11 194
0 15 60
0 22 117
122 30 186
379 48 150
40 41 181
1 56 64
1 33 127
19 15 33
4 53 12
0 9 82
49 0 157
0 43 50
1 50 179
0 44 71
1 3 67
5 11 22
2 4 68
1 25 177
5 4 171
1 33 64
0 37 44
0 52 73
1 55 141
48 10 48
0 4 163
71 38 12
0 39 62
0 29 48
37 50 80
0 36 84
6 55 127
5 19 68
0 43 149
5 19 160
5 2 184
10 38 45
54 33 108
5 41 150
9 4 163
6 18 139
0 31 194
0 36 172
5 14 105
8 56 33
1 21 177
7 22 99
2 21 49
7 55 166
0 40 56
16 21 24
0 30 98
70 55 146
0 55 65
4 2 95
108 46 70
3 3 180
257 50 87
17 49 98
10 51 24
2 42 164
12 48 22
1 18 143
17 56 1
0 38 90
421 51 82
3 23 184
0 34 153
0 22 90
2 24 130
23 51 129
0 9 129
3 28 134
15 40 141
0 34 70
50 46 165
0 21 76
0 5 155
6 23 22
0 32 180
0 3 38
5 28 144
0 47 126
5 18 187
1 3 186
6 51 128
0 49 173
27 52 171
4 49 181
1 2 171
0 52 120
390 31 147
1 38 118
0 57 150
0 48 131
0 4 161
6 13 65
2 16 83
44 59 19
0 15 49
697 1 38
3 50 83
26 17 1
0 6 146
5 51 31
27 29 152
2 20 155
13 45 165
1 59 145
1 55 77
2 46 154
1 10 149
6 0 169
195 25 134
0 22 14
0 17 10
0 27 127
0 35 29
2 29 158
13 58 171
0 36 85
17 18 43
9 16 150
251 45 16
3 23 141
2 27 131
0 13 164
0 18 18
22 21 47
15 36 78
0 5 147
2 22 167
1 53 111
1 35 176
0 32 144
16 46 64
7 48 79
0 7 41
0 50 55
217 42 160
3 14 108
1 23 1
35 31 15
4 12 36
0 46 183
0 35 173
0 20 71
0 20 137
0 55 66
28 44 183
1 52 42
0 12 154
9 39 37
4 1 155
10 22 92
4 44 90
411 35 70
6 12 142
0 31 79
4 2 68
65 11 117
2 31 142
2 13 27
4 59 5
0 35 135
0 4 71
0 40 144
0 38 46
45 54 18
19 16 145
0 50 88
1 15 19
3 23 200
1 5 57
4 56 160
0 1 10
0 3 93
1 18 172
7 16 194
1 53 110
12 49 37
5 46 108
19 24 130
0 50 66
3 57 172
32 17 90
0 7 113
0 24 170
0 37 118
0 31 79
1 31 163
30 15 135
3 38 96
0 45 200
0 33 14
1 29 115
12 6 43
1 55 108
0 15 122
0 41 83
1 28 24
21 32 52
0 56 147
10 9 2
0 12 141
0 38 189
134 29 167
69 14 147
3 27 33
0 38 31
121 15 106
4 53 108
13 44 178
1 55 140
450 22 140
4 34 122
0 25 3
12 5 5
0 7 71
7 0 10
5 29 28
3 35 18
6 50 137
0 25 87
1 46 193
55 6 67
3 38 114
28 57 14
0 52 155
2 39 96
1 39 35
0 21 112
4 51 61
0 2 65
3 32 199
0 52 195
0 1 161
2 36 2
87 6 187
0 54 7
0 34 12
3 48 73
2 56 78
4 57 36
14 35 84
252 51 6
0 31 145
0 33 180
6 2 141
0 30 152
0 50 60
9 4 1
688 50 81
378 30 22
0 57 17
14 12 164
96 39 7
0 35 187
1 55 62
8 2 173
12 42 185
0 55 13
1 16 176
1 4 89
9 11 53
3 46 16
0 24 167
1 39 195
0 7 128
73 23 52
2 5 81
5 29 103
1 0 149
7 18 93
1 49 143
2 44 11
2 24 36
52 48 53
7 23 124
0 27 68
65 57 124
0 24 154
0 32 146
6 20 86
7 21 83
0 0 197
31 24 121
292 15 102
0 2 139
12 28 110
0 31 54
0 26 66
24 41 142
0 47 106
0 48 28
1 53 179
4 34 180
584 58 2
1 43 54
8 23 100
0 34 137
0 6 54
57 39 86
0 11 32
0 55 77
1 12 115
2 9 41
8 44 81
12 16 158
2 7 74
0 38 148
0 41 30
208 7 20
1 56 26
1 37 37
206 29 162
2 14 65
4 25 9
0 21 87
3 41 156
58 34 12
1 13 149
16 52 42
8 11 150
2 32 113
25 50 156
54 49 91
37 43 162
12 14 61
1 8 33
0 13 75
1 14 186
18 3 183
0 54 148
120 5 44
0 35 16
65 47 35
0 59 116
0 45 14
1 18 43
1 33 146
0 53 74
0 18 151
16 48 55
1 34 68
3 49 147
16 33 129
1 34 21
5 30 140
6 29 79
0 25 36
1 48 119
0 28 147
1 51 73
0 11 170
0 2 31
0 55 110
4 57 164
1 19 109
0 46 11
0 28 93
17 34 181
25 51 67
2 49 165
0 48 141
551 27 168
2 13 62
0 18 196
1 48 190
17 29 59
0 16 104
473 48 10
0 56 124
0 13 37
0 31 200
0 23 133
0 59 89
1 45 145
75 30 174
15 33 78
427 2 48
3 38 172
0 31 178
3 42 32
3 41 113
0 19 99
2 50 166
0 36 20
1 12 65
2 47 111
0 58 67
0 38 125
0 23 32
1 14 175
1 18 1
0 8 39
0 44 14
2 44 111
218 51 76
0 23 78
0 55 21
9 17 110
0 24 200
0 28 141
0 47 116
11 8 135
0 45 15
0 46 40
26 57 24
3 41 171
1 19 4
4 13 71
2 37 44
12 33 134
0 40 106
0 48 101
4 37 13
372 43 76
0 10 200
1 42 39
0 57 43
0 48 91
1 50 82
65 9 77
2 54 10
25 12 49
0 57 113
0 16 194
644 52 177
27 49 39
0 46 184
0 7 151
0 37 50
109 7 153
9 26 172
7 3 171
0 56 196
493 17 60
27 23 134
1 57 179
1 0 135
104 2 139
11 13 113
729 40 179
2 20 64
4 56 100
22 50 131
2 37 200
9 6 27
262 19 52
0 15 50
16 0 146
0 48 117
2 17 71
3 11 79
1 55 147
0 12 26
1 46 82
39 53 99
0 35 11
7 57 84
0 59 66
0 0 81
36 2 86
0 37 155
494 57 156
0 8 178
17 59 144
9 8 156
0 27 123
18 29 101
0 20 142
68 54 106
4 4 156
0 19 78
18 4 144
73 32 103
0 9 8
5 45 190
2 27 118
7 46 103
71 31 64
137 5 121
3 18 49
39 49 77
0 21 41
14 26 174
0 59 167
4 51 4
0 42 156
6 6 49
0 46 37
33 34 147
2 10 193
10 42 93
1 58 33
46 57 4
3 44 129
0 35 66
3 24 69
1 12 36
4 43 186
13 21 67
14 54 13
9 13 125
2 6 43
6 4 56
2 44 79
178 53 31
3 25 43
0 12 36
0 12 174
1 19 168
0 52 67
5 19 38
0 1 92
1 37 185
0 34 152
5 37 159
31 48 92
0 26 63
0 53 57
1 12 169
23 46 69
64 27 1
0 3 80
1 22 9
0 3 26
0 32 188
87 28 161
38 16 166
110 35 155
0 51 33
1 14 171
4 31 152
4 22 36
1 22 123
0 12 49
1 28 10
0 51 133
0 55 24
2 51 16
1 39 175
0 40 75
0 32 138
1 43 38
2 2 174
37 45 23
0 9 55
75 24 131
0 58 131
0 46 10
3 41 143
4 10 32
21 6 135
99 53 75
7 27 151
23 36 62
2 10 59
8 43 195
0 44 43
23 33 147
0 33 11
4 37 113
8 28 129
217 38 179
0 4 197
35 35 9
0 17 99
1 0 67
5 55 8
114 52 85
92 47 128
0 45 126
0 57 164
2 47 134
0 5 190
226 29 148
130 14 101
0 16 38
0 30 179
13 6 70
3 16 158
631 7 139
196 59 146
584 5 27
14 57 17
2 19 60
17 55 102
2 48 70
0 51 135
1 25 52
2 58 102
0 58 36
0 41 74
0 39 73
0 59 187
0 55 146
0 6 51
1 8 63
2 8 122
1 23 126
2 12 2
0 12 61
2 11 75
0 20 12
217 35 16
2 26 104
26 37 193
1 4 154
0 49 102
10 21 102
13 0 187
16 43 171
7 38 78
11 46 173
0 34 100
0 26 107
7 43 198
7 56 86
0 59 164
0 11 94
1 49 27
16 7 187
145 10 115
0 28 107
0 8 116
0 5 123
0 18 104
0 13 31
9 2 142
12 54 51
7 28 15
0 12 22
4 52 140
2 30 77
13 1 26
0 5 53
1 50 186
11 54 134
5 39 182
0 50 94
30 21 169
7 35 49
1 17 198
6 50 16
0 24 134
1 4 37
1 7 82
1 46 141
1 40 55
0 58 187
35 42 18
1 26 9
2 10 85
0 29 161
2 0 138
0 58 23
8 35 89
0 14 49
1 19 33
0 0 133
1 23 57
21 32 179
159 17 97
0 13 75
1 38 78
415 59 42
2 1 111
0 22 47
2 47 148
0 19 17
1 33 98
57 18 27
0 20 169
129 3 6
1 15 59
74 42 41
1 15 71
0 3 75
2 30 27
0 19 121
85 16 21
0 25 77
0 6 84
0 16 37
0 40 149
22 38 109
2 53 187
12 1 9
0 51 199
12 54 133
11 59 144
0 22 132
0 58 145
8 5 7
0 39 17
0 2 98
2 30 112
0 18 85
0 6 87
0 28 53
1 46 105
309 44 157
27 46 165
0 32 94
1 6 61
73 38 187
1 39 196
56 18 105
3 46 9
0 47 102
708 49 5
100 9 22
0 56 39
12 49 198
10 48 198
177 41 125
0 27 25
10 35 39
3 56 26
20 52 159
0 15 6
2 30 126
5 17 137
0 25 184
0 13 6
0 2 25
1 3 159
2 50 181
4 46 77
0 51 13
59 31 111
40 13 139
4 48 183
6 51 110
1 13 106
24 50 142
302 43 128
427 31 78
0 52 151
0 6 145
3 25 146
5 23 152
13 16 80
0 59 101
1 35 110
4 38 144
5 21 43
0 59 93
93 15 125
0 41 149
6 24 60
0 33 20
1 54 108
9 55 132
0 31 194
0 25 184
0 22 34
3 31 188
0 9 181
0 15 145
14 44 16
168 8 171
4 17 199
0 35 117
1 43 123
17 53 99
9 42 20
1 29 107
22 35 184
0 41 95
3 56 31
1 50 10
64 50 105
0 21 122
7 23 188
0 51 178
254 26 2
0 6 165
44 37 25
3 10 28
6 40 174
18 22 183
381 4 112
0 16 133
2 51 108
0 38 168
2 10 174
362 23 20
26 43 164
5 21 38
3 20 133
0 46 113
5 5 40
2 32 18
31 40 42
2 57 46
1 18 127
1 8 45
9 40 4
3 49 154
11 34 13
3 32 13
0 11 112
35 15 194
1 31 162
0 2 173
11 54 199
2 29 22
25 40 41
0 14 20
2 6 130
0 51 143
10 49 199
4 25 79
1 57 188
0 48 45
0 48 20
1 4 110
2 9 163
1 21 23
0 38 69
378 12 60
21 29 157
0 8 103
9 19 26
3 3 110
0 54 19
0 29 57
0 14 54
8 28 63
5 37 61
7 57 75
8 31 131
5 3 15
23 2 30
41 4 170
0 37 55
32 47 57
0 15 185
2 46 30
0 0 16
3 57 4
5 58 32
0 34 105
595 13 168
64 7 72
159 1 9
0 44 93
19 18 141
1 57 61
10 12 164
0 26 139
0 12 79
17 45 49
60 14 135
0 8 126
0 21 44
7 17 195
53 54 9
4 42 53
0 41 115
0 59 82
2 27 14
0 6 27
136 11 143
0 35 82
43 25 173
0 47 164
0 5 30
0 19 61
0 32 22
2 59 17
9 54 186
0 1 138
0 34 88
0 39 122
0 46 98
0 41 176
0 5 137
358 39 113
94 26 107
46 5 31
8 52 75
54 47 98
0 57 164
13 30 149
1 17 49
41 52 66
0 46 178
0 47 76
2 32 86
1 31 61
0 25 131
15 50 130
1 34 20
3 33 76
2 20 78
0 21 161
4 29 150
61 40 144
0 6 10
5 44 92
0 38 81
132 4 200
0 15 149
0 1 30
0 15 54
0 46 158
9 11 18
17 23 150
3 22 123
262 18 84
2 38 7
41 26 30
0 15 97
1 21 97
0 15 135
0 5 134
3 2 127
0 16 67
80 33 81
6 58 187
6 29 182
271 19 135
1 20 126
15 55 56
2 8 46
0 24 2
9 30 59
0 58 166
132 27 10
2 31 83
4 26 185
0 0 198
517 38 36
1 0 169
235 52 47
1 57 58
0 0 188
19 2 3
12 20 139
2 33 148
1 52 31
3 21 139
28 41 164
401 2 83
4 37 139
294 13 137
21 44 126
24 26 101
8 14 144
12 49 43
0 44 24
419 23 116
2 49 183
1 31 133
21 16 114
1 16 162
1 1 76
0 56 194
3 37 177
191 6 147
79 38 41
0 25 2
0 39 134
20 24 52
8 9 112
162 10 173
2 11 140
165 10 96
1 8 86
51 55 46
0 20 98
0 14 10
0 25 93
0 5 25
0 28 4
8 1 199
11 29 68
14 56 174
1 56 29
152 17 52
24 37 46
5 35 146
226 56 188
0 5 65
0 49 94
3 41 38
8 47 164
0 58 35
16 27 119
6 1 174
0 29 176
0 7 11
0 56 159
0 8 162
62 37 8
49 41 63
3 4 83
4 38 165
0 22 60
48 28 59
3 41 154
214 4 13
0 34 163
8 25 130
52 0 32
5 21 95
0 36 28
19 30 135
15 29 6
0 20 161
1 50 92
0 55 187
4 35 154
0 55 115
31 50 55
1 18 165
38 5 76
40 48 195
24 42 74
0 44 2
2 50 172
8 40 17
11 36 171
0 37 144
0 10 38
23 17 192
7 58 114
7 1 65
39 39 130
1 33 10
1 22 176
166 54 17
84 8 164
3 15 140
0 52 169
1 49 22
8 26 73
0 15 59
11 7 108
33 31 184
0 51 94
0 47 185
17 42 38
3 29 52
16 57 86
35 39 49
0 3 162
9 54 132
10 35 5
5 16 154
1 3 73
2 21 158
48 26 27
11 52 114
15 1 75
0 26 200
0 16 107
6 15 172
13 20 138
12 36 14
1 2 134
0 47 149
31 17 100
0 39 169
0 53 105
1 48 95
2 25 16
0 4 179
0 20 75
5 23 177
2 54 117
1 54 195
0 53 42
0 36 106
2 21 19
8 44 111
0 49 189
0 14 40
12 32 197
38 23 106
0 36 176
29 4 185
8 43 149
1 23 69
0 48 161
1 50 16
0 22 7
4 30 106
3 58 118
0 22 106
0 59 112
0 17 9
0 15 144
1 28 24
536 52 55
647 11 158
0 1 179
0 16 174
378 37 166
11 48 97
0 46 130
659 35 6
7 52 72
0 51 61
11 37 147
709 35 194
2 50 145
0 36 131
48 14 95
2 42 56
0 52 108
411 2 94
0 43 128
56 7 144
1 59 43
0 21 42
0 57 57
0 46 168
104 37 86
2 49 21
1 31 7
0 13 29
3 22 85
1 30 70
6 27 39
38 48 162
0 15 1
4 55 4
0 28 68
128 44 96
1 15 150
0 28 59
2 15 73
2 51 135
34 4 113
1 13 91
1 55 172
5 47 194
0 30 13
2 20 92
21 19 146
22 38 106
1 30 136
2 51 84
2 35 175
0 14 67
0 1 186
0 12 27
0 56 36
104 10 36
7 52 3
1 0 86
1 50 95
0 9 65
0 4 45
1 0 174
0 10 180
3 22 24
40 55 14
0 54 166
14 12 61
1 6 64
0 12 60
0 1 156
0 19 28
1 11 161
0 8 47
3 0 57
1 5 160
6 25 106
7 50 44
0 28 172
0 49 145
3 8 99
3 51 45
1 50 57
0 18 35
0 50 15
0 44 79
1 51 86
58 55 14
6 24 156
0 15 90
6 21 104
3 23 14
0 50 68
0 9 28
20 18 185
0 22 113
2 40 187
7 26 16
15 37 200
0 54 112
1 45 131
0 46 129
0 5 13
4 7 38
4 41 82
0 48 6
0 54 28
1 51 31
111 14 181
0 45 28
0 28 159
1 50 151
11 18 102
0 9 78
0 2 152
1 19 37
246 23 75
2 27 37
6 8 148
2 42 26
0 33 12
0 31 75
44 21 154
10 2 71
0 16 29
66 22 12
0 5 24
0 37 39
0 32 52
1 44 46
1 8 60
6 22 200
3 32 77
0 51 155
0 35 67
0 1 71
0 15 136
0 12 18
1 10 106
3 35 51
15 12 108
0 18 165
3 59 76
0 7 40
0 34 123
1 38 196
0 39 121
0 21 16
8 38 166
6 13 131
34 25 140
38 37 33
0 5 145
91 7 134
0 1 100
1 44 97
0 45 94
207 4 135
10 42 1
25 20 173
207 52 58
63 16 37
8 15 169
0 41 76
3 42 155
0 26 51
2 49 168
2 59 75
56 20 55
0 19 116
83 40 31
57 46 130
8 22 123
15 50 119
0 59 107
491 55 153
0 16 114
1 27 135
49 14 58
0 58 184
2 58 78
1 53 106
1 7 179
8 36 196
3 11 33
0 10 164
0 47 152
7 6 184
5 8 113
1 58 156
6 33 13
0 27 76
4 38 154
0 43 13
0 34 55
2 37 125
1 53 65
5 31 104
2 39 42
2 19 105
20 36 133
55 55 125
0 49 65
0 31 71
0 14 33
5 54 154
1 1 187
180 59 61
1 46 183
0 6 170
0 13 22
0 3 76
157 13 91
0 3 154
2 32 13
0 48 161
11 5 12
5 20 110
0 37 142
7 16 97
1 22 176
0 3 82
3 53 92
2 58 46
3 4 130
0 33 41
20 19 65
0 22 170
0 33 73
0 5 43
1 2 171
4 2 110
0 4 102
2 14 154
1 20 98
0 4 103
15 44 43
0 19 150
43 59 72
6 31 111
2 10 177
78 18 29
0 55 182
1 48 78
4 26 89
11 26 145
2 52 134
0 58 80
13 30 176
41 2 65
1 33 1
1 48 139
0 53 24
3 13 78
40 19 192
27 49 22
0 40 85
1 54 142
0 23 180
0 46 40
3 12 174
0 35 172
2 7 12
1 47 55
426 38 189
3 59 129
8 41 200
0 2 135
0 52 140
1 31 64
143 4 142
22 41 28
2 0 171
6 50 7
1 20 178
5 41 88
97 45 24
0 25 46
1 13 12
71 5 27
5 53 77
0 13 54
52 17 147
65 47 151
3 28 39
10 54 66
1 4 4
0 59 51
72 31 147
0 31 47
0 34 200
0 35 85
4 5 142
1 14 159
24 46 13
0 36 80
1 3 38
25 26 51
0 47 8
3 17 151
0 14 159
1 55 94
17 51 69
0 45 196
35 45 1
0 10 116
0 43 147
0 10 174
49 53 19
2 56 38
0 55 5
2 30 21
2 40 151
121 59 54
2 18 63
380 41 153
0 45 124
103 39 121
0 27 173
4 28 43
8 50 41
10 9 21
29 45 181
125 27 86
0 10 62
339 31 91
46 39 25
0 23 68
0 38 36
0 48 179
0 20 70
18 36 195
5 15 1
5 57 165
26 55 198
9 47 17
0 16 151
40 40 109
0 48 48
5 16 52
1 1 191
0 46 26
1 58 42
1 14 197
1 1 49
8 48 11
2 54 165
1 54 197
0 38 6
7 32 171
3 3 5
0 55 138
0 39 25
14 53 53
0 23 190
0 36 167
103 50 21
3 15 33
22 23 95
428 18 69
0 6 101
0 39 53
18 58 61
1 1 179
0 39 81
10 49 176
0 4 113
0 57 127
5 25 185
174 58 101
3 37 32
126 58 155
1 28 108
56 41 94
0 24 65
0 36 5
0 37 52
2 31 168
2 24 152
0 45 88
5 48 141
1 49 125
0 1 42
165 4 8
0 17 93
113 31 40
2 59 117
20 12 97
1 23 191
3 22 63
10 42 172
0 43 170
254 27 43
0 8 116
31 11 159
1 31 53
0 10 161
1 30 186
39 56 76
2 53 155
20 56 43
13 54 177
143 44 141
0 14 42
34 10 109
0 53 37
102 55 45
0 44 133
1 31 127
4 4 161
7 6 147
64 38 82
1 39 97
2 9 158
0 15 103
13 38 70
2 22 36
1 55 89
1 25 54
16 40 148
0 8 199
2 52 3
0 42 18
0 19 39
20 23 73
0 41 141
25 20 141
0 57 41
1 5 139
0 0 55
0 18 166
2 11 147
3 16 118
0 36 141
496 46 175
2 0 31
3 49 145
786 49 114
0 43 120
5 14 126
51 41 109
84 13 28
34 56 53
12 46 150
0 41 168
95 34 188
9 14 177
1 28 197
26 58 100
118 39 170
0 34 173
0 7 100
0 12 81
30 20 137
26 36 25
0 48 3
1 21 109
0 12 71
1 3 115
0 0 180
15 41 117
0 17 13
0 8 22
4 56 61
67 3 96
7 50 64
1 23 59
2 57 27
3 14 161
21 33 25
9 58 106
0 28 83
0 49 16
8 36 121
0 17 82
0 42 92
4 51 114
16 25 55
175 19 192
37 9 46
0 46 110
182 27 55
1 58 65
18 3 132
82 23 78
0 36 129
0 8 100
0 45 174
0 2 67
0 27 129
559 9 137
3 11 166
20 57 150
2 17 38
0 37 179
0 27 170
4 57 102
0 13 152
2 30 127
0 50 127
0 17 78
7 29 33
167 32 121
0 51 56
0 4 187
0 40 137
0 29 115
2 21 166
0 43 25
6 20 61
1 47 8
1 48 156
2 10 93
0 30 199
6 3 12
11 25 151
0 26 160
9 43 165
4 52 44
1 41 90
9 58 126
18 46 176
1 44 46
0 34 8
57 29 10
3 22 58
1 58 96
4 31 174
0 29 31
1 44 142
0 4 154
0 5 25
28 58 7
3 44 146
0 50 73
752 38 2
0 57 116
3 59 87
10 59 194
0 15 50
1 24 106
0 47 200
7 34 196
1 34 57
1 47 67
0 16 199
5 12 76
1 28 89
0 58 144
33 19 187
0 10 9
132 40 62
0 48 178
0 41 135
0 15 51
12 7 177
0 1 174
4 25 75
0 18 154
0 15 11
31 59 54
0 40 194
1 47 111
0 38 133
12 33 2
4 35 186
0 45 147
5 57 139
20 21 63
12 11 74
1 33 71
0 14 170
1 36 179
5 6 168
0 44 129
24 26 186
0 58 162
143 47 160
1 49 64
2 45 2
0 44 103
3 12 99
3 6 114
1 9 80
83 5 160
0 0 12
1 56 61
0 25 35
28 41 159
0 52 100
2 51 200
3 39 63
0 3 189
0 16 188
0 33 84
4 53 71
8 46 64
167 0 97
0 51 75
0 53 36
607 30 63
0 7 37
6 14 132
28 43 21
0 23 42
151 38 58
0 18 73
2 24 108
0 42 123
0 20 174
3 0 167
4 43 173
0 5 196
0 3 191
4 3 37
1 16 99
17 19 74
0 51 119
0 54 98
0 45 172
0 54 8
13 42 151
2 54 124
23 15 46
1 10 182
19 17 12
20 13 31
0 29 26
0 40 109
0 39 117
8 45 188
1 21 135
69 49 89
1 29 64
0 59 138
2 52 189
0 13 103
0 49 103
0 31 82
70 38 170
7 51 41
87 43 4
0 14 98
98 47 101
0 33 57
1 51 132
35 31 68
5 53 185
0 2 195
0 32 29
27 35 102
0 1 96
2 29 19
4 55 171
1 50 64
2 15 93
48 57 143
155 3 167
3 7 65
15 38 181
0 22 23
0 9 193
118 44 57
1 11 86
0 32 22
1 51 88
3 6 18
1 21 12
13 42 66
16 17 105
15 43 57
295 35 26
1 19 126
4 17 191
22 20 193
0 18 184
288 48 172
0 41 196
1 47 55
0 0 134
4 8 6
0 22 106
652 55 15
5 56 73
1 14 171
1 57 123
0 16 48
5 33 136
1 21 75
10 2 89
2 53 143
0 13 141
10 44 157
172 5 3
0 5 141
203 36 180
6 5 95
28 34 154
2 8 39
2 1 178
0 54 31
1 46 123
30 48 12
50 43 28
2 16 187
34 29 199
0 41 68
1 0 72
53 29 162
0 38 9
700 30 7
0 50 27
24 6 5
1 17 118
0 11 159
3 5 139
1 59 83
0 8 151
0 18 14
0 33 182
0 28 156
4 43 121
0 7 85
2 23 3
0 6 106
2 31 55
0 51 37
9 46 142
2 36 37
5 29 112
2 59 156
0 56 82
0 42 121
2 54 51
3 7 19
215 21 104
5 2 129
0 12 15
0 56 197
5 4 191
0 9 198
0 19 178
0 47 16
0 37 32
51 16 52
81 56 55
7 58 145
7 5 105
0 2 48
0 52 141
2 37 8
0 1 200
3 51 137
5 54 200
0 9 32
0 5 16
0 29 101
0 24 163
0 57 132
13 28 41
0 41 194
31 45 155
57 15 135
2 38 77
0 32 141
2 12 69
0 53 145
8 39 132
0 18 69
12 58 56
10 8 152
2 52 19
13 18 186
0 47 171
2 28 182
49 33 27
0 41 151
2 0 195
0 49 11
439 13 66
0 43 78
0 49 150
0 15 57
10 31 175
9 28 81
140 49 47
0 20 45
1 44 49
3 21 16
0 30 84
2 24 62
32 32 190
2 6 153
0 0 106
118 1 193
0 1 71
21 29 52
2 24 172
0 20 162
0 48 4
41 45 168
0 54 189
0 18 168
0 9 5
4 7 17
5 16 168
124 29 61
3 38 5
3 29 98
0 14 31
1 49 193
2 56 155
24 0 164
0 19 126
0 25 122
496 1 163
186 32 200
3 23 173
7 58 193
3 39 120
0 51 188
1 14 138
0 7 96
0 51 156
11 50 142
419 8 14
257 36 45
15 42 127
5 41 123
293 46 125
0 6 16
83 45 123
69 18 166
36 39 61
627 33 146
4 56 61
0 40 18
7 9 42
1 17 55
10 12 51
0 8 24
126 50 174
0 15 97
67 38 109
2 38 120
0 24 178
0 6 23
3 29 157
0 15 22
1 27 200
0 42 55
2 57 116
2 48 80
11 12 37
4 17 52
247 43 105
0 30 190
1 2 8
16 14 183
0 29 9
37 37 107
0 6 12
1 12 104
9 55 78
12 49 188
20 30 131
0 33 25
29 28 157
0 19 113
275 7 75
1 40 70
2 41 24
12 34 80
3 5 152
0 55 108
4 20 179
76 27 162
2 41 124
38 32 87
0 54 29
45 19 76
0 3 116
3 21 143
11 12 181
23 33 185
0 18 139
2 5 113
0 11 71
1 41 109
1 40 64
0 7 12
0 41 139
113 54 69
9 30 182
8 36 22
0 42 67
493 26 190
1 44 103
22 52 2
8 50 18
0 11 122
1 17 139
228 46 120
124 47 88
162 39 113
70 52 110
74 41 178
8 59 31
0 3 103
3 13 11
0 52 114
0 58 17
1 44 184
127 12 64
0 1 149
0 44 198
50 41 48
15 29 187
1 24 76
8 31 173
0 43 141
0 18 122
0 40 40
2 50 8
22 33 187
4 45 15
179 3 177
415 5 65
0 25 97
8 14 90
0 53 71
1 13 70
0 7 192
0 12 15
9 28 47
7 43 160
6 9 39
0 57 165
0 46 16
25 54 97
242 48 114
42 2 177
5 54 10
25 24 32
2 23 34
0 44 31
31 15 12
1 14 161
98 8 182
0 34 78
0 58 157
0 30 141
0 48 91
21 26 178
3 22 98
0 57 35
1 34 148
0 4 150
56 55 188
8 55 157
5 0 50
0 53 48
1 53 105
0 45 75
0 17 148
35 32 129
0 1 49
0 16 182
2 45 24
6 10 156
0 41 52
378 4 79
0 40 119
151 21 2
3 3 179
4 26 1
0 48 49
92 34 171
1 23 43
0 37 198
432 0 39
0 23 35
1 15 173
0 40 108
240 3 108
53 56 57
1 17 126
1 55 142
3 50 41
5 1 55
542 23 5
0 23 50
3 40 145
0 11 174
1 57 168
8 41 170
2 11 109
397 20 132
0 48 127
554 11 184
1 6 148
429 57 62
4 54 98
12 42 75
11 15 86
8 23 176
1 13 33
4 17 164
0 59 82
11 28 19
0 7 18
4 51 85
7 27 108
16 57 102
0 52 130
2 27 154
4 15 163
3 17 105
66 0 187
0 37 154
3 41 108
9 3 44
3 26 136
0 47 128
1 55 83
2 5 101
1 9 138
12 23 164
4 13 7
23 53 126
1 40 184
0 18 153
4 15 51
0 23 127
0 54 171
8 8 110
0 37 3
30 6 111
106 58 174
5 40 41
6 2 164
11 57 71
0 43 10
423 21 120
0 47 142
26 4 100
0 26 155
0 16 194
0 14 11
729 53 78
7 43 65
0 25 99
16 57 192
0 36 169
2 51 188
37 32 99
1 59 26
10 45 4
3 44 152
0 50 98
1 56 61
0 17 6
0 58 47
0 7 40
11 33 117
2 25 28
0 12 101
2 11 160
6 4 191
2 16 186
39 23 70
0 59 168
9 7 192
5 15 27
2 21 85
8 28 93
0 14 126
17 7 8
0 17 30
5 42 41
0 16 73
17 36 74
1 30 159
17 48 139
0 8 147
0 7 131
0 27 127
24 59 185
250 28 167
0 23 59
3 9 106
9 9 60
0 14 4
28 16 74
9 58 182
0 10 149
1 19 74
351 2 187
63 32 46
4 14 152
0 3 49
0 31 22
0 42 32
14 57 127
1 36 70
1 43 17
2 15 19
1 25 163
1 53 115
0 48 45
0 14 192
0 38 4
7 19 100
88 13 118
2 45 95
0 35 198
576 57 86
17 39 37
0 52 104
41 6 165
6 7 33
20 53 192
0 4 170
16 36 105
3 44 133
46 31 25
6 6 200
0 3 187
0 32 173
0 14 134
0 32 83
430 30 102
0 25 72
0 31 2
2 0 50
3 12 142
113 2 78
0 38 64
1 40 77
34 49 35
50 16 69
6 39 189
7 26 47
4 18 67
0 21 177
0 19 97
0 25 66
1 42 113
57 28 170
2 48 9
0 20 142
0 55 155
0 14 109
10 21 31
143 18 42
0 0 173
12 51 143
13 5 163
0 6 61
3 39 20
2 20 24
0 25 82
0 10 71
55 47 89
1 30 76
1 43 191
0 34 32
5 33 49
0 54 74
2 52 55
1 36 195
9 32 169
0 41 130
2 51 141
4 35 9
3 48 51
8 7 156
22 51 140
4 13 84
0 14 57
6 45 5
0 2 52
0 40 130
6 25 104
2 5 91
0 11 67
0 57 14
345 11 59
10 43 96
10 17 78
0 59 97
0 22 35
2 13 9
4 59 127
15 32 137
1 54 17
78 32 133
0 2 193
0 14 30
7 18 172
0 59 136
0 6 31
3 0 35
0 26 177
7 11 1
1 27 172
8 19 38
7 16 31
0 9 199
3 54 172
49 52 103
2 25 158
8 19 51
0 9 93
1 14 115
55 21 14
25 47 97
10 2 190
2 45 14
0 54 50
0 30 185
0 16 112
0 3 56
0 55 10
13 1 7
62 8 92
0 48 30
2 47 70
0 4 105
0 47 179
0 47 123
0 23 8
0 9 76
4 37 152
1 28 175
1 20 131
25 6 155
0 6 114
0 53 92
23 16 187
44 31 192
3 43 82
63 12 146
288 41 61
14 14 55
0 40 12
0 28 14
0 31 96
0 24 36
1 10 40
3 28 34
0 32 116
228 23 67
7 44 173
13 27 127
9 59 67
0 55 61
0 22 84
0 47 108
0 4 6
1 50 84
0 5 86
50 10 42
0 31 134
0 50 61
13 51 175
6 44 63
8 10 48
0 32 185
1 51 175
0 3 51
3 42 1
3 16 61
0 15 173
1 41 89
3 20 15
0 53 179
37 30 76
1 5 122
0 45 121
2 3 90
0 7 146
0 29 35
244 3 171
7 31 45
0 2 199
6 59 91
0 2 156
17 38 151
4 47 82
3 42 28
0 10 121
0 42 123
1 16 22
0 50 134
1 27 45
0 39 61
5 37 1
2 43 32
237 52 146
12 23 167
7 47 100
0 15 16
1 11 115
44 55 11
23 18 113
0 7 54
0 52 184
0 31 89
18 21 2
1 58 174
6 4 14
1 56 54
0 8 186
0 0 164
6 44 163
12 22 168
59 6 22
30 12 139
3 35 141
0 2 93
168 9 69
2 36 93
3 50 100
0 39 111
3 56 128
0 17 7
1 24 85
1 59 38
19 12 193
0 21 152
57 31 125
0 55 70
107 8 76
3 31 161
0 21 86
2 13 62
8 34 79
4 31 106
27 20 91
1 51 134
2 52 151
27 30 9
59 28 22
13 16 115
3 10 106
11 14 133
0 41 134
16 12 75
2 44 18
4 5 82
1 5 97
5 37 177
10 54 34
1 23 67
0 32 27
19 59 97
2 49 194
0 58 130
7 53 185
20 55 124
7 10 190
0 59 99
178 16 24
2 27 129
10 16 72
4 5 192
5 28 36
0 52 12
6 21 156
19 33 38
0 48 186
28 22 10
6 3 157
9 16 133
1 18 166
18 36 31
2 24 68
6 46 170
0 47 193
6 46 16
50 6 193
6 22 151
612 53 44
0 30 45
0 55 170
0 14 107
4 51 50
0 48 158
203 51 131
0 14 72
39 46 29
0 35 159
5 44 171
2 43 186
100 49 32
1 46 172
4 41 186
1 39 68
3 2 7
3 13 197
0 23 143
0 53 103
4 30 128
2 50 162
1 55 34
0 34 148
0 53 144
20 26 74
3 34 74
4 21 86
50 17 71
12 56 76
0 25 8
0 22 54
0 41 132
0 14 116
0 58 35
2 56 100
23 4 166
2 16 141
0 34 173
4 59 158
1 35 164
0 48 182
2 18 16
0 9 162
490 37 68
7 7 90
2 41 92
5 57 17
2 54 8
20 10 195
5 30 57
0 2 131
1 16 152
0 16 196
0 45 61
114 31 23
6 15 87
39 16 171
2 37 103
14 52 20
522 47 131
12 52 5
2 10 129
1 55 126
0 9 198
7 53 110
84 2 27
241 21 161
7 55 119
4 39 44
7 40 167
32 18 4
1 11 79
6 28 146
10 37 62
0 23 159
3 35 199
0 56 17
18 54 106
1 34 105
1 51 38
55 25 148
1 49 146
0 18 177
18 7 190
11 23 198
19 18 136
4 26 31
0 23 8
0 30 62
37 33 176
22 4 130
9 17 48
4 6 37
2 15 7
414 34 4
6 6 82
3 0 109
9 37 114
0 24 47
0 36 128
455 0 49
0 57 6
1 52 82
0 45 163
131 27 20
0 4 122
13 48 58
48 36 98
2 50 173
444 7 29
39 0 120
0 40 103
8 46 110
0 33 48
0 34 119
2 13 151
1 52 166
32 48 69
0 37 131
48 5 59
0 51 74
0 19 78
2 59 99
8 42 132
0 11 153
472 51 71
0 30 126
0 16 182
0 25 148
12 4 20
0 48 51
14 34 93
0 7 111
1 47 178
24 11 23
2 51 64
0 41 95
1 9 159
0 41 199
187 30 84
17 45 107
42 30 152
0 32 178
0 50 8
567 25 115
4 13 112
3 49 71
0 6 135
0 5 194
0 19 182
7 57 9
2 20 178
0 34 185
2 5 28
0 48 181
1 47 130
283 55 109
3 28 199
0 55 28
0 42 194
8 3 106
40 49 123
0 19 44
0 43 130
140 30 34
4 38 16
0 53 98
0 6 61
0 52 149
11 21 101
66 32 162
3 19 159
2 25 76
0 19 32
0 40 31
2 42 166
5 22 65
0 27 133
0 30 41
1 41 99
240 21 131
6 13 19
362 3 116
7 6 90
105 40 92
0 34 26
5 21 77
0 45 129
6 10 32
5 51 172
1 19 110
0 27 151
74 43 123
0 18 88
1 9 115
0 0 31
3 10 120
11 3 155
6 59 147
113 37 199
6 19 28
0 18 164
0 25 193
3 11 113
32 6 198
31 15 75
1 51 34
3 51 169
3 34 7
3 32 38
5 37 118
7 37 199
2 44 164
0 58 26
0 18 184
9 24 20
2 4 115
112 23 74
0 29 184
0 27 52
2 6 69
1 12 43
23 43 76
5 58 177
1 12 143
0 31 23
11 56 38
4 22 134
316 27 129
4 19 35
4 19 78
0 23 62
1 34 154
1 3 75
1 16 199
1 4 181
2 25 188
9 45 15
1 44 3
1 21 52
3 26 128
54 56 73
3 58 3
1 34 146
0 44 184
0 29 122
12 3 142
2 11 89
5 14 19
3 53 60
4 51 116
4 21 121
0 43 196
3 37 194
45 22 133
10 22 177
1 24 102
10 38 58
0 16 162
0 30 167
1 54 176
0 37 66
0 59 174
0 30 32
2 6 21
3 21 66
12 8 44
0 12 173
71 29 21
1 12 40
37 21 172
4 22 97
1 26 194
0 18 79
73 13 198
2 9 127
38 7 86
31 57 157
513 18 179
0 19 166
0 35 100
0 56 163
11 11 59
0 49 3
58 51 16
73 23 88
11 57 93
430 11 159
70 24 21
15 39 57
1 0 92
224 9 110
0 18 134
0 49 146
0 6 31
10 48 104
0 50 67
5 35 8
46 56 29
1 10 62
0 10 185
0 36 15
7 20 77
16 2 148
68 52 152
0 21 68
63 12 53
1 57 58
0 34 88
1 1 156
0 19 187
0 56 154
6 14 73
0 32 6
0 56 169
0 18 78
1 32 174
24 39 89
10 3 49
1 11 146
5 13 3
2 18 188
424 50 200
1 15 49
1 28 189
2 49 130
14 2 191
3 8 169
30 55 84
0 28 121
0 47 186
1 53 164
56 17 145
2 1 95
62 55 162
339 58 123
160 41 79
0 14 34
285 58 190
82 39 129
6 41 192
0 11 57
4 6 125
4 6 147
1 11 63
116 1 81
13 5 194
0 1 24
182 46 151
9 13 46
123 12 115
17 54 30
12 35 97
1 59 185
0 32 9
4 12 89
5 45 195
9 30 8
0 46 144
4 46 25
0 33 105
33 2 9
0 2 26
153 55 146
0 38 17
0 1 67
1 50 48
3 20 191
1 43 50
2 28 86
1 43 146
122 42 60
196 48 37
32 7 194
16 11 17
1 48 184
0 8 127
1 15 164
1 27 74
0 19 192
3 4 39
0 24 80
6 22 177
0 34 130
2 41 126
3 38 146
0 20 104
29 21 187
0 9 21
1 13 198
206 37 104
4 15 84
3 9 41
12 56 150
4 10 185
18 53 150
19 55 160
0 25 149
25 1 144
0 48 151
53 13 66
4 6 126
3 20 146
233 56 10
9 1 79
14 43 146
0 38 169
1 28 102
5 1 88
151 19 57
21 1 121
5 5 63
0 42 169
0 25 200
1 37 17
0 45 8
14 14 172
5 35 88
0 0 114
0 16 11
0 52 53
6 29 23
4 1 137
2 56 54
0 53 124
0 28 191
197 46 67
11 23 26
1 16 54
7 54 90
93 34 67
0 15 167
0 31 73
0 38 17
306 29 179
0 29 133
0 2 139
18 13 70
2 0 159
1 16 198
0 28 189
0 4 120
2 41 28
0 24 179
3 57 92
9 56 80
6 38 142
6 53 69
65 4 170
3 35 80
1 11 39
339 42 137
497 21 59
3 51 2
0 16 197
0 37 154
0 14 7
24 57 13
2 40 70
2 39 71
108 43 50
0 43 131
24 47 175
0 30 19
6 37 50
2 36 44
18 38 17
5 35 30
0 9 44
0 37 162
1 8 87
9 15 73
95 19 15
0 28 71
1 58 173
0 35 157
6 32 107
9 20 91
2 2 103
14 31 71
47 38 177
0 18 94
10 24 152
0 7 32
17 52 35
3 21 150
1 8 94
0 11 7
3 13 17
0 23 175
20 12 74
12 5 170
404 14 174
0 3 88
6 0 157
43 48 116
138 55 66
5 8 170
5 47 167
117 13 107
0 11 181
0 12 22
5 34 44
17 13 65
0 16 98
1 6 200
0 15 191
0 56 108
3 40 39
1 17 154
1 46 1
0 11 170
0 17 80
0 8 59
0 47 158
5 17 120
138 17 104
0 47 200
0 10 98
0 17 154
6 36 184
4 4 155
0 25 63
0 46 122
0 16 18
0 37 69
1 19 53
1 30 163
0 20 170
0 8 147
8 58 186
1 40 89
0 41 44
0 31 28
40 2 159
543 0 101
1 46 76
30 53 3
6 50 181
0 10 123
0 31 84
10 50 90
8 1 143
2 24 66
53 29 145
2 6 47
13 44 36
147 39 81
0 28 8
11 10 69
0 42 20
1 3 165
0 12 185
67 34 108
2 10 137
4 8 47
0 35 38
1 42 105
382 34 56
11 52 149
0 48 113
3 37 52
184 58 3
0 14 130
0 32 63
5 11 112
17 41 141
0 26 103
3 6 127
16 19 63
42 3 157
0 6 117
1 29 198
10 54 126
4 26 97
0 44 73
18 14 126
3 24 194
242 54 23
0 23 52
5 34 64
0 18 145
78 39 151
24 40 46
16 5 44
0 49 133
330 15 31
13 43 70
16 9 117
3 40 142
26 3 53
3 41 3
0 27 172
0 23 40
1 45 189
0 2 97
20 7 16
6 10 159
0 30 63
2 54 116
0 24 165
0 5 136
4 4 26
5 50 180
0 11 97
0 30 3
0 40 67
0 9 106
66 57 196
0 42 89
0 39 68
0 20 12
2 26 51
0 3 50
0 34 160
0 1 23
5 45 28
0 57 29
1 21 83
0 21 6
0 48 80
4 59 164
0 51 7
20 35 162
16 26 30
32 8 87
2 14 60
0 33 183
0 56 24
22 19 86
0 53 161
5 59 7
0 42 168
0 53 164
6 28 16
2 10 17
52 31 69
1 27 140
1 50 188
2 10 31
0 59 195
446 35 40
7 14 1
0 24 3
2 5 154
7 27 51
26 59 185
2 22 156
3 23 1
27 2 63
19 49 106
1 17 161
59 40 105
275 51 71
0 52 168
0 41 8
0 28 49
0 53 179
1 21 10
56 16 188
0 4 144
20 8 121
10 33 87
0 48 134
391 26 147
0 2 136
2 26 139
0 39 73
1 7 74
2 12 82
4 13 131
0 44 155
2 8 56
2 33 12
116 33 185
11 31 4
7 30 199
1 55 91
3 53 33
0 41 1
143 37 8
17 37 42
62 1 198
228 55 14
5 46 25
54 45 2
0 12 152
172 37 172
3 22 8
0 25 48
0 27 135
0 21 199
53 0 65
43 22 58
0 13 140
1 38 180
44 27 98
5 26 21
2 9 47
0 4 76
0 45 189
13 33 102
27 56 110
11 6 180
2 33 62
0 11 128
2 13 152
20 31 134
6 45 102
3 27 164
6 36 114
2 50 66
57 32 196
1 50 109
1 16 113
2 12 170
0 41 135
0 45 148
0 51 157
171 34 190
9 10 166
1 57 113
0 54 135
0 18 76
58 48 45
0 39 84
24 17 186
23 44 43
173 54 37
7 21 88
0 45 66
61 43 87
0 4 195
304 36 79
0 26 111
5 49 21
33 1 49
4 2 80
1 6 16
34 53 146
11 55 15
1 19 117
0 4 140
0 57 176
0 25 38
4 7 154
0 44 36
0 16 158
0 13 56
0 54 149
1 25 163
17 20 157
0 46 115
2 3 78
64 57 37
0 2 95
0 3 29
6 7 75
1 58 117
2 50 44
0 3 35
2 39 64
308 15 14
0 39 99
0 31 67
0 34 53
3 17 81
2 58 20
2 46 198
409 24 113
0 48 103
2 40 65
8 32 180
4 5 184
12 21 125
0 52 75
2 33 156
25 7 146
22 44 123
28 58 117
6 30 74
30 50 143
0 46 119
4 47 176
33 5 38
1 30 159
0 29 118
1 3 100
667 29 77
3 51 31
0 22 16
0 13 45
2 43 7
0 50 5
0 42 87
5 9 108
0 46 172
3 27 160
19 30 148
2 6 29
0 42 29
9 54 191
3 31 195
42 14 181
4 49 81
2 32 120
0 17 186
5 26 183
147 1 53
6 24 128
0 46 143
5 27 5
18 39 173
0 45 179
0 8 12
25 55 121
1 21 54
15 43 102
2 11 127
4 15 134
0 42 147
14 6 123
29 10 113
7 46 43
1 56 78
8 49 195
2 58 179
3 41 122
0 48 64
6 2 75
8 47 144
42 47 20
0 34 150
144 21 88
6 23 51
26 20 164
2 39 137
4 17 58
6 41 114
27 6 3
0 37 73
0 32 192
3 40 45
0 29 27
0 20 179
9 49 200
4 3 119
42 47 103
0 48 146
0 17 149
1 39 184
0 50 105
2 3 25
0 24 188
7 58 7
3 34 133
1 13 107
0 1 78
1 14 27
4 14 32
483 47 84
3 19 199
1 31 194
1 7 174
20 34 73
1 30 4
0 51 149
39 16 107
2 27 70
0 54 18
2 18 115
18 27 180
0 47 96
7 42 177
0 38 162
4 14 21
0 16 159
0 35 90
0 43 22
6 20 17
381 30 150
0 14 167
5 41 16
0 17 80
0 51 186
0 29 117
0 11 55
1 34 64
10 22 26
0 49 163
2 44 168
2 7 94
0 39 167
142 19 19
12 29 96
7 35 24
129 44 126
1 43 172
0 56 159
11 19 148
1 13 87
0 12 81
2 57 194
0 24 79
24 34 113
54 3 80
7 0 111
0 37 13
0 39 23
0 20 65
118 10 195
0 40 170
1 0 113
135 36 51
6 2 45
28 53 137
6 51 95
2 23 53
2 56 192
0 22 110
1 32 183
2 26 155
0 35 63
13 20 47
3 32 132
0 43 66
193 43 42
2 3 85
0 22 36
7 8 44
0 57 116
39 15 143
1 37 82
147 15 75
21 16 30
102 4 54
0 34 57
60 37 103
3 4 82
87 19 136
0 12 45
0 2 50
188 3 73
4 52 88
18 48 107
25 6 59
0 46 4
112 10 169
0 8 32
2 52 106
3 36 193
58 9 142
2 28 182
0 3 196
33 53 140
1 15 120
11 26 105
4 2 88
1 56 123
3 58 12
0 24 33
1 35 86
29 8 32
10 48 47
6 19 140
9 53 109
1 29 66
0 29 121
2 5 43
4 0 142
2 20 145
7 21 135
4 40 178
114 14 58
0 49 193
143 53 4
0 17 132
1 18 112
18 49 44
134 4 139
12 4 189
772 12 137
0 22 129
0 51 127
1 51 152
10 50 31
6 30 180
36 54 50
0 41 150
64 58 83
130 32 16
444 42 47
0 8 104
8 31 199
18 16 171
0 8 104
125 33 89
0 8 198
0 37 58
1 8 131
0 42 48
0 27 78
104 44 174
1 59 50
8 7 100
0 47 61
0 45 95
0 48 135
10 2 172
1 55 145
0 16 193
0 14 179
2 29 15
0 39 101
32 17 186
0 41 169
172 52 134
7 56 54
24 43 163
3 55 96
199 37 32
1 27 132
0 48 187
0 30 196
0 27 169
1 2 190
63 29 134
399 41 88
125 50 76
0 30 1
2 13 67
0 4 177
2 48 125
1 48 121
129 13 11
1 25 140
3 59 149
371 35 26
1 43 117
3 24 36
2 31 77
0 12 96
0 23 172
0 37 119
0 27 27
102 30 93
3 28 91
1 37 4
3 59 44
3 51 57
0 59 65
6 35 60
0 37 67
0 59 54
14 7 72
0 45 200
3 59 191
1 57 77
2 46 112
7 22 34
149 52 150
5 37 90
0 35 70
2 42 103
0 46 60
0 43 55
398 20 11
3 21 2
2 20 154
0 58 54
0 20 182
2 7 113
75 32 89
0 13 100
2 33 137
17 37 44
3 23 78
0 3 106
57 3 58
69 41 141
486 16 36
3 56 193
0 50 16
3 26 102
0 23 64
2 36 67
189 51 32
573 43 65
60 5 169
0 49 21
48 49 44
2 15 14
0 31 177
5 53 106
3 42 28
0 30 166
1 56 22
3 56 150
0 55 19
0 1 39
184 43 172
0 46 8
9 26 149
0 27 151
0 18 153
0 30 178
80 57 134
1 37 114
12 13 72
0 12 58
0 33 98
8 0 76
1 53 10
2 39 26
1 49 26
370 25 107
4 8 28
34 36 102
0 13 148
485 10 62
5 7 122
0 48 174
43 26 10
0 9 16
1 11 77
2 2 57
1 58 77
10 47 181
1 58 48
1 48 177
9 26 119
3 22 134
2 17 187
2 29 109
0 47 97
19 14 50
0 23 172
1 2 191
79 42 88
3 22 32
0 25 171
0 47 71
2 47 129
7 56 168
209 56 76
8 16 149
0 37 60
22 42 162
0 31 116
4 31 168
6 54 67
0 13 116
3 16 156
1 58 100
0 10 166
2 17 119
37 3 38
26 18 64
5 15 29
3 38 136
1 50 27
18 3 27
139 32 12
0 49 156
8 31 77
112 40 158
1 57 198
0 1 1
1 42 161
0 57 8
2 24 193
40 19 172
1 25 140
4 29 118
0 30 189
2 27 135
0 30 131
0 20 136
7 35 29
11 55 35
642 10 184
18 18 167
0 58 93
1 31 54
6 1 60
7 41 39
2 59 48
0 50 104
115 39 148
1 9 69
3 39 95
15 18 195
4 31 172
4 14 156
2 36 37
2 19 45
20 56 16
1 6 84
35 10 113
1 12 18
2 36 181
4 58 84
13 47 130
5 2 171
4 39 128
50 1 13
2 20 10
0 45 115
1 4 199
74 46 105
18 59 104
1 36 103
0 27 107
2 52 178
1 41 174
1 4 123
1 30 123
26 5 144
0 4 49
13 22 167
14 29 156
0 59 27
13 10 161
234 0 57
29 56 32
15 20 79
3 27 148
0 10 78
1 44 92
14 29 69
1 7 145
41 53 200
196 40 62
2 42 180
4 37 119
10 23 156
0 49 142
0 21 57
32 19 82
1 34 27
0 32 132
7 9 54
161 37 177
0 45 139
10 35 80
32 31 199
26 46 17
20 48 112
2 46 155
1 30 41
2 36 180
3 25 4
0 55 70
0 28 198
32 55 62
0 52 53
119 26 81
2 6 143
1 59 194
0 7 34
3 41 70
306 5 96
0 16 103
0 0 17
1 44 62
0 54 185
3 58 113
0 39 15
0 59 62
0 40 188
1 49 142
0 54 29
9 6 74
1 9 80
0 42 35
1 47 148
246 59 101
19 12 59
29 33 65
1 56 124
0 18 123
1 15 121
0 38 192
2 4 22
0 14 25
9 9 39
2 43 10
0 12 107
32 25 151
155 19 119
7 48 100
0 46 7
0 39 188
1 0 66
11 58 149
0 59 34
0 3 186
185 36 157
1 14 142
3 47 28
0 40 175
2 15 177
0 34 33
12 28 25
2 9 126
0 18 96
100 10 61
33 41 119
0 32 129
0 49 28
7 2 148
0 53 90
0 29 129
5 19 140
125 21 194
2 55 58
7 2 97
0 56 24
0 22 164
413 51 170
0 19 89
8 42 91
0 7 172
18 45 2
6 9 187
5 34 84
0 19 36
122 47 160
1 34 132
0 15 39
0 22 14
57 46 62
1 49 145
3 2 128
6 31 33
0 35 35
1 44 28
2 11 56
1 30 49
78 44 146
0 20 186
8 33 158
111 19 152
2 25 15
25 12 161
6 19 20
1 18 191
67 52 97
27 40 162
0 3 133
4 39 33
0 16 19
102 7 82
5 53 17
7 52 127
0 52 70
20 14 39
0 41 45
5 8 129
0 6 52
1 19 142
2 18 10
5 38 44
0 24 100
2 15 172
0 18 143
12 42 23
0 31 192
91 18 102
0 42 31
159 35 17
33 43 109
21 3 118
331 30 103
0 40 123
5 39 95
0 1 197
5 23 194
118 3 98
2 56 198
3 5 190
0 51 81
10 33 95
1 55 96
0 37 198
0 21 116
0 31 163
0 59 84
13 25 42
0 42 127
204 20 41
0 33 121
111 43 82
0 52 78
0 4 193
1 51 86
23 40 41
1 55 59
24 6 39
0 36 29
0 28 54
12 59 7
3 22 74
0 32 144
22 14 54
0 7 63
234 25 31
0 45 131
0 49 31
0 37 109
54 42 26
3 55 166
0 36 64
22 22 185
1 39 126
223 13 135
0 23 166
701 32 122
24 15 36
0 41 102
2 26 124
0 24 122
4 48 172
0 32 196
4 46 90
58 15 44
0 47 81
0 10 154
0 21 135
18 5 116
0 49 188
38 1 144
0 44 12
1 20 189
639 40 96
12 33 99
0 13 97
8 35 42
3 22 4
26 51 69
7 21 93
0 30 114
0 22 122
3 38 65
0 29 78
1 20 166
2 3 106
2 16 165
0 16 121
2 2 20
2 22 121
4 7 103
5 36 155
78 0 135
21 28 138
27 34 185
58 33 170
24 36 130
0 3 188
11 31 71
1 37 58
47 40 122
2 20 132
3 40 151
0 58 60
0 48 194
30 39 143
530 59 29
1 39 3
86 5 67
11 57 111
1 37 196
1 18 28
0 32 148
2 29 77
0 33 162
331 22 181
0 5 179
1 56 49
97 37 181
8 47 3
1 50 28
0 56 83
9 34 90
0 26 74
2 54 68
4 41 5
5 10 2
331 10 91
0 37 33
0 38 72
17 38 117
0 5 113
0 43 133
3 44 2
384 59 23
594 1 174
0 13 94
2 5 84
37 43 138
9 37 49
0 37 57
4 6 91
10 43 104
9 53 54
0 24 46
0 34 42
0 40 122
17 40 166
49 58 42
3 27 53
56 56 36
441 44 162
47 28 49
2 57 178
10 21 181
0 59 185
0 22 108
29 53 144
0 55 71
1 28 43
10 23 129
0 2 93
0 59 195
0 1 128
0 4 42
1 48 60
2 31 67
1 20 57
0 58 193
34 44 190
0 54 147
0 51 152
25 53 84
1 0 154
7 49 112
0 39 72
0 38 161
0 38 91
0 48 28
0 7 191
10 20 64
0 46 16
9 41 59
1 27 47
9 57 166
5 43 127
90 27 26
0 42 102
15 21 45
0 59 199
0 48 136
15 4 27
0 16 192
9 5 54
0 46 32
8 32 153
12 12 181
0 6 104
0 5 66
0 15 157
0 16 38
0 7 25
1 26 189
1 21 187
13 46 152
0 44 76
7 11 26
0 20 96
0 21 62
0 53 53
29 5 195
41 39 76
4 38 16
0 45 172
2 44 122
3 11 172
177 3 86
282 19 184
1 33 14
0 35 164
2 49 29
0 59 131
7 32 139
1 41 85
86 1 3
0 32 62
0 5 165
2 13 143
0 5 52
6 51 25
41 25 131
3 57 149
10 24 141
0 14 181
1 58 102
7 51 109
690 57 69
11 36 127
180 30 75
1 36 83
0 1 3
1 34 98
20 36 122
2 43 194
340 55 177
0 8 65
4 11 190
1 2 190
3 32 73
16 11 13
2 53 190
5 47 129
0 57 158
2 33 6
4 21 171
380 15 138
18 2 117
1 21 59
2 25 141
0 18 136
0 24 184
0 16 173
3 49 121
2 44 84
0 20 64
7 42 194
0 19 179
2 3 61
2 34 16
1 1 107
2 4 31
0 43 155
0 27 178
1 35 196
17 32 151
0 0 100
14 33 157
4 59 135
0 39 200
11 13 9
0 55 93
41 0 122
19 18 165
0 33 86
0 43 72
0 41 184
26 20 91
141 32 131
323 11 128
0 17 116
1 14 17
2 12 92
7 29 123
30 9 180
0 49 5
3 27 143
1 36 59
4 40 96
1 8 23
24 13 117
97 35 16
0 14 173
3 49 36
0 41 195
0 8 30
73 49 129
5 45 28
0 30 88
0 25 83
0 39 1
0 22 7
69 26 175
2 11 193
70 13 200
0 23 113
2 33 194
0 39 172
161 20 64
20 21 24
0 31 121
0 45 165
2 47 163
21 28 151
0 33 188
8 30 17
1 27 59
0 24 58
26 48 78
0 34 73
0 39 29
0 11 75
0 47 179
1 45 3
23 21 76
29 8 147
0 38 101
1 0 129
39 32 198
3 35 196
0 22 194
1 5 132
33 11 61
0 14 163
224 7 104
0 21 160
37 38 139
1 5 94
14 28 52
172 48 87
2 15 15
367 23 185
37 31 89
1 26 37
2 22 125
3 29 180
0 32 128
1 39 105
92 32 171
0 58 107
2 3 61
0 48 76
1 8 53
22 49 134
1 18 158
0 15 16
0 27 30
2 59 172
4 21 192
0 43 61
18 8 10
0 6 19
0 54 130
0 6 159
0 16 174
1 45 41
0 5 23
1 36 43
1 15 185
21 1 125
36 46 105
5 33 72
0 18 11
1 1 13
31 12 100
0 40 59
630 0 10
9 37 113
1 20 197
5 48 120
83 5 117
13 46 168
1 50 11
2 0 126
2 2 142
4 9 42
0 43 156
2 6 192
6 12 40
1 21 48
0 2 133
7 20 193
332 27 74
4 52 56
1 5 47
0 33 132
2 40 50
10 26 119
1 8 22
3 27 90
4 34 38
0 37 138
2 50 188
0 29 79
2 12 33
0 52 68
1 51 110
243 32 111
1 27 99
0 9 158
239 7 64
0 1 37
31 23 178
9 44 142
0 1 157
1 56 137
3 50 61
28 21 145
30 56 77
18 37 42
3 44 163
1 8 134
14 8 85
0 51 111
1 22 53
0 45 156
103 12 102
0 33 48
2 9 167
5 4 193
0 47 86
0 58 194
3 43 69
69 24 24
375 18 9
0 14 45
8 6 144
1 28 133
8 32 105
3 54 184
1 1 198
0 33 33
0 27 43
0 9 60
157 52 8
16 45 70
1 13 128
0 27 150
1 25 178
3 3 122
0 35 112
0 29 140
0 59 50
0 43 23
48 1 92
3 26 122
335 42 197
0 28 124
0 19 189
0 5 66
4 2 44
3 50 17
0 49 28
24 46 19
6 16 20
21 18 73
10 6 164
14 27 157
17 51 164
5 43 133
0 8 156
0 49 165
158 49 165
41 26 73
4 41 192
1 41 28
4 49 157
9 25 59
27 57 71
0 19 81
16 37 182
4 32 122
0 53 192
0 6 45
0 15 41
2 24 55
0 25 176
1 12 193
6 40 125
0 49 63
2 22 29
370 30 95
48 12 139
0 3 73
47 0 168
0 56 23
0 11 151
4 31 179
0 59 47
95 53 51
3 42 150
10 16 77
7 38 160
49 47 61
31 15 80
526 6 172
1 26 51
1 41 174
2 22 106
0 50 199
24 48 26
0 38 72
55 48 152
0 47 68
1 39 192
106 54 114
1 15 54
0 47 198
0 26 26
20 7 28
0 13 62
1 43 178
1 23 72
1 41 88
3 40 98
0 15 138
2 5 47
1 39 79
11 44 75
3 26 50
23 41 171
3 35 187
10 53 117
100 18 161
5 19 100
3 58 68
1 48 162
9 26 187
2 31 119
101 29 58
0 16 29
5 1 161
1 4 143
2 12 121
2 19 141
0 0 14
0 54 117
0 23 177
0 24 180
29 11 27
226 3 110
3 45 74
4 55 93
3 34 96
54 29 174
0 22 196
3 26 153
1 55 99
83 2 43
1 58 158
7 31 112
5 11 125
3 15 125
57 4 183
3 44 182
30 32 189
0 7 97
1 39 99
2 1 90
0 11 151
10 55 68
19 45 38
1 13 2
3 17 139
0 51 89
2 55 109
0 41 200
7 28 54
0 4 82
593 9 59
0 31 25
0 35 91
644 5 173
380 41 27
22 51 118
0 39 139
2 38 28
0 40 91
140 15 137
1 48 148
7 0 110
2 51 113
2 18 58
0 8 137
36 39 32
0 15 151
1 55 46
23 50 70
1 28 13
36 58 3
1 46 137
10 15 115
38 6 14
0 15 190
1 53 138
20 57 118
0 52 64
3 53 117
0 59 129
0 44 145
1 53 90
5 37 70
1 13 30
0 24 197
47 0 156
0 36 167
44 44 195
6 13 160
15 8 101
5 4 40
13 9 162
0 11 3
282 55 142
48 48 62
0 57 179
166 35 191
0 29 8
0 53 196
0 9 29
0 26 59
1 57 83
10 52 47
0 11 91
1 38 127
23 39 13
2 43 117
4 30 118
1 28 89
2 23 43
2 38 86
1 50 104
8 30 139
0 29 131
8 33 172
21 30 96
24 50 147
42 19 200
1 39 21
0 28 123
2 13 200
0 32 183
0 8 33
45 54 66
3 2 186
5 0 136
1 28 177
0 39 153
109 6 73
4 46 200
8 11 86
0 56 155
418 20 86
2 29 53
125 21 38
34 34 66
1 44 157
16 28 91
16 13 31
2 20 28
0 23 171
1 39 147
0 27 134
0 4 93
6 36 176
27 58 180
2 51 143
4 28 162
0 0 161
5 39 119
1 35 51
4 13 38
3 13 108
0 28 33
0 48 36
0 24 132
0 38 149
86 52 138
2 11 148
352 22 154
54 17 86
4 45 119
0 24 16
7 40 58
12 47 3
0 7 140
2 49 141
12 39 119
8 37 157
179 5 177
256 21 170
7 30 136
2 54 61
5 36 160
2 11 193
0 38 190
0 7 84
0 24 101
0 55 164
115 8 185
0 5 46
0 10 36
0 18 33
13 19 126
16 54 27
3 9 136
0 46 106
0 10 119
6 40 111
0 44 143
0 51 153
112 8 73
46 55 144
8 7 112
0 8 180
54 53 50
18 3 165
8 9 108
0 56 176
0 50 136
0 44 193
6 44 89
3 43 31
118 43 20
0 32 76
193 47 3
0 13 118
2 8 148
2 23 16
40 42 169
19 46 22
0 24 69
3 5 89
6 35 200
22 27 25
9 29 20
5 32 39
0 14 113
0 38 89
0 1 200
0 0 179
9 10 141
0 59 180
1 30 151
0 49 69
140 21 147
0 22 69
1 36 131
0 4 16
310 37 157
0 35 62
7 58 63
7 41 74
3 56 153
307 4 181
0 18 151
7 35 70
6 28 19
1 11 48
113 7 9
13 11 95
0 54 28
0 50 110
0 8 145
65 4 11
3 19 167
13 27 133
4 37 151
0 7 8
1 27 123
32 16 74
0 14 94
2 10 178
2 46 136
0 44 187
0 56 121
0 13 70
6 2 12
0 56 117
0 22 10
49 10 119
17 28 64
3 26 160
21 19 1
38 32 81
2 18 152
1 21 57
1 9 153
34 45 200
43 29 8
0 40 164
11 57 82
1 41 196
0 3 69
14 29 21
0 17 61
14 41 15
7 13 165
1 25 47
3 49 16
77 17 74
16 12 29
0 2 85
0 34 99
64 16 165
0 27 200
0 49 184
0 25 58
60 2 153
0 54 172
0 2 60
1 1 12
0 49 195
130 36 175
47 29 49
48 43 79
0 44 192
30 31 43
0 25 41
1 25 188
23 44 3
233 12 77
0 31 8
72 17 60
7 29 51
0 57 27
0 47 43
0 35 76
51 5 77
539 22 10
0 11 38
0 6 158
0 16 149
1 57 30
1 6 27
0 31 39
1 21 177
26 3 121
0 51 43
0 2 27
0 23 183
39 44 155
247 50 181
0 57 152
1 54 133
35 28 115
0 12 88
8 46 168
120 38 120
0 15 198
1 28 26
31 36 179
4 51 94
639 29 13
16 19 50
0 3 46
1 13 10
1 6 132
0 47 48
8 16 73
4 29 5
23 22 32
9 58 52
8 48 63
3 16 109
7 5 185
0 9 10
0 14 49
2 25 41
0 42 165
4 31 76
1 12 120
14 50 104
0 50 70
0 22 61
1 9 78
0 53 198
17 32 62
1 49 134
38 29 178
393 37 162
9 51 147
2 9 115
0 24 28
1 35 45
9 34 115
2 23 179
14 6 116
27 31 38
21 48 121
37 7 72
189 39 191
2 21 69
1 24 127
0 32 47
33 35 99
24 40 125
399 49 105
1 26 147
2 28 101
0 10 16
104 59 185
130 40 159
0 8 166
11 34 150
216 35 79
1 29 80
17 19 74
68 56 94
35 6 66
0 32 98
0 39 167
7 43 95
678 25 172
4 43 28
3 2 183
5 25 98
0 17 26
0 57 25
6 57 112
11 45 78
0 1 28
1 44 177
555 27 149
3 22 197
3 16 7
124 34 105
1 33 153
318 18 196
6 49 122
192 8 46
0 10 165
9 45 22
0 50 34
1 15 175
7 48 192
3 3 80
29 45 198
0 55 198
0 0 106
0 58 200
9 58 78
0 31 38
87 1 198
3 26 141
0 36 137
0 29 160
2 14 146
21 41 110
5 38 156
0 55 40
84 54 106
8 34 63
0 34 37
0 14 159
0 3 56
7 53 131
7 45 54
2 17 70
0 25 99
0 8 18
5 20 113
1 3 71
27 21 46
0 58 62
2 38 195
15 26 123
0 57 44
2 7 199
0 17 30
0 3 24
0 54 37
0 41 64
2 25 62
3 53 178
0 52 53
23 39 167
0 44 127
0 8 168
75 52 181
0 42 64
0 31 52
0 23 54
5 59 112
0 34 73
0 44 71
9 28 44
0 56 145
6 38 111
0 58 70
0 39 112
1 5 186
0 17 72
3 18 22
72 28 95
31 53 194
5 10 63
58 36 84
4 39 111
1 53 149
141 36 19
0 30 96
3 24 111
62 6 43
38 53 33
3 40 198
0 32 25
1 30 53
54 42 38
7 42 131
456 29 166
0 58 185
0 40 85
1 10 165
0 0 3
1 44 116
0 10 154
104 36 43
1 50 95
0 35 144
4 23 65
0 16 100
15 50 81
0 1 109
2 42 109
1 59 175
6 45 170
372 48 70
203 10 83
4 31 36
2 59 16
0 21 190
0 35 179
2 57 144
16 54 163
0 50 49
332 12 11
0 39 77
0 59 129
3 17 74
35 35 150
0 2 161
0 43 156
1 36 72
2 32 14
1 55 92
1 35 102
0 25 114
4 57 70
99 21 81
114 44 56
0 16 104
1 49 7
0 17 196
0 21 43
0 44 122
3 52 161
37 10 92
6 41 133
0 50 153
33 39 30
0 9 125
9 59 144
44 13 198
0 7 96
2 24 73
293 20 17
1 1 37
29 57 155
0 22 77
0 30 21
0 32 124
1 46 103
2 33 137
150 8 64
2 29 54
183 2 188
34 43 180
2 42 164
12 27 61
360 24 131
2 19 26
44 12 27
4 6 114
74 6 96
30 28 15
31 41 122
1 27 131
0 58 156
3 10 133
10 37 76
3 41 121
165 5 78
0 55 88
9 40 102
0 38 73
1 17 107
5 56 173
7 47 170
1 4 133
12 24 69
3 25 191
40 17 48
0 2 129
11 47 143
11 52 64
0 28 141
6 51 160
0 4 149
31 1 141
3 34 76
4 20 34
77 22 75
3 22 102
19 32 134
78 1 23
9 36 130
2 14 152
8 32 190
0 8 34
24 42 115
77 5 172
0 8 184
6 35 162
54 32 173
109 9 175
26 31 44
684 42 6
44 30 74
0 24 52
0 41 120
19 37 112
9 40 103
0 0 19
4 1 156
0 21 22
0 30 89
3 23 125
0 49 173
4 9 96
78 42 59
0 29 112
0 13 52
56 36 45
1 8 173
0 13 125
0 59 64
2 1 11
2 30 47
33 39 129
12 6 91
10 26 172
28 4 16
11 8 90
0 18 4
0 5 67
1 6 179
0 51 6
0 10 173
3 37 159
5 57 104
0 29 79
43 39 66
19 2 118
33 37 186
0 41 129
53 43 4
15 26 56
7 45 149
17 48 106
1 19 22
0 28 158
2 29 160
3 6 169
0 15 20
0 47 91
0 6 165
89 16 2
2 56 129
88 40 5
485 54 74
22 6 100
1 11 29
56 59 142
2 7 29
5 40 182
4 46 149
0 13 117
9 19 165
0 7 188
0 22 41
95 41 135
0 12 23
2 3 140
1 18 4
0 24 144
13 55 179
0 6 139
15 14 77
60 41 92
0 13 83
15 15 25
9 12 188
0 34 20
1 58 127
1 55 122
0 35 196
179 27 124
0 35 184
86 32 2
0 9 199
11 2 149
41 23 80
0 52 92
3 32 43
1 16 127
0 7 64
43 34 124
1 12 160
1 59 66
1 29 140
5 4 169
1 27 81
12 34 56
2 18 7
2 9 185
1 19 132
196 20 196
487 25 199
0 31 146
142 56 120
3 34 90
5 45 126
21 59 46
4 45 6
0 14 178
0 59 96
7 46 166
1 38 143
4 50 19
69 4 135
19 48 170
4 19 110
67 35 141
43 50 45
1 6 88
0 16 87
1 34 57
4 43 166
2 31 115
2 27 77
2 0 18
56 13 91
5 22 198
0 20 118
0 7 44
1 38 68
1 16 165
58 11 117
6 4 79
5 2 150
0 9 165
137 17 30
0 6 155
2 37 26
169 51 10
12 58 109
7 28 126
9 22 156
0 17 94
6 39 124
19 20 65
0 18 185
182 35 108
200 0 112
1 59 12
0 48 89
41 25 98
1 42 104
2 9 191
5 22 125
11 2 196
0 21 196
4 45 73
0 33 53
0 57 107
38 51 122
0 17 77
0 47 62
8 30 49
1 33 125
2 4 68
0 54 24
0 46 143
59 47 112
215 8 114
3 47 175
0 26 147
28 57 26
9 15 1
23 23 170
0 23 19
5 48 114
78 15 9
1 31 199
49 41 141
2 25 156
4 57 191
35 1 108
7 0 11
0 9 200
1 26 37
3 8 136
0 36 176
14 43 96
49 19 38
0 0 178
10 1 143
2 8 190
13 29 62
0 23 160
9 59 13
11 8 111
0 40 14
3 54 194
24 49 159
16 53 179
0 37 19
0 26 8
14 51 38
0 0 185
0 53 78
28 11 27
5 27 92
1 34 174
2 3 167
1 32 145
2 32 19
0 45 64
0 28 77
3 36 101
3 5 16
1 48 14
0 14 177
1 27 79
0 29 131
0 33 167
3 14 57
258 46 44
0 45 44
223 17 25
0 1 174
0 17 34
1 10 4
0 1 187
13 13 10
0 8 175
64 14 132
0 58 162
0 46 70
89 39 40
320 56 164
5 50 35
12 34 191
0 2 200
363 2 80
274 42 82
18 42 103
0 50 29
13 10 128
0 0 16
0 6 17
7 29 150
2 20 14
43 15 28
0 56 85
4 13 89
0 52 78
1 10 28
0 24 167
2 55 179
4 0 176
49 22 145
0 56 136
3 25 153
0 22 84
45 19 194
0 44 10
1 33 51
5 40 170
33 14 20
0 47 176
75 46 136
3 32 159
0 36 16
0 13 157
2 43 184
8 42 96
35 23 67
0 36 157
1 33 187
0 56 57
3 29 158
3 31 31
2 47 151
42 37 70
1 44 7
359 37 27
15 46 17
754 30 66
1 31 160
0 27 200
0 15 179
1 37 87
2 38 186
0 7 75
23 12 188
2 7 110
0 48 124
0 45 181
3 13 152
0 17 186
42 21 30
84 54 52
115 9 187
0 58 34
1 50 13
6 34 180
11 51 35
0 10 179
0 32 125
10 15 74
13 17 197
0 58 131
0 2 99
0 13 82
0 18 3
12 16 162
1 53 123
0 8 78
3 9 95
4 43 174
34 50 99
9 59 113
0 52 126
1 28 67
4 6 87
2 18 137
101 11 36
0 55 124
1 25 8
4 27 40
6 13 4
0 51 109
0 54 70
0 49 161
0 13 189
43 55 33
1 48 68
12 59 136
0 51 197
0 38 188
15 18 72
0 38 101
9 4 181
0 31 133
3 1 142
0 18 126
1 58 19
1 20 57
4 25 85
19 29 113
516 33 183
11 32 137
1 3 180
1 30 23
9 47 2
0 1 122
2 21 133
6 12 29
0 41 3
0 11 158
14 52 79
2 46 72
6 3 89
0 51 156
146 14 155
136 43 93
9 24 67
1 25 141
10 25 89
76 11 7
0 40 152
141 25 22
148 56 28
0 37 54
396 29 179
0 46 190
25 4 88
0 2 73
0 13 171
3 29 98
0 8 158
2 51 62
2 43 196
0 1 39
3 0 101
51 25 168
1 28 182
0 38 143
22 27 38
31 43 79
0 2 145
18 18 123
0 10 18
0 9 2
4 20 49
8 0 58
0 33 96
13 25 147
0 28 194
6 21 43
0 55 127
0 17 42
0 58 16
15 43 18
0 1 92
0 14 193
1 0 127
0 3 70
0 0 2
1 41 25
0 7 79
22 15 53
0 38 97
22 59 57
0 14 13
0 9 11
4 46 179
2 40 85
5 59 13
3 31 159
132 28 5
0 40 135
15 3 3
131 42 185
4 33 176
8 55 147
274 12 152
0 31 125
116 44 175
53 46 179
34 9 171
8 0 134
0 15 176
0 32 58
13 53 166
13 38 130
2 39 15
2 30 94
9 55 82
130 24 142
0 53 75
0 40 130
6 12 161
1 40 11
0 9 53
0 22 152
12 54 199
1 28 6
1 38 72
0 1 186
0 11 163
13 46 97
0 45 140
4 43 103
8 39 7
0 19 78
0 18 43
2 35 68
2 4 134
1 12 16
0 37 24
67 0 40
2 57 50
122 51 197
23 6 102
2 8 181
1 23 136
0 8 84
0 28 3
61 50 59
0 4 18
0 37 108
1 44 180
0 39 93
0 49 65
0 59 115
0 55 145
1 16 149
0 53 86
2 3 88
1 2 178
0 34 61
0 50 73
6 1 28
47 35 135
3 7 8
0 16 199
2 38 143
357 38 45
0 34 185
0 21 148
3 4 12
21 38 23
0 40 73
252 22 132
35 26 17
0 15 94
1 1 6
1 18 69
5 32 122
12 29 125
0 1 149
1 24 13
54 9 60
49 15 153
69 26 85
2 12 163
19 47 103
2 5 52
1 16 3
22 43 3
1 13 10
36 52 113
0 30 10
0 59 185
1 17 98
20 53 144
6 59 36
5 27 146
119 53 34
0 10 149
0 27 72
5 10 190
6 51 179
14 37 153
0 16 5
3 47 37
0 36 186
3 32 59
0 24 181
0 28 80
4 8 77
0 38 133
1 20 180
0 29 136
49 10 189
0 21 13
4 2 86
2 46 119
64 21 60
0 21 26
14 52 21
0 30 191
32 31 64
1 34 59
1 58 7
0 12 86
0 9 82
48 26 150
0 9 87
3 37 128
3 25 10
0 39 111
27 1 100
4 48 89
249 6 53
0 18 27
14 48 107
19 23 46
9 51 93
2 6 152
0 17 194
6 44 157
0 47 55
1 28 139
668 55 181
12 28 51
0 58 132
0 28 187
0 58 109
1 9 158
19 13 64
0 50 173
660 45 16
3 10 89
3 24 197
101 41 106
1 15 170
0 37 20
0 47 53
1 24 134
3 50 193
10 4 49
0 38 197
0 1 49
10 8 83
0 50 7
2 32 188
1 4 141
11 59 126
6 52 83
1 53 191
1 51 31
0 14 126
10 19 24
4 14 44
0 6 116
0 9 197
7 56 188
1 51 180
0 7 154
22 46 6
0 49 86
190 14 52
0 39 100
2 24 22
0 37 117
29 48 80
0 25 140
0 22 56
2 35 45
0 53 50
1 9 81
0 33 15
3 50 52
0 43 99
5 17 53
10 47 132
1 38 46
3 53 190
0 21 197
0 34 15
2 42 184
3 14 20
65 6 76
1 53 127
5 36 1
0 45 172
7 2 182
7 14 190
93 34 105
0 22 184
0 38 1
14 57 75
106 41 104
0 58 51
7 13 90
3 2 162
0 41 78
2 15 172
0 2 196
1 55 15
0 36 41
1 43 86
0 5 95
1 47 92
38 4 139
0 15 100
4 4 16
0 37 77
50 2 65
3 38 89
1 25 181
3 28 52
705 20 167
1 29 48
8 20 23
0 18 93
306 23 53
0 51 122
0 21 20
1 34 175
0 46 80
0 36 45
51 34 179
1 16 196
22 59 21
0 33 126
2 35 172
21 18 168
0 21 197
0 38 7
44 8 176
214 57 32
0 23 27
11 34 154
0 26 78
1 35 126
1 43 200
75 49 58
2 58 185
293 24 133
0 11 177
4 59 90
3 33 49
0 23 162
0 34 181
0 54 99
9 1 184
9 46 130
0 1 2
103 37 143
5 33 100
1 3 16
3 9 173
1 24 121
2 24 139
271 13 31
1 40 75
0 56 56
0 43 111
2 50 132
0 22 73
3 5 116
2 40 74
248 53 139
0 26 27
0 25 60
2 18 153
1 6 39
7 50 61
2 16 46
34 50 135
45 14 168
3 32 65
5 42 166
0 49 159
11 16 30
160 20 104
11 3 190
0 23 58
688 12 8
0 4 161
1 52 92
0 7 144
2 58 42
64 23 22
22 13 68
1 29 135
0 7 33
22 46 61
4 31 140
4 13 30
0 21 173
0 8 108
3 59 180
0 35 2
0 22 126
2 30 128
31 55 118
5 8 35
489 18 26
4 18 24
2 24 182
22 12 130
2 58 81
37 24 151
9 48 71
0 40 60
22 13 21
0 24 8
5 0 157
41 4 192
7 56 111
23 12 18
60 23 26
0 50 164
1 3 29
5 57 166
1 7 169
0 0 42
58 34 158
31 55 64
0 26 12
5 56 62
4 21 11
1 50 57
0 43 33
0 33 148
16 12 130
0 19 32
269 40 110
39 40 153
0 11 145
11 38 106
2 3 186
0 23 191
0 33 49
39 19 169
2 9 154
19 28 74
15 3 164
7 8 123
24 54 22
287 17 158
0 23 153
0 40 46
0 55 100
0 43 63
5 41 28
0 5 131
8 20 93
0 12 67
0 6 107
175 43 158
96 16 134
12 35 200
3 14 142
10 38 87
6 19 129
44 39 5
0 34 65
0 56 140
14 13 34
56 40 25
22 48 126
2 29 198
12 24 104
29 46 57
0 28 3
22 12 109
1 0 6
0 25 3
0 1 121
4 16 78
0 5 200
1 23 121
6 15 61
2 31 25
2 37 111
0 2 90
7 45 144
0 27 96
0 5 117
2 45 24
2 2 169
0 39 17
21 38 15
19 22 187
0 19 188
6 14 183
7 23 55
1 30 194
0 20 40
5 3 51
59 4 68
1 54 168
2 23 200
201 34 55
0 25 168
6 13 110
692 10 99
143 51 109
0 3 17
3 4 83
0 18 172
133 21 114
0 32 131
2 24 88
3 6 132
0 12 44
0 13 78
12 18 20
36 22 159
14 15 90
5 47 9
1 52 135
4 44 37
4 11 144
4 31 6
0 59 138
1 49 88
0 13 176
7 12 45
0 17 23
0 32 11
0 22 17
36 13 98
4 26 175
1 22 191
0 29 96
12 54 53
5 39 13
72 16 179
0 45 53
0 24 75
0 29 107
1 22 90
53 22 92
307 6 130
0 7 89
2 32 196
0 45 15
0 44 68
4 45 68
2 15 73
147 0 17
0 8 86
11 33 1
2 1 92
2 15 68
1 40 92
0 22 61
0 12 97
10 59 143
44 4 12
0 8 139
1 51 148
0 59 81
9 2 14
0 19 126
22 8 15
14 20 112
0 15 120
0 42 77
3 45 13
1 10 179
0 14 192
0 3 1
768 26 69
2 57 195
0 41 152
2 34 63
1 21 38
3 53 28
0 40 79
214 25 183
8 2 192
0 36 98
88 49 178
0 56 128
0 11 122
5 16 130
7 28 29
92 26 170
2 11 189
0 28 14
0 56 172
200 11 62
0 29 24
0 46 181
0 44 38
22 37 95
2 57 23
12 55 14
5 24 86
3 36 24
5 10 98
1 52 182
0 44 126
27 49 51
70 22 157
141 7 157
637 5 33
6 17 139
95 9 20
0 6 66
83 5 121
0 39 104
0 48 96
5 48 49
16 36 80
18 24 130
0 59 185
0 21 81
1 11 50
0 29 5
0 4 18
0 50 154
0 45 193
0 51 52
6 49 93
0 1 110
17 12 10
52 35 191
1 24 38
1 24 135
0 4 28
1 39 175
784 11 160
3 58 117
0 32 191
0 24 184
0 18 177
0 27 113
1 7 16
0 36 168
18 32 159
0 20 112
164 45 20
0 51 70
0 44 115
3 4 22
197 52 66
30 14 112
137 17 85
0 2 1
1 59 69
31 58 57
6 14 114
8 31 93
115 58 117
39 22 91
71 29 102
74 53 81
0 35 154
2 19 148
2 39 76
13 45 70
7 22 190
5 27 167
2 56 119
0 12 155
2 42 129
20 46 101
3 21 103
1 21 7
0 17 62
1 18 73
2 52 109
19 24 168
0 47 38
2 44 54
0 7 101
64 3 47
1 42 24
0 49 35
4 50 155
2 37 183
5 22 131
0 52 180
0 57 151
0 49 96
3 55 43
1 3 116
0 33 115
129 24 90
3 42 178
0 40 102
374 0 193
0 50 181
6 32 97
0 32 45
0 26 24
0 47 58
2 11 5
0 58 113
1 54 95
3 3 157
7 23 130
10 38 183
0 32 144
6 10 170
131 40 79
16 45 11
36 31 110
4 48 189
2 15 82
0 48 160
36 39 144
1 30 26
6 41 4
0 32 46
9 54 183
2 51 170
0 23 115
0 44 65
9 23 191
0 3 82
62 7 74
408 8 102
1 20 25
0 15 123
0 14 95
17 15 19
0 5 80
0 17 48
0 10 82
35 6 23
2 6 100
11 36 139
18 1 118
8 7 196
6 52 144
0 59 98
5 28 175
9 22 185
2 28 123
1 16 81
11 57 79
0 2 29
4 7 154
26 38 22
2 10 106
1 0 24
0 34 129
1 14 156
0 16 199
12 11 36
0 56 70
0 45 186
3 29 89
22 39 174
6 47 166
8 33 9
3 1 92
0 25 147
0 33 80
0 33 100
2 14 160
5 35 136
18 34 158
18 22 149
1 30 108
0 1 161
54 1 36
2 14 24
0 35 75
8 10 110
0 2 102
43 12 161
1 43 59
24 47 186
0 50 199
10 59 178
1 38 155
0 12 128
17 45 10
0 38 186
51 23 85
10 16 63
0 11 181
10 16 14
2 14 67
5 4 185
0 43 84
2 33 28
0 0 15
47 2 33
0 17 139
0 5 4
0 24 82
0 22 151
4 48 95
227 11 193
6 34 40
2 23 107
1 28 109
4 9 198
9 13 8
2 44 179
0 30 172
101 11 188
6 28 189
1 41 160
0 20 73
90 49 152
109 20 85
64 2 193
4 39 13
3 20 97
9 49 129
6 53 4
5 22 197
49 22 199
2 15 174
2 20 25
0 19 43
0 12 24
0 42 95
0 5 159
3 23 67
0 40 185
22 47 70
20 59 103
741 51 177
33 47 166
0 52 124
73 39 50
16 34 27
64 7 143
0 24 163
0 32 162
71 36 67
22 7 198
29 18 55
17 45 17
44 2 153
8 25 2
3 22 44
0 19 73
7 20 168
34 22 92
0 42 51
0 23 158
1 45 54
0 22 113
0 32 160
1 59 152
3 31 56
2 39 118
9 5 109
0 48 25
2 1 119
1 27 195
3 25 190
2 54 117
6 52 40
181 3 187
43 53 2
2 40 193
15 44 176
1 13 95
2 57 16
0 18 98
9 54 178
0 37 23
3 30 40
0 46 181
0 8 146
1 58 68
7 25 144
0 1 29
2 30 170
0 29 2
5 12 55
7 29 94
32 20 131
2 12 194
0 3 62
2 43 132
1 22 155
4 11 182
4 28 4
4 41 99
26 58 10
0 8 143
0 53 16
1 3 190
1 57 45
384 10 150
1 13 15
0 58 1
131 29 41
9 31 135
1 23 197
1 48 80
343 52 189
0 37 138
0 11 126
3 35 124
1 2 118
13 5 140
1 12 130
0 19 93
0 38 118
3 3 122
7 10 154
4 7 12
0 52 128
2 47 5
6 32 10
23 49 2
53 51 180
4 59 64
1 53 9
7 47 195
43 16 73
1 44 172
2 16 33
723 48 15
0 42 170
2 25 110
1 3 136
55 22 178
0 19 157
0 9 164
2 51 103
9 4 75
0 9 198
0 25 54
5 34 23
12 35 38
0 41 147
0 15 127
0 10 15
1 47 12
1 37 162
0 37 7
18 22 132
1 53 133
0 24 187
0 38 32
3 42 109
5 29 109
59 7 76
0 50 63
0 10 66
0 35 109
0 51 45
3 20 95
81 55 86
12 9 26
82 17 10
1 0 173
0 12 107
2 1 13
0 23 82
0 56 152
47 32 189
110 13 113
0 24 169
1 44 65
1 33 169
14 15 47
1 51 23
148 53 128
75 40 160
0 20 117
221 3 172
7 53 133
0 43 145
8 47 93
0 25 86
25 25 20
27 43 18
0 1 115
80 1 184
319 41 142
5 48 99
33 47 82
377 59 73
9 16 122
4 20 138
0 6 12
0 16 27
57 48 198
0 34 56
389 9 4
60 28 31
2 26 5
46 12 58
0 24 104
11 4 25
13 44 190
1 15 170
0 13 130
1 18 52
1 34 106
2 27 35
4 32 27
1 36 94
7 10 98
0 2 136
0 26 199
15 52 109
0 36 92
28 33 43
26 43 67
0 5 177
1 53 153
0 43 57
0 35 174
172 3 44
4 5 165
0 24 66
0 19 174
16 51 128
3 50 118
0 2 103
38 27 200
43 8 105
39 59 183
0 24 153
358 40 51
0 8 78
0 55 197
8 24 149
17 53 124
12 30 85
3 12 131
2 47 124
94 8 68
0 42 149
0 24 23
1 22 135
0 53 30
0 29 72
0 11 56
0 35 173
0 37 140
0 3 172
23 7 87
0 59 6
0 54 58
39 50 81
0 18 100
4 43 21
1 1 40
17 10 180
0 28 191
20 18 154
8 53 189
0 46 166
41 19 200
0 5 70
24 35 75
654 45 40
49 28 40
0 1 136
324 0 199
2 28 152
3 33 194
1 29 25
3 38 167
3 7 132
1 19 41
1 11 60
6 24 194
3 15 177
4 58 78
12 0 148
44 56 161
14 48 192
0 34 111
78 45 62
3 36 33
6 21 66
34 6 53
1 14 21
0 58 4
4 38 67
1 27 172
1 11 140
7 3 133
749 29 96
4 33 200
1 54 194
8 22 167
0 35 30
3 50 71
0 18 62
8 36 141
0 24 69
0 46 40
0 35 103
0 24 173
23 11 12
0 30 70
1 7 79
2 56 23
2 23 151
0 30 57
4 30 78
15 45 63
36 27 14
5 13 190
1 4 191
88 2 135
0 17 42
1 48 116
0 30 186
2 14 13
6 27 19
0 35 83
1 45 191
125 34 55
177 46 101
25 14 167
1 58 177
1 0 131
1 55 95
18 35 55
3 44 37
80 14 149
29 21 184
1 28 171
1 57 154
476 9 132
3 4 122
14 36 113
0 42 68
0 36 80
6 8 135
2 3 171
11 2 124
0 29 175
10 55 46
0 15 34
32 3 23
14 34 170
7 54 48
74 4 156
0 26 124
0 58 43
1 31 175
0 6 28
0 56 79
4 45 72
3 11 53
0 11 185
0 17 95
52 30 84
358 20 108
43 21 113
0 33 58
9 2 55
0 29 52
0 48 188
0 53 72
2 40 141
1 23 148
10 52 157
0 54 51
5 49 15
4 7 181
11 20 155
0 58 41
435 34 87
0 30 126
1 19 183
0 33 78
0 28 159
27 49 18
0 13 139
0 34 160
6 48 68
3 13 187
31 37 59
97 29 83
5 24 135
40 51 19
10 0 167
1 16 84
1 43 22
2 33 58
0 46 132
0 19 171
1 55 43
355 40 59
2 12 120
3 38 83
20 41 177
0 27 142
244 18 125
0 35 90
0 39 40
9 45 76
14 34 53
19 11 28
70 17 137
0 43 107
1 53 90
0 30 172
5 18 42
0 48 83
6 17 68
0 22 35
0 43 55
41 25 3
2 3 164
5 41 108
0 40 196
91 33 55
0 31 67
0 42 161
0 36 134
1 42 196
5 2 117
0 23 122
187 4 88
0 56 12
95 11 192
1 28 138
1 10 60
53 42 110
13 34 64
16 5 163
0 18 185
2 48 81
6 10 64
410 43 146
15 22 156
3 32 42
1 21 111
8 20 115
0 35 4
0 47 141
6 5 59
3 56 79
7 34 71
7 7 57
0 54 61
216 15 196
0 56 148
0 42 84
186 31 70
0 30 185
2 6 189
0 28 63
123 14 33
0 27 3
0 57 171
0 10 168
11 56 183
8 55 140
0 37 99
0 21 68
96 1 97
0 27 141
1 34 200
4 25 147
0 55 42
1 41 91
2 30 175
0 55 28
5 19 143
0 1 100
0 36 96
2 47 88
0 47 117
47 4 106
1 18 154
0 29 120
30 13 156
0 59 94
155 30 107
0 11 16
1 10 7
4 0 151
0 28 71
0 20 173
4 20 36
49 34 147
4 31 127
0 56 107
0 17 83
2 28 66
1 11 81
1 2 45
9 55 62
36 10 172
0 27 176
1 40 42
0 13 166
0 40 41
0 21 185
2 23 145
5 32 194
4 38 150
18 11 98
2 35 176
2 3 44
18 18 107
8 43 11
0 50 90
39 25 200
0 17 52
11 18 117
20 35 132
4 11 28
54 31 129
20 23 12
2 27 84
19 21 183
8 43 134
0 31 21
1 8 171
4 18 198
2 49 184
1 5 153
0 49 126
47 41 154
0 26 144
0 13 89
3 48 55
0 59 50
1 32 158
0 57 136
27 30 170
0 20 8
2 27 179
0 8 141
1 0 108
4 40 71
1 48 71
0 33 54
14 39 117
0 24 99
6 39 57
35 19 42
1 12 90
2 46 77
0 38 30
563 38 13
1 52 134
4 23 105
163 57 35
0 54 149
5 8 15
1 30 94
1 28 80
53 23 24
8 48 115
2 15 155
0 13 135
1 18 29
4 47 141
3 31 121
395 7 14
1 26 53
48 49 1
0 54 106
402 31 187
0 46 136
0 5 12
0 3 52
2 26 99
5 37 154
0 59 20
2 16 62
0 44 157
1 2 145
262 48 27
546 20 147
30 24 145
0 35 44
31 50 174
3 55 131
0 46 149
4 12 15
22 30 118
8 41 147
13 19 9
1 59 26
1 42 7
1 58 51
0 24 200
17 40 136
0 27 96
16 12 15
23 47 127
0 26 63
263 19 152
127 49 85
0 51 70
0 27 133
45 29 45
0 5 61
0 58 170
1 51 83
0 5 145
0 7 75
1 43 93
0 36 148
0 22 76
4 49 2
461 19 167
1 14 97
8 7 55
223 43 158
0 16 145
29 36 75
0 17 118
0 2 82
0 23 35
40 15 134
2 37 48
60 18 67
0 34 53
2 45 67
3 28 48
1 51 116
0 6 38
12 11 109
149 14 171
2 43 191
3 10 28
2 54 174
0 6 141
0 11 175
2 28 48
7 41 5
0 29 149
0 55 9
4 6 118
15 42 27
63 50 103
0 54 172
0 19 93
547 39 189
0 49 113
4 45 76
3 28 25
1 13 71
3 46 99
0 22 125
1 20 47
8 41 64
1 40 99
33 9 169
2 49 11
5 40 66
12 43 153
8 6 67
0 10 31
0 42 74
0 44 178
0 35 143
0 55 176
3 33 193
7 8 61
94 18 153
16 28 93
7 12 100
41 28 1
0 45 173
2 52 40
161 17 172
0 45 196
0 9 1
4 31 125
352 3 30
3 26 30
1 59 79
1 55 78
7 47 97
11 2 11
0 7 76
0 27 154
13 22 118
21 52 45
3 24 144
0 12 18
0 48 35
1 31 197
0 26 72
2 40 66
0 20 172
106 59 196
0 45 86
13 10 114
0 53 160
0 26 125
1 2 152
27 55 9
1 48 172
0 57 109
5 35 94
1 22 59
1 17 172
2 2 11
2 34 83
0 33 37
0 16 194
0 43 69
0 40 106
0 33 16
3 17 7
0 55 92
2 51 107
6 39 176
0 49 89
13 40 158
0 12 112
2 22 76
0 41 133
2 26 169
28 31 49
3 58 157
0 56 139
0 48 95
0 21 14
1 47 156
1 44 71
0 45 108
22 9 150
4 41 155
0 47 125
31 57 88
0 38 170
5 14 192
0 2 147
8 1 168
1 6 183
0 40 123
2 6 35
84 58 88
0 19 199
61 33 93
0 41 33
2 5 70
3 11 74
48 30 170
0 48 84
2 21 42
0 56 188
17 56 88
0 10 112
0 2 33
1 52 174
0 25 131
3 11 43
0 6 100
102 41 127
0 49 103
187 24 190
4 6 14
4 25 61
0 2 22
1 32 63
6 28 134
0 59 83
1 13 156
3 44 135
11 36 172
1 36 75
0 41 166
4 31 194
4 31 34
1 11 122
13 49 98
1 34 142
5 10 57
38 56 198
7 3 1
19 0 43
3 8 170
0 7 81
32 12 74
0 39 148
1 55 2
2 30 97
1 10 108
1 10 180
49 8 97
18 57 98
381 56 113
0 33 121
0 2 141
22 6 46
5 6 165
1 27 65
3 9 171
0 41 1
0 28 182
0 39 41
4 48 157
0 43 158
20 39 40
0 40 79
20 17 151
1 23 184
6 57 180
0 12 84
98 4 4
1 42 154
1 37 167
44 39 165
0 10 191
443 37 195
0 17 25
0 23 69
5 13 121
344 13 88
1 52 156
2 33 3
338 58 113
3 39 74
0 31 173
0 36 69
396 50 49
0 34 192
5 8 83
3 57 103
2 32 79
330 34 6
0 41 55
4 7 174
5 19 110
0 0 12
20 36 27
17 19 122
0 59 85
560 51 63
5 12 131
6 39 172
2 0 146
0 33 81
19 39 89
0 33 62
1 27 173
5 7 196
0 17 33
0 32 145
69 50 60
0 52 7
0 38 153
0 22 79
7 33 66
0 2 138
17 20 124
4 25 133
0 6 16
0 30 108
0 36 89
373 40 108
78 53 191
2 24 106
29 50 122
0 23 42
0 54 35
770 11 42
5 52 51
0 48 49
34 2 129
107 41 8
8 4 164
0 54 152
6 8 195
0 52 154
1 38 83
12 52 11
0 7 84
3 31 53
26 29 180
584 55 140
1 58 110
10 21 200
0 15 13
1 2 133
14 26 126
51 19 174
3 39 113
0 31 104
49 4 76
0 48 171
28 29 183
0 27 76
20 7 94
0 26 171
0 24 60
16 4 2
8 18 141
0 32 32
0 28 34
27 7 5
3 45 88
5 59 173
14 18 65
5 32 2
3 59 55
0 10 52
3 43 88
12 14 194
37 27 22
15 23 89
0 36 197
7 54 136
0 27 144
0 20 31
0 53 110
1 22 79
0 27 175
2 38 194
1 26 147
476 28 27
6 21 175
0 45 186
155 37 83
0 17 85
26 40 194
361 14 129
19 11 177
22 41 192
0 35 64
16 34 26
5 5 108
131 15 24
0 19 61
0 34 46
2 5 29
45 45 77
19 27 28
1 38 1
0 35 10
138 17 98
115 58 28
0 13 118
0 39 76
0 50 84
2 30 24
7 34 195
15 2 37
23 55 108
4 18 129
2 36 109
1 31 101
1 4 155
0 39 45
1 50 142
1 13 179
0 56 67
0 51 71
43 46 180
110 38 77
0 54 55
164 27 42
17 5 30
0 49 82
194 6 132
1 42 42
1 14 65
0 13 169
0 2 189
1 14 104
0 50 178
21 19 175
0 41 155
0 23 85
0 45 18
13 42 150
0 5 13
1 49 81
79 36 99
1 29 41
3 8 57
57 29 101
93 48 146
0 4 175
18 56 200
0 59 80
3 59 141
1 14 156
91 26 165
1 31 90
1 35 87
3 26 145
6 51 119
2 55 153
0 53 194
0 53 119
14 48 185
2 6 59
2 26 28
0 20 197
20 50 199
55 47 70
6 58 17
28 15 88
2 4 122
18 3 190
304 21 116
1 54 66
0 6 137
51 54 21
30 5 160
2 12 50
0 16 141
326 23 74
0 50 116
15 11 108
8 0 22
0 23 168
0 37 30
16 9 153
4 40 113
87 34 176
0 11 13
1 48 196
0 26 23
0 50 147
334 23 104
2 0 130
161 44 84
1 42 106
0 48 192
3 5 183
15 12 82
0 39 63
1 22 59
1 7 79
0 38 127
0 48 83
55 14 13
14 11 180
20 34 199
6 38 196
16 15 111
1 0 130
60 58 139
37 22 172
81 14 103
1 58 157
28 24 149
0 34 53
4 1 170
1 27 119
3 57 9
6 21 50
6 55 161
0 2 101
5 37 160
0 47 122
0 27 48
1 25 145
2 9 56
143 11 18
0 22 43
0 28 7
3 31 30
1 47 130
4 1 87
26 7 155
0 26 14
5 1 161
3 18 193
0 46 179
2 19 159
16 55 133
136 49 2
3 26 65
762 51 103
4 47 163
8 35 200
235 11 151
0 15 156
319 33 16
0 54 11
1 37 124
6 58 30
24 24 38
1 3 124
4 15 180
1 52 33
0 15 194
8 12 199
1 32 107
30 34 132
8 54 60
0 7 113
0 35 41
3 2 145
0 46 84
0 4 154
2 31 98
3 22 142
21 50 172
1 2 149
0 8 83
1 23 108
3 48 39
2 36 75
168 44 170
4 45 100
0 34 147
65 39 26
6 31 91
0 22 7
769 39 69
0 54 29
19 51 44
1 45 72
0 51 19
45 2 59
0 32 97
1 17 32
0 4 54
4 3 149
0 52 16
1 18 102
11 3 71
20 25 27
0 39 84
10 49 174
0 7 75
0 47 13
0 23 149
0 45 54
3 18 61
49 5 138
9 58 127
672 28 114
14 6 136
13 4 161
14 12 55
16 48 70
599 12 37
7 2 54
0 18 49
18 32 36
16 21 133
1 32 10
0 50 173
20 31 62
169 21 107
0 3 126
0 9 131
0 51 108
5 16 164
576 45 172
1 19 198
0 32 124
2 46 147
0 58 64
43 44 134
0 57 176
5 1 197
16 53 131
0 54 72
18 37 98
1 48 84
78 23 22
8 53 21
0 22 82
1 47 194
8 34 44
0 41 189
0 31 50
3 50 162
2 6 60
235 34 30
4 51 102
12 38 4
0 28 78
0 49 76
1 22 155
39 44 129
10 25 175
533 11 199
8 0 68
72 17 27
2 7 28
0 50 42
4 45 83
1 28 29
3 43 142
1 43 77
0 42 175
0 38 19
23 43 198
55 6 70
2 55 11
0 15 136
31 45 24
2 42 129
0 18 110
470 50 174
26 33 75
2 53 33
51 57 175
1 38 89
0 22 2
4 27 75
6 3 42
114 41 18
1 16 51
0 25 48
0 41 134
3 42 199
0 16 7
50 55 44
746 45 122
58 0 128
0 19 141
3 59 164
11 45 21
0 39 125
0 45 45
365 3 109
0 0 146
0 29 200
0 21 121
3 18 96
1 52 157
1 44 142
73 54 104
3 26 150
0 9 66
127 18 62
4 27 197
3 14 12
11 43 25
0 39 183
6 49 108
0 16 15
62 33 153
2 1 191
1 21 6
0 39 71
17 46 164
0 59 59
25 55 17
1 28 100
12 42 123
1 0 182
0 1 11
0 7 176
1 44 187
3 51 6
1 40 15
1 41 71
30 5 58
0 51 198
30 19 25
6 7 23
0 29 180
0 17 14
2 13 129
9 23 4
3 16 140
123 8 9
0 21 80
0 14 121
4 19 45
0 8 15
0 1 167
0 46 178
11 14 78
6 26 174
3 58 139
6 14 90
1 45 136
0 25 195
2 5 13
0 8 121
0 17 5
44 36 48
0 37 22
5 15 72
0 31 67
0 36 187
5 41 159
1 14 85
2 23 133
3 21 11
0 59 191
37 18 48
1 49 77
6 28 104
1 59 166
72 50 39
19 6 41
10 43 5
1 5 148
3 31 103
0 14 23
56 2 120
433 15 62
153 2 78
3 13 56
0 2 129
0 50 31
0 43 102
6 54 74
34 47 51
0 44 76
10 57 88
1 56 151
88 22 61
151 45 79
0 46 22
0 15 47
0 58 146
1 54 186
19 44 184
0 55 74
2 18 109
0 7 39
3 13 186
0 4 137
3 32 119
56 14 118
3 3 160
0 4 66
0 37 11
0 31 198
1 40 39
1 35 105
35 34 171
0 45 111
16 37 124
0 54 11
19 19 30
0 9 128
1 17 21
5 53 63
0 10 157
13 46 175
3 21 146
0 33 23
0 45 46
7 41 26
0 30 100
2 34 75
0 4 162
0 40 134
53 6 9
5 27 109
34 56 51
13 53 172
5 31 182
64 6 132
47 20 173
1 48 172
0 28 31
641 47 122
0 29 34
1 40 78
36 2 174
1 26 119
11 27 186
24 6 61
23 22 84
0 9 78
35 0 5
1 27 192
128 46 18
3 2 23
12 43 19
79 3 161
0 11 182
2 12 112
0 19 125
26 43 14
0 39 29
447 36 65
1 31 41
8 8 80
0 56 142
3 7 136
0 27 60
79 11 3
1 19 6
0 18 125
37 40 2
0 11 172
2 6 134
122 41 68
1 35 198
70 2 181
10 57 9
149 28 74
0 15 119
2 53 110
60 29 153
17 40 179
63 5 99
0 26 28
1 43 97
4 17 14
13 34 125
0 45 4
0 59 38
12 8 85
3 6 24
0 26 94
1 33 15
1 32 73
10 23 147
0 27 27
0 0 86
0 12 6
463 7 188
0 38 4
10 20 109
7 57 150
0 46 32
382 32 8
2 7 31
11 37 190
46 53 2
1 16 182
296 19 59
1 41 136
4 50 182
2 59 170
77 46 47
1 30 111
0 16 126
1 45 160
72 1 106
8 2 121
65 26 15
3 12 56
1 7 181
0 23 156
1 25 83
0 24 172
0 7 142
0 26 58
1 40 83
1 59 188
2 28 31
0 4 77
1 46 140
231 15 26
3 32 158
6 11 62
1 2 177
7 57 60
6 8 13
9 10 165
19 44 109
1 33 174
0 35 182
66 19 122
0 3 59
9 25 56
0 54 165
4 38 2
20 10 178
0 26 44
10 3 53
3 57 105
197 25 128
2 53 107
3 47 198
1 7 112
0 19 100
30 3 8
1 46 31
5 50 71
32 40 69
22 58 109
398 10 93
6 34 69
0 22 54
0 38 194
1 54 147
6 29 172
1 9 192
9 57 160
0 39 66
2 33 139
1 29 161
71 27 181
1 30 18
236 42 199
14 24 122
0 8 70
0 21 110
0 19 139
0 8 36
13 2 95
3 32 107
1 49 162
9 51 40
4 25 126
4 49 63
0 53 129
1 20 17
2 58 62
1 1 114
0 36 43
2 49 96
0 42 57
104 50 54
7 50 153
0 35 123
686 16 47
0 8 12
0 9 106
17 31 53
3 9 119
0 39 136
71 59 53
0 3 180
32 46 118
25 54 40
0 2 103
22 23 33
0 33 188
0 11 82
48 57 132
0 39 36
2 3 124
0 47 81
83 15 192
9 52 174
2 38 176
0 18 184
1 58 40
6 20 189
0 59 19
75 36 6
26 54 193
7 40 86
4 16 42
67 4 124
0 40 77
0 1 113
16 49 166
0 56 133
0 51 57
16 55 15
0 41 184
6 48 49
1 11 158
321 35 29
23 16 26
105 2 135
4 15 167
17 16 53
1 37 86
3 43 74
4 31 177
1 21 131
0 14 59
0 51 150
61 33 122
1 52 70
1 57 17
0 57 96
1 33 125
0 16 133
0 1 154
81 52 67
26 59 4
0 45 94
14 9 193
1 12 35
0 59 30
0 13 45
1 27 174
16 13 161
25 48 78
1 37 186
1 2 68
0 16 114
2 29 157
0 6 196
0 58 35
0 21 178
0 7 50
5 5 147
3 24 45
0 8 146
0 19 63
1 58 34
1 29 40
0 5 67
0 34 175
6 21 128
0 59 23
3 24 10
1 50 174
38 27 14
49 49 57
29 10 155
1 6 61
143 16 152
2 26 165
3 2 52
0 45 19
29 58 188
96 13 12
25 43 115
1 47 71
12 13 44
0 15 54
0 52 117
4 49 96
0 58 47
7 19 105
102 28 1
0 0 8
5 31 152
20 3 76
0 29 24
364 41 84
10 34 2
0 15 14
0 41 197
0 18 150
36 48 160
3 42 12
0 15 23
5 13 88
6 57 46
3 36 68
0 34 92
0 45 112
1 29 197
1 22 76
1 48 167
0 44 114
0 10 7
0 2 100
10 43 157
6 35 170
2 27 154
1 47 188
5 20 190
4 48 95
13 5 109
0 14 69
107 17 168
1 36 184
31 25 166
73 58 192
2 32 191
1 15 92
2 1 79
0 8 51
1 49 80
0 18 70
0 28 38
1 48 78
0 2 126
34 11 142
0 57 27
0 8 89
0 19 156
4 45 190
0 59 173
4 34 78
0 16 64
0 40 127
2 25 64
24 10 135
4 41 150
0 43 158
0 5 105
1 28 90
23 55 77
1 13 150
0 42 29
3 10 176
0 56 114
0 55 28
1 31 98
0 17 55
4 27 22
8 23 109
53 16 11
15 1 185
90 34 139
141 34 30
0 29 106
0 34 43
2 7 114
0 54 148
105 3 158
253 49 179
1 38 70
211 38 28
0 51 122
7 39 173
8 57 23
6 25 141
0 23 89
20 26 192
5 22 105
0 25 42
3 46 16
8 16 194
111 14 87
0 41 71
0 9 22
0 28 196
0 12 97
131 29 190
4 18 3
1 57 193
7 4 118
58 29 57
81 18 80
0 13 119
0 1 21
1 28 160
0 43 161
0 51 171
2 51 62
3 53 37
0 16 110
346 55 125
124 45 136
0 14 183
0 50 120
0 0 21
12 44 14
18 49 153
70 32 5
2 51 118
2 9 23
6 30 99
1 43 169
9 29 99
2 25 105
4 52 83
2 27 91
72 53 95
0 47 37
11 12 42
1 58 200
1 42 93
383 9 107
18 34 64
2 34 54
1 4 115
1 5 174
0 49 197
12 43 13
32 30 133
4 49 81
31 4 16
0 9 156
95 32 59
5 19 153
0 20 200
0 40 12
6 8 156
0 25 90
0 58 185
38 6 27
21 8 3
0 17 46
2 15 29
16 59 39
0 46 189
0 47 178
0 37 76
0 25 5
20 48 88
0 26 119
0 47 89
1 11 189
0 55 111
52 12 107
2 38 131
0 44 147
4 44 136
218 47 8
4 52 135
0 52 141
1 47 161
10 1 153
3 24 55
11 22 198
2 17 120
12 4 61
0 39 117
0 28 135
1 43 173
0 53 41
80 35 189
66 54 60
1 54 91
0 32 35
266 6 12
0 23 173
31 8 151
3 15 72
41 2 99
0 25 65
13 55 44
2 7 41
1 8 57
0 1 71
0 4 200
0 53 82
0 17 104
1 37 155
7 31 85
22 49 138
307 6 72
0 21 75
344 57 200
1 7 145
0 40 62
1 46 24
0 2 167
0 10 131
3 24 42
2 25 185
58 33 105
54 59 188
0 36 58
25 20 54
4 15 131
1 41 155
94 1 123
0 46 194
2 13 27
48 12 90
1 9 21
229 28 154
7 51 189
0 0 159
0 53 23
0 3 98
0 19 58
6 20 12
0 1 108
0 0 53
64 26 48
36 23 127
73 8 8
635 19 110
15 51 87
2 9 62
12 58 24
6 54 153
0 13 69
21 40 45
0 11 115
0 57 178
23 2 174
9 47 171
0 26 19
4 2 83
58 28 57
0 36 23
0 52 6
0 6 98
0 50 130
23 52 147
4 23 14
449 2 75
0 0 168
8 15 115
1 49 92
162 5 169
0 32 186
20 30 190
4 30 88
0 28 122
0 43 117
0 49 124
1 41 37
18 42 113
89 27 29
0 18 148
1 28 6
3 41 167
0 59 13
14 42 145
117 6 55
7 46 80
101 43 128
53 9 74
1 31 47
1 43 136
6 49 124
8 54 96
0 54 145
0 16 87
3 46 68
31 58 91
0 51 24
0 6 176
1 49 190
44 49 136
0 44 27
0 22 127
2 57 180
0 47 160
337 25 170
2 37 32
0 0 135
1 51 153
5 16 69
0 36 111
0 30 103
1 23 62
0 15 137
53 13 184
1 34 102
5 58 32
16 25 177
0 44 9
0 25 193
1 22 1
7 2 137
7 6 172
22 38 196
2 8 29
8 9 88
0 1 2
3 22 197
5 20 146
8 29 172
69 3 161
3 45 6
0 4 42
2 29 46
0 9 157
0 35 139
1 54 199
24 41 40
0 28 1
39 14 101
31 25 186
2 39 42
322 39 196
0 42 91
7 35 180
7 3 124
91 24 125
1 32 14
1 56 140
6 48 108
0 53 26
646 18 86
0 8 99
0 39 99
4 27 154
565 38 194
0 35 43
79 14 179
1 36 172
13 10 192
1 19 157
0 14 11
100 11 29
6 58 100
0 25 193
123 21 51
0 38 125
0 10 190
47 49 144
14 0 37
4 29 61
0 42 102
34 43 26
0 52 2
75 22 146
5 31 115
0 39 63
0 10 161
7 44 190
1 11 115
0 37 168
225 18 36
3 2 153
43 11 62
0 6 77
4 6 16
0 32 47
87 46 44
8 59 43
0 2 165
17 53 115
6 37 78
0 35 24
0 4 14
1 8 187
1 59 174
69 31 144
0 22 26
1 46 80
1 14 160
11 35 37
2 41 196
6 46 37
61 55 94
565 2 76
0 6 30
28 43 177
583 23 75
1 39 132
0 17 18
1 25 195
0 39 92
652 41 142
0 51 122
0 52 76
354 3 198
0 38 26
2 55 29
2 15 180
24 24 152
0 16 55
1 37 40
0 34 97
1 46 158
0 31 19
2 40 67
159 43 180
547 53 94
0 7 158
0 14 25
1 4 119
5 59 58
3 50 73
0 27 159
25 59 173
80 6 192
0 39 37
1 28 55
9 36 44
19 38 153
1 41 85
19 35 113
0 23 23
1 31 112
0 4 51
0 8 27
2 46 153
8 16 80
2 4 189
6 22 82
0 0 15
0 32 53
8 37 123
10 24 67
710 15 53
129 9 42
0 51 160
0 51 64
23 54 148
0 46 83
1 19 44
34 1 166
68 29 66
0 21 19
3 16 165
0 22 29
20 47 55
1 8 83
322 26 114
0 45 7
4 40 65
0 32 173
3 38 193
0 8 177
333 21 122
22 45 161
27 57 146
0 40 13
0 41 5
74 13 177
1 54 86
0 5 198
3 28 52
38 47 106
66 5 194
3 7 119
0 13 134
11 58 97
5 1 155
2 0 77
0 7 52
2 21 48
0 17 185
0 43 71
0 25 109
0 34 62
112 9 184
1 7 24
0 20 110
14 56 78
50 3 24
0 27 160
28 53 97
3 11 118
6 17 181
13 14 177
11 35 145
0 32 90
0 41 165
291 19 133
3 11 8
6 16 30
1 46 36
2 54 15
19 58 42
47 16 99
0 17 179
1 49 28
1 28 195
8 58 102
39 56 10
59 45 148
3 45 94
1 59 57
0 5 175
1 18 66
0 25 169
3 2 26
0 9 133
6 39 79
7 40 114
4 19 3
1 34 73
662 9 41
0 45 93
3 0 118
48 56 63
0 34 47
6 35 173
0 42 180
0 15 25
1 54 147
0 7 49
3 22 150
8 5 112
55 53 125
3 23 72
72 33 6
11 24 124
4 50 196
0 13 50
19 1 36
43 14 192
0 25 166
0 15 57
0 37 110
0 8 43
8 30 102
0 47 173
14 29 181
1 59 123
16 12 156
0 35 31
1 37 3
0 0 84
11 45 13
32 50 139
11 48 162
52 17 32
0 4 21
59 47 118
1 21 44
11 25 175
0 21 26
0 7 156
4 3 2
4 53 58
0 55 122
6 41 85
93 41 21
0 45 7
1 36 182
769 12 16
1 26 41
0 55 192
4 59 116
17 40 109
0 48 122
1 10 12
767 43 166
16 3 174
1 19 181
0 1 93
16 20 106
65 35 103
6 28 47
0 46 186
452 14 89
0 58 5
0 46 96
427 11 100
8 10 48
0 28 53
21 7 137
3 21 70
1 54 159
2 7 145
38 17 3
1 31 185
0 36 134
0 44 30
0 57 181
0 27 134
0 36 123
416 15 74
0 7 127
1 51 193
450 34 107
4 52 22
7 30 53
5 14 101
0 9 151
18 26 30
3 50 134
8 16 8
0 58 75
1 23 3
0 22 112
0 58 124
0 13 173
2 31 127
6 21 136
4 37 47
0 33 34
15 13 51
5 44 92
1 32 88
3 19 64
2 36 80
9 52 116
2 5 154
27 31 147
0 51 76
2 54 52
3 18 180
36 55 28
91 58 71
0 23 78
0 46 15
0 16 27
6 44 118
5 9 17
27 53 95
1 37 94
0 42 56
3 17 80
1 12 150
1 38 8
6 16 107
25 30 85
0 53 27
1 35 170
50 1 175
85 50 127
2 8 161
0 51 37
8 48 32
3 4 24
72 10 28
0 8 140
2 44 75
0 48 126
7 40 134
7 29 198
1 29 160
3 57 45
15 15 181
0 32 88
0 27 171
2 56 70
0 13 174
23 42 97
144 18 116
1 22 151
2 46 171
3 51 52
2 29 20
22 14 113
1 0 43
0 19 52
0 7 114
0 12 31
0 22 17
13 24 195
35 1 135
4 2 148
66 36 56
18 30 152
4 34 27
1 36 72
3 4 154
0 1 92
84 9 3
0 6 107
1 48 128
0 38 120
1 36 161
0 54 195
0 2 17
0 26 44
0 10 38
0 24 151
0 49 194
0 59 143
0 39 27
0 24 13
11 10 181
2 48 158
330 35 185
0 9 7
3 26 74
85 33 64
97 16 100
0 28 56
0 39 31
21 46 91
0 19 24
0 58 104
22 5 15
52 51 138
51 48 114
11 58 154
1 19 44
218 39 153
21 22 181
16 44 181
10 3 116
0 32 35
427 55 185
1 45 86
6 16 66
200 0 179
0 33 86
0 16 134
7 34 101
0 52 97
0 19 10
6 19 8
47 41 157
4 36 192
4 57 180
0 11 68
2 47 56
0 28 54
89 49 91
0 26 195
0 10 69
0 52 26
45 49 81
9 26 82
1 26 81
0 18 39
0 11 54
138 20 26
26 33 116
1 39 142
0 37 51
5 44 147
0 29 158
58 55 198
237 10 60
3 17 98
0 8 42
0 19 83
182 46 94
0 8 78
0 39 6
25 38 166
0 45 55
2 51 57
128 54 111
151 46 152
0 54 24
0 42 62
17 20 181
5 59 142
3 11 79
1 18 144
2 54 160
0 6 43
498 3 68
6 48 129
0 5 28
496 25 20
0 34 106
0 41 67
1 12 47
0 5 44
1 17 144
348 44 128
217 14 113
259 31 117
3 14 97
38 47 9
345 33 92
0 37 51
54 3 58
0 9 132
8 21 175
0 56 161
6 4 157
0 26 93
0 1 9
0 22 19
384 19 168
0 34 43
1 0 151
1 12 28
0 45 51
785 18 144
5 39 140
0 4 5
0 46 11
3 34 161
3 33 70
0 39 75
1 51 78
101 24 43
23 30 157
3 41 183
2 22 34
31 58 5
2 58 93
0 43 15
0 34 60
10 57 77
433 19 17
1 3 7
1 52 104
1 28 119
13 36 153
6 13 130
3 37 76
3 5 91
73 55 94
0 59 66
1 38 155
4 2 149
10 5 146
3 52 10
2 9 192
292 6 68
3 30 161
5 25 169
0 58 41
2 51 69
0 28 181
0 33 175
28 51 169
7 45 150
1 53 38
1 28 65
2 19 41
18 9 93
0 58 174
46 49 8
431 57 83
2 19 6
0 26 115
0 46 30
0 1 31
0 11 134
3 21 144
2 8 44
7 38 22
0 30 19
1 9 131
0 32 187
0 57 67
2 7 148
7 37 84
0 24 66
37 55 103
0 32 50
6 42 78
18 29 123
0 51 18
1 35 67
11 17 79
19 40 42
8 25 189
17 3 95
0 58 65
2 5 99
19 53 111
48 37 67
0 21 52
106 27 114
8 11 75
122 42 10
44 3 119
0 1 42
0 3 148
0 17 46
11 26 97
2 7 81
10 58 158
0 55 140
1 55 28
0 10 190
14 55 173
0 15 114
0 31 52
13 37 33
0 9 148
6 2 75
34 47 181
9 55 120
5 50 85
7 22 67
0 54 13
587 19 11
274 17 193
48 7 35
0 36 98
17 6 25
1 17 63
0 26 172
139 8 89
8 49 137
0 32 26
5 20 13
195 33 135
0 21 153
1 24 144
7 56 24
2 33 82
10 56 91
52 51 78
2 32 155
17 27 39
0 43 53
0 33 111
661 23 65
16 37 174
0 41 83
0 1 62
0 45 120
17 13 159
760 47 116
0 15 164
313 25 193
1 11 161
0 0 82
0 55 71
5 6 182
47 31 60
1 23 96
2 23 165
5 7 116
414 17 42
34 9 187
3 36 138
7 47 89
0 33 31
1 51 172
63 24 41
12 22 92
5 3 5
0 23 190
7 49 106
4 22 152
2 38 38
0 51 45
57 0 195
1 41 100
1 5 142
209 38 42
0 1 47
20 59 180
0 10 174
0 49 129
0 22 83
1 21 91
8 37 28
19 41 98
4 2 23
65 54 174
0 59 94
4 26 129
43 19 46
0 29 29
0 8 115
43 58 57
8 53 143
0 4 95
2 16 51
13 4 100
0 24 169
46 1 180
24 32 51
2 24 23
15 18 16
1 51 153
33 47 50
66 27 146
1 44 50
3 7 81
19 41 191
0 35 78
0 32 151
8 54 151
78 45 44
18 18 86
93 17 155
108 58 100
0 41 171
17 36 192
0 14 158
0 29 15
1 48 161
7 21 112
0 50 90
1 26 93
0 10 67
1 5 32
0 52 2
279 51 109
5 1 112
0 11 2
2 2 81
10 57 96
33 35 169
1 25 74
3 21 39
1 48 41
0 21 23
74 1 175
3 35 62
0 31 2
6 42 35
0 50 15
0 36 128
1 59 61
1 51 98
3 27 72
0 24 60
13 2 90
0 27 177
0 38 119
11 57 96
279 37 59
62 44 136
0 17 16
130 31 166
35 36 176
0 21 144
82 54 47
6 1 118
0 20 132
110 36 194
0 0 15
0 48 90
242 36 40
350 15 44
5 22 199
289 22 98
0 40 94
0 53 196
0 38 149
0 58 93
0 28 188
57 0 21
3 41 106
5 49 125
40 24 56
0 45 94
1 24 147
2 18 139
8 52 173
3 27 160
0 25 42
0 34 190
0 3 145
13 55 108
91 41 145
186 40 150
6 27 16
29 15 143
0 7 115
5 30 171
1 44 83
1 41 57
14 2 67
1 8 152
0 36 10
3 0 61
20 5 127
0 37 71
7 35 146
4 9 125
0 57 94
2 2 133
2 46 186
0 35 117
0 12 81
0 55 14
681 1 143
472 9 166
6 38 116
3 22 83
32 29 67
2 54 5
0 53 91
14 59 168
0 49 173
1 47 92
0 7 122
0 0 26
0 38 134
30 55 91
0 27 73
0 20 129
2 25 114
29 56 130
22 36 10
65 46 99
1 20 86
0 59 74
15 47 11
165 21 130
2 43 86
0 20 2
444 56 121
64 23 165
93 35 161
0 43 39
0 52 130
0 18 53
2 16 26
0 23 24
0 28 31
0 33 5
1 52 90
7 31 75
0 59 118
1 24 100
117 34 173
0 10 7
2 44 38
0 27 65
3 34 66
11 46 20
0 27 186
1 21 74
2 43 21
3 54 7
2 38 10
1 36 37
3 26 12
1 22 1
27 45 149
22 0 144
0 40 95
3 23 83
13 10 188
4 22 94
1 23 148
0 49 193
0 43 120
2 33 11
0 42 48
0 58 189
23 26 110
0 46 151
6 6 186
0 33 17
62 48 135
0 32 183
11 32 197
4 34 15
6 49 98
6 51 10
1 11 105
2 12 170
48 40 49
3 19 71
45 51 128
37 25 74
111 9 78
22 31 130
1 34 92
11 14 183
15 5 174
2 22 70
1 13 167
0 31 145
0 51 2
29 43 182
95 42 171
14 39 32
6 29 116
0 3 154
19 34 152
1 15 91
94 56 137
0 44 142
157 56 88
1 22 29
0 15 142
0 22 22
2 51 191
10 51 163
0 22 33
0 31 189
78 23 43
1 12 195
1 42 26
31 19 181
2 28 183
14 27 53
0 38 178
0 39 110
2 44 192
1 0 183
6 38 51
0 57 90
4 15 93
0 26 195
0 20 33
1 12 167
6 23 72
2 59 176
3 40 191
1 33 53
0 50 43
4 56 180
285 28 58
2 58 163
8 19 125
0 4 77
0 30 56
422 35 16
0 8 83
0 11 142
128 36 143
16 40 74
0 52 9
162 53 164
9 32 92
0 23 162
0 30 105
52 15 92
1 42 177
19 36 30
0 15 97
3 22 138
0 17 45
2 49 97
3 18 131
6 57 144
0 32 82
0 23 165
3 26 15
1 2 80
0 11 64
0 6 106
0 48 91
35 1 139
116 48 183
5 51 174
2 22 119
0 21 137
0 7 197
2 3 70
6 13 72
51 57 22
25 27 80
9 8 118
98 23 125
0 0 38
35 20 34
87 37 165
1 59 88
7 27 22
0 18 94
0 20 73
1 49 68
5 56 62
78 50 49
29 38 98
405 1 1
0 20 65
108 55 25
2 31 20
2 13 39
0 43 49
0 51 199
0 19 188
5 18 133
11 28 151
8 24 56
0 8 198
0 10 124
0 26 168
3 19 63
4 1 177
764 42 31
7 5 189
5 5 196
5 35 161
1 24 62
1 6 129
7 52 103
2 40 103
36 6 43
180 28 132
2 31 162
0 35 30
0 30 97
0 1 107
3 9 78
0 18 139
5 37 176
0 1 152
6 9 7
160 33 133
5 28 151
1 21 57
3 41 49
0 17 78
6 56 68
0 56 12
0 19 127
3 43 20
0 40 64
4 36 99
0 26 156
66 44 108
0 0 92
0 23 74
0 53 71
0 56 170
12 30 110
0 58 64
2 59 125
548 29 106
3 34 186
2 38 17
0 0 10
6 36 82
4 31 184
14 49 10
4 48 120
8 5 29
1 58 38
26 39 158
11 45 198
1 29 117
7 28 156
0 34 83
0 24 1
0 9 142
45 7 176
18 37 121
2 30 95
0 37 105
0 49 190
2 10 95
48 45 193
0 9 10
0 1 53
0 33 2
2 20 32
17 26 83
4 38 112
2 0 166
0 30 173
0 17 61
9 33 91
12 56 135
0 15 96
30 7 57
0 26 151
5 3 140
4 31 82
2 0 18
5 2 118
0 7 97
23 35 194
2 53 107
1 15 103
52 4 29
1 25 72
0 37 97
2 38 87
1 10 128
90 17 31
7 8 44
0 33 167
2 49 175
0 53 17
562 34 41
1 50 30
2 32 136
7 46 25
1 18 37
0 27 148
45 45 73
0 52 102
2 32 28
5 12 43
1 3 11
159 21 31
16 13 166
2 16 184
1 40 152
0 45 8
4 39 48
1 18 26
3 19 180
1 54 54
0 34 19
1 45 26
8 8 46
2 12 175
5 11 59
10 53 115
1 32 110
0 48 43
610 32 18
49 17 66
0 27 60
1 32 161
16 57 83
133 56 108
1 59 174
0 37 26
2 57 127
14 33 183
15 43 10
1 41 74
83 48 122
1 19 14
3 11 17
0 47 65
0 7 69
191 30 175
14 1 84
0 3 106
0 56 62
4 15 133
0 4 1
167 15 188
0 27 87
2 26 21
0 21 185
0 41 146
0 40 83
9 1 120
0 5 28
0 51 12
2 37 171
2 8 86
6 23 121
689 2 28
11 53 56
81 4 44
11 55 196
20 49 123
0 22 114
1 47 182
191 32 165
35 10 177
649 14 146
78 25 62
0 32 162
27 32 110
0 54 143
1 4 7
5 15 190
30 40 87
0 5 118
28 24 105
1 17 43
0 55 178
10 19 87
1 32 117
5 27 92
5 35 142
0 55 22
27 10 95
5 15 154
0 9 68
0 31 150
1 0 169
2 11 152
1 59 134
3 3 6
34 16 1
1 24 74
0 33 192
0 20 105
5 24 93
0 25 78
63 50 8
0 6 162
0 50 99
95 13 91
0 40 193
0 53 141
0 50 60
0 27 49
2 49 54
0 43 160
3 21 119
1 39 153
2 24 185
31 14 182
0 5 40
47 54 197
0 59 92
7 22 113
12 32 50
1 40 20
1 15 140
4 40 140
0 30 1
0 20 153
0 33 167
134 55 94
0 16 105
0 18 73
1 47 121
3 16 187
1 3 109
7 5 134
3 55 148
0 0 80
4 7 67
3 39 107
0 10 67
8 1 8
111 53 139
0 27 10
14 38 155
16 31 22
77 47 141
3 58 118
3 23 54
53 15 8
0 47 194
0 32 85
726 23 17
1 40 85
21 44 68
0 33 140
8 30 23
21 47 127
2 30 72
21 48 105
0 49 106
0 2 184
0 32 194
14 10 15
0 10 136
2 44 98
462 46 115
1 32 160
0 46 7
1 8 157
0 31 72
99 58 122
0 54 107
1 23 77
66 41 190
1 40 163
0 1 170
134 37 136
7 49 137
245 4 68
209 10 197
0 48 38
2 9 3
8 59 144
0 51 189
3 58 98
0 38 90
4 33 101
6 54 151
1 48 165
0 34 162
8 52 30
2 46 44
25 49 81
1 0 117
43 38 117
10 37 4
0 37 23
442 18 26
0 5 72
4 44 169
101 22 46
0 22 148
17 25 97
0 47 37
0 18 142
4 12 90
15 7 5
5 14 137
7 23 158
0 20 106
1 6 7
0 32 173
29 25 200
317 58 24
42 15 25
1 20 192
20 30 33
4 45 32
0 38 149
0 36 3
0 36 157
0 6 175
36 59 142
5 9 136
1 52 91
4 4 41
0 23 168
496 16 101
13 21 45
53 21 189
1 17 70
2 40 98
2 20 89
2 13 144
0 19 175
4 8 80
50 2 136
1 44 132
0 32 7
19 36 49
2 22 39
0 8 158
51 53 107
0 3 24
9 53 168
193 46 168
0 56 138
36 3 4
3 22 96
0 9 52
12 6 19
4 40 110
258 9 44
0 24 84
1 6 115
1 58 33
0 14 30
0 5 9
66 21 69
0 53 62
357 23 53
0 39 49
0 25 67
0 7 183
174 50 131
6 47 198
0 18 47
22 7 120
0 9 143
0 6 193
1 5 127
10 20 83
0 38 118
0 42 72
0 40 149
0 58 97
0 49 3
1 3 116
0 26 26
9 26 17
3 47 197
1 37 86
25 38 197
0 39 57
1 28 122
1 26 92
17 48 20
1 22 98
13 11 124
3 39 41
0 47 122
0 15 164
8 52 83
1 37 137
9 34 189
2 5 107
0 57 126
0 43 179
0 17 133
0 30 92
4 13 65
0 45 138
69 4 48
2 8 9
4 34 159
1 50 69
0 26 4
3 8 190
0 1 106
38 20 137
0 40 181
246 32 66
0 10 40
4 48 80
0 19 22
0 43 153
0 49 126
0 0 136
89 6 97
0 5 127
1 54 7
1 29 158
0 1 184
11 39 110
8 53 187
6 10 97
12 48 27
0 41 171
13 0 106
20 46 126
0 59 34
0 27 147
0 10 103
0 19 146
0 33 147
2 11 200
0 19 94
2 38 195
0 40 195
10 35 14
20 9 194
0 33 70
1 18 107
7 34 108
0 54 134
2 14 83
0 55 190
9 53 198
0 4 30
5 24 87
59 25 130
0 28 124
0 10 12
0 55 34
14 36 161
2 47 184
1 5 82
42 32 51
2 56 44
1 7 34
56 29 40
3 7 28
9 42 184
50 50 136
10 4 157
1 17 64
0 59 74
6 35 199
65 38 38
2 46 72
0 52 10
4 28 160
0 13 107
0 17 34
2 16 45
7 24 74
72 18 55
20 21 79
13 8 70
5 50 19
1 19 80
39 30 42
149 4 93
596 31 150
0 7 121
0 29 99
32 30 84
0 57 35
0 31 159
4 31 186
0 44 126
218 43 97
2 36 190
10 54 54
3 51 151
13 6 146
14 45 140
1 3 75
6 17 109
3 34 58
1 57 164
6 48 105
3 36 72
0 42 3
211 51 118
0 22 139
2 20 137
3 22 47
596 41 96
0 47 39
135 41 176
4 1 177
272 10 168
0 51 80
2 26 69
33 12 137
518 45 153
0 12 145
0 12 74
26 18 45
13 9 198
6 56 45
14 28 134
453 7 57
1 52 64
247 41 154
25 50 119
3 31 87
1 28 119
0 56 86
0 39 17
7 18 139
0 2 24
1 32 5
0 7 140
9 21 184
0 5 198
37 47 6
0 45 179
2 45 116
213 57 76
0 14 148
2 39 189
180 35 91
18 8 67
37 53 120
12 28 2
11 58 18
0 30 176
7 50 17
209 0 22
263 5 164
0 33 179
0 38 36
18 27 150
0 56 37
42 46 67
18 29 10
1 46 194
0 5 32
0 33 13
698 44 112
0 48 117
0 1 18
2 53 5
2 57 22
14 51 57
9 48 13
81 55 143
34 57 11
26 4 144
2 53 18
4 48 50
51 23 174
0 40 123
92 38 121
4 56 124
59 55 100
0 25 81
2 26 51
3 38 135
9 23 190
3 12 23
1 45 14
0 17 82
0 11 35
2 8 193
74 39 120
0 34 161
0 9 85
1 24 149
1 15 54
1 13 142
0 31 185
8 33 31
0 20 57
0 46 143
1 48 192
0 50 30
0 48 101
2 51 98
11 57 15
6 36 181
4 56 115
3 57 98
0 33 142
44 18 51
22 6 163
7 56 131
26 30 102
2 42 70
0 52 151
0 8 56
9 50 49
0 29 96
6 41 60
3 56 87
15 7 62
1 46 168
4 54 160
0 25 186
17 12 56
457 43 199
339 38 195
0 13 69
20 40 163
0 34 111
2 7 16
5 0 62
71 29 109
159 31 22
404 27 7
0 9 45
0 22 15
51 41 82
147 18 182
1 47 34
0 58 184
1 51 113
0 13 125
0 29 19
50 52 82
0 43 61
2 55 42
190 30 151
5 44 107
182 4 170
0 12 197
25 38 52
3 54 23
6 18 102
2 54 192
0 41 96
123 13 39
16 33 10
2 6 115
2 52 22
17 12 113
3 52 40
0 49 173
1 14 200
0 28 148
8 26 76
2 49 145
2 29 109
0 54 64
4 47 75
2 1 55
5 27 82
0 2 121
26 54 178
61 45 6
38 53 38
3 7 146
0 44 34
0 7 27
3 28 181
490 3 169
3 34 23
0 47 97
3 24 177
0 18 176
6 0 137
12 3 80
1 43 137
109 51 181
4 38 171
0 6 98
0 56 43
46 0 191
773 3 24
0 57 157
1 7 87
0 59 19
5 37 21
0 21 29
18 31 153
0 44 74
4 11 108
0 14 39
2 3 87
19 27 103
3 23 50
1 8 177
3 58 104
179 5 147
43 4 118
126 38 60
3 26 139
0 36 65
2 19 96
0 17 66
10 59 136
0 52 65
1 43 92
83 23 187
197 42 21
682 32 137
0 26 50
2 7 173
0 44 129
0 55 84
0 16 42
44 15 136
1 46 199
0 22 138
0 4 105
0 14 7
3 42 62
14 9 95
0 23 136
1 34 114
0 23 67
0 56 15
0 41 138
21 10 110
0 34 175
62 35 51
2 38 189
9 20 178
10 4 171
5 30 150
9 14 71
0 54 34
0 8 190
108 50 60
3 31 122
0 56 185
8 29 22
25 10 43
0 35 161
4 50 160
36 58 178
6 1 171
2 52 129
12 38 145
0 4 71
5 45 139
0 0 83
2 10 188
227 14 26
0 31 161
1 25 5
2 55 158
6 36 45
0 47 3
10 52 28
4 21 176
3 31 136
3 51 72
0 39 20
93 48 54
0 9 50
1 28 96
4 7 88
5 41 113
1 31 144
0 8 89
7 45 95
95 12 106
27 53 71
0 47 12
15 29 69
0 42 108
3 4 127
23 42 119
1 34 27
7 8 77
0 37 187
2 44 112
1 45 199
0 3 23
0 33 37
0 44 161
0 48 78
14 53 198
0 39 74
2 51 26
9 41 129
0 49 130
1 54 163
0 21 12
0 38 23
0 50 115
16 38 18
0 54 112
69 3 43
0 15 97
1 28 46
1 28 67
19 14 80
779 30 81
2 6 142
7 5 40
0 21 114
65 5 156
1 21 92
0 18 169
0 36 84
2 20 123
6 29 25
7 18 50
0 34 138
1 58 155
1 6 77
1 37 33
0 48 158
1 48 30
0 29 192
32 54 141
2 2 115
0 14 144
52 13 78
0 2 4
9 55 12
2 32 144
0 16 167
21 36 51
20 56 51
0 26 109
2 36 181
0 29 7
0 49 87
3 32 131
1 49 117
14 15 50
35 4 171
293 33 5
142 23 43
1 28 127
17 48 196
1 36 57
1 19 124
0 59 67
46 52 200
1 25 97
0 32 118
8 42 198
0 27 6
0 3 122
10 48 74
1 23 178
336 39 123
14 32 79
2 13 83
4 5 138
0 26 48
0 20 172
4 2 190
17 20 179
0 20 124
260 17 175
138 51 87
0 17 38
0 36 194
1 47 86
3 47 28
0 25 126
11 20 144
6 32 11
23 42 19
0 19 13
374 22 23
362 53 84
5 9 15
0 33 36
0 47 138
74 12 43
1 53 35
3 51 159
0 26 24
3 26 160
24 21 26
3 37 26
0 5 11
14 29 62
5 15 75
0 39 32
749 46 96
3 3 156
42 50 158
26 19 110
3 23 67
0 13 183
3 8 183
0 23 23
0 40 115
6 23 184
2 47 118
3 4 174
1 3 71
0 46 83
1 14 97
1 22 2
2 10 30
2 6 194
0 1 156
0 42 43
1 34 75
10 9 190
37 3 165
0 51 149
2 28 38
0 23 95
0 7 62
457 29 29
0 30 114
29 12 101
2 47 89
0 39 104
0 9 39
0 3 40
0 30 145
2 24 4
0 19 118
0 22 7
11 20 118
0 29 25
2 18 68
0 24 94
0 35 115
67 5 69
1 8 135
488 22 146
0 36 67
0 59 85
675 6 161
121 5 102
0 31 162
416 41 143
3 47 129
0 17 17
0 16 160
30 31 147
4 9 171
11 32 18
7 12 135
0 35 45
12 44 174
2 51 44
0 33 70
8 8 15
1 24 5
2 29 44
0 50 35
360 39 146
6 9 93
2 46 188
12 51 57
5 57 63
42 54 81
3 3 115
0 22 116
2 48 68
1 58 28
71 43 77
10 45 188
1 2 6
1 44 46
0 23 158
1 46 37
1 16 84
8 40 83
8 15 52
705 18 32
120 44 13
3 48 74
24 37 170
0 19 198
599 51 6
125 44 32
50 30 3
0 42 146
29 23 129
0 9 134
3 49 22
22 54 175
22 33 55
0 52 88
0 3 130
0 23 166
2 38 123
4 25 91
0 45 22
27 56 192
0 31 108
0 19 12
0 11 186
0 36 106
0 48 63
0 51 67
57 8 26
0 54 120
10 52 160
2 39 92
4 45 150
7 35 13
1 31 17
0 26 18
558 53 62
17 30 93
65 34 96
0 5 96
57 38 191
30 12 95
1 58 31
0 52 117
0 22 193
9 37 77
0 1 83
0 28 108
37 27 84
0 0 81
0 53 47
82 10 124
0 55 94
3 17 117
0 2 151
2 58 176
1 59 84
2 54 171
1 46 142
0 55 33
68 32 111
16 9 106
2 35 196
11 33 101
1 54 161
5 9 35
7 33 115
0 17 93
0 10 144
5 4 100
0 59 23
0 59 190
0 15 167
12 50 10
0 36 7
0 4 29
2 54 118
0 25 61
10 2 152
0 13 55
59 7 162
0 35 59
3 44 21
5 26 69
0 36 186
8 44 61
1 58 104
0 24 175
0 9 188
1 29 149
0 6 71
56 13 166
71 53 39
0 38 139
0 56 159
0 58 67
0 16 85
1 24 18
1 18 39
755 16 116
0 18 114
2 15 51
3 53 101
44 12 78
2 49 46
0 28 92
0 13 49
2 34 79
54 40 81
0 25 52
0 52 55
18 32 10
0 11 29
5 37 57
2 12 164
2 32 15
0 49 104
0 6 15
184 22 122
6 52 29
78 58 135
56 42 113
84 49 148
5 57 44
5 38 160
0 18 119
3 7 9
0 12 110
0 40 42
0 11 115
0 7 126
8 34 113
0 41 69
0 11 110
0 11 77
133 2 164
15 3 127
0 47 144
146 31 95
0 59 161
3 45 142
0 17 185
162 26 66
332 5 93
1 9 36
5 24 27
0 31 178
1 38 177
2 55 1
139 27 187
55 21 112
0 47 176
0 15 83
240 16 159
0 45 165
1 50 7
1 22 37
2 13 105
11 35 170
0 56 76
0 11 158
5 16 164
2 55 30
0 47 199
2 4 8
3 3 148
0 2 60
0 1 43
5 25 3
2 32 42
0 34 88
2 10 160
5 45 13
0 33 19
11 22 37
2 51 159
5 58 61
0 29 77
2 26 25
24 58 189
26 51 104
19 17 126
24 18 13
4 1 22
9 38 119
1 41 59
0 19 11
21 14 121
0 20 21
0 19 181
82 26 88
1 12 84
7 55 154
0 40 109
19 45 130
0 20 174
0 38 138
2 23 96
16 11 128
0 25 172
2 16 63
48 49 94
12 57 6
1 32 86
1 15 91
0 45 3
10 51 194
3 51 106
5 28 99
0 31 69
0 25 12
0 52 115
0 17 108
0 20 108
159 9 58
47 14 58
15 49 165
0 40 134
0 19 81
10 20 112
2 47 2
1 37 88
0 40 128
5 6 184
25 46 86
0 1 173
0 49 42
73 53 55
0 12 163
1 57 149
0 18 44
14 45 6
0 34 74
3 27 178
0 59 146
2 43 138
15 19 143
0 56 99
93 28 66
2 54 183
1 55 10
0 46 78
5 51 89
40 47 90
5 11 71
12 23 154
2 10 67
16 53 3
17 58 189
0 23 58
0 50 72
3 53 188
73 8 183
0 3 30
345 23 32
20 51 48
0 13 178
5 56 19
0 16 176
15 8 181
5 9 94
2 23 61
8 35 91
27 23 140
44 6 187
2 9 147
18 24 9
0 4 51
0 25 12
79 38 112
34 12 68
0 55 100
1 15 102
0 48 200
14 42 132
0 29 173
0 31 1
0 30 124
0 7 101
0 31 70
1 5 106
6 37 149
19 40 97
77 28 159
1 37 149
18 49 194
2 47 36
0 34 158
383 37 50
1 54 105
0 8 168
33 8 111
3 29 157
0 25 53
4 52 136
0 16 33
0 53 199
25 11 11
1 9 30
2 4 136
0 36 115
80 24 137
0 30 134
15 56 147
0 46 174
0 24 73
3 54 15
13 55 156
1 22 104
279 48 18
5 0 64
24 4 70
27 24 179
2 14 91
0 12 59
1 50 70
0 1 62
2 57 147
27 32 10
1 53 173
5 58 6
75 45 4
11 39 118
4 44 156
38 28 104
1 59 129
1 44 7
2 52 34
1 9 100
2 28 196
5 59 165
12 31 142
4 2 54
3 57 34
3 54 94
0 27 82
1 33 76
0 58 63
0 25 98
8 29 42
0 44 96
0 15 139
1 4 171
0 28 197
0 42 62
0 51 13
7 26 77
1 0 92
0 23 49
3 49 161
0 1 120
3 54 188
3 39 171
0 58 181
0 14 66
0 53 86
2 40 184
0 23 185
0 58 161
0 8 182
1 53 78
1 24 132
11 43 121
0 39 94
19 19 112
569 1 198
50 0 67
2 54 76
66 21 197
29 10 73
0 6 144
1 33 115
4 37 82
0 1 31
0 20 112
3 53 86
216 54 69
1 3 48
0 13 22
0 40 80
4 4 2
172 19 173
0 54 190
2 16 34
4 16 128
4 12 108
0 30 196
6 52 68
0 47 180
0 18 9
23 34 115
0 54 160
11 11 25
6 26 5
7 14 91
0 23 116
29 21 94
167 46 17
5 53 131
0 54 194
2 20 72
4 20 35
1 49 177
1 40 180
2 23 121
0 51 181
0 34 16
0 13 59
1 49 80
3 57 23
0 28 126
0 16 193
0 19 40
1 0 177
3 49 118
12 38 19
102 15 51
325 33 72
0 1 80
0 0 6
8 29 61
0 7 31
9 45 22
0 19 6
4 16 140
1 23 186
0 20 156
0 8 126
0 3 155
0 43 41
0 3 116
6 11 66
0 5 99
20 7 16
6 2 31
171 5 111
0 50 61
1 31 82
122 15 173
0 43 112
4 19 19
18 5 189
0 23 158
2 29 76
26 25 142
141 27 173
153 9 143
2 20 55
3 1 148
0 33 135
10 14 93
0 56 17
3 3 165
0 34 186
15 58 35
424 4 172
0 58 34
0 51 98
0 44 2
225 22 11
0 37 183
7 14 70
0 5 13
9 2 99
1 28 97
4 50 9
8 11 176
19 17 24
3 31 44
0 24 125
0 39 37
5 20 192
3 59 81
0 11 35
0 20 73
0 17 170
27 5 142
57 20 144
0 8 12
0 17 10
0 49 37
0 44 122
15 56 31
0 46 150
8 48 52
0 29 175
0 48 165
7 3 138
1 34 180
4 4 13
0 10 34
0 20 107
0 23 89
1 26 108
7 44 163
1 23 32
1 40 114
6 39 58
3 41 126
12 7 75
0 35 51
2 58 102
77 13 83
1 24 46
58 49 108
0 22 16
1 11 55
10 38 28
0 30 83
461 23 189
0 7 179
0 37 136
5 12 1
0 12 34
2 38 152
215 38 161
1 45 129
3 46 183
2 29 160
1 32 20
5 36 28
1 31 144
0 0 100
104 26 3
0 28 124
0 36 191
104 54 84
47 4 134
0 25 24
4 21 6
3 37 83
14 25 16
4 27 21
2 4 150
0 27 99
35 46 43
5 52 109
0 9 147
1 43 189
2 25 77
130 7 55
0 17 160
208 3 12
4 18 129
44 2 12
0 54 85
0 33 45
34 1 122
2 49 47
0 40 55
1 48 83
14 37 12
0 56 54
1 26 112
10 39 25
0 31 161
5 15 147
2 32 131
2 10 42
0 5 100
0 43 33
0 41 86
16 29 80
611 9 55
3 26 193
0 2 144
3 34 53
0 51 38
0 19 150
2 23 118
1 40 176
1 7 170
15 24 132
1 13 91
7 30 14
43 29 134
3 14 186
1 46 71
1 7 51
0 18 150
1 59 65
0 57 181
302 51 29
0 32 97
0 51 113
263 36 188
5 57 134
168 48 89
0 21 168
612 23 45
0 2 8
4 3 65
11 19 97
46 48 155
5 51 180
0 55 103
11 25 87
1 47 156
0 57 35
283 8 69
44 7 199
16 18 98
473 19 25
0 56 4
1 34 148
0 21 65
53 12 170
67 3 144
5 18 98
333 30 70
4 21 51
0 42 194
10 22 63
0 13 128
0 57 89
5 18 81
12 47 101
152 50 127
0 10 86
1 19 142
197 19 112
0 27 184
0 38 126
3 4 91
2 56 170
37 21 195
2 32 98
0 58 1
0 43 11
1 27 12
32 1 4
79 40 120
0 59 41
3 10 30
5 16 85
2 54 22
4 13 80
89 43 9
1 57 177
75 14 49
58 3 97
1 38 96
2 41 138
0 8 199
88 47 142
0 16 121
0 23 104
0 51 32
0 1 169
0 44 27
20 27 39
26 36 189
0 26 52
59 46 47
318 46 32
2 33 150
6 46 79
423 34 143
47 31 1
1 33 153
0 20 96
0 20 58
0 22 7
1 14 197
0 42 5
6 5 117
32 11 185
0 39 162
0 21 56
1 55 170
3 31 39
2 3 177
13 57 76
0 53 48
1 47 115
1 18 108
18 15 168
4 51 91
0 10 141
0 34 121
64 11 148
4 58 181
4 51 63
10 27 196
0 12 60
0 26 200
18 38 200
1 20 121
3 52 86
26 24 199
19 35 18
0 28 148
23 38 142
31 43 90
0 6 135
1 31 158
3 26 184
0 37 160
165 7 40
2 50 116
1 26 96
6 37 141
10 30 114
0 13 136
100 10 143
509 59 22
17 12 146
27 19 112
1 40 98
2 3 10
0 11 189
2 58 90
2 0 77
3 57 197
2 32 84
100 36 85
1 35 64
13 40 84
1 53 78
0 38 183
5 15 132
8 52 37
1 31 83
1 54 192
0 4 23
4 54 103
10 8 141
20 22 63
346 16 38
0 55 30
1 5 82
0 27 120
7 57 180
0 57 2
0 28 32
7 37 179
0 1 124
0 43 15
0 8 167
0 0 149
1 59 8
10 42 158
0 42 2
0 52 5
13 52 65
0 41 142
84 54 168
1 39 156
1 13 176
27 7 130
1 1 17
0 0 62
0 10 83
40 45 153
0 13 35
0 12 144
4 35 37
0 19 190
0 10 161
0 28 185
12 35 1
290 30 128
0 55 118
0 47 115
1 5 159
28 56 119
4 54 149
10 30 74
5 26 176
344 14 93
14 28 17
22 54 73
1 11 41
7 30 92
11 26 77
19 27 166
8 1 41
3 36 2
0 32 107
2 59 7
0 12 117
0 16 72
7 59 2
83 15 52
0 8 198
1 20 67
0 40 132
0 46 6
0 44 194
2 50 93
1 25 123
130 29 120
0 14 189
18 47 70
14 54 22
25 33 99
2 17 146
0 49 139
13 1 68
31 24 137
0 14 186
1 57 149
4 33 3
96 11 198
0 6 99
1 6 174
0 47 139
1 23 174
1 59 49
1 5 12
0 20 97
0 29 21
14 34 132
1 2 78
0 3 51
3 9 74
24 14 23
0 40 30
0 53 49
63 42 163
5 5 168
1 54 131
2 49 172
0 7 141
42 33 136
1 54 77
91 38 173
3 6 141
0 59 34
0 11 143
2 32 186
7 20 94
4 53 81
5 12 77
7 9 125
0 2 154
0 49 23
0 16 18
0 1 48
0 15 7
3 16 171
13 7 196
7 46 185
10 27 190
764 14 75
41 2 119
97 37 126
0 27 22
0 52 97
1 51 191
5 42 12
0 45 139
1 53 54
1 50 107
0 4 21
0 3 12
1 4 16
20 21 114
67 52 150
1 49 123
144 57 36
2 12 64
171 4 125
0 53 87
286 37 141
0 36 124
2 34 58
106 42 117
62 16 141
0 8 2
1 17 150
2 43 43
94 58 30
30 48 82
4 8 76
0 7 5
4 8 133
0 40 88
1 33 102
0 37 8
0 52 179
0 21 152
36 5 155
1 1 63
5 39 16
5 50 55
0 14 79
0 16 169
16 20 113
7 32 93
0 19 163
14 45 158
0 6 67
0 19 41
74 44 159
1 6 56
0 11 97
1 3 120
1 55 132
1 41 57
0 36 134
0 37 42
3 20 90
9 5 17
3 5 165
2 14 176
0 36 136
11 51 19
3 39 55
30 48 138
3 56 91
656 52 2
0 28 55
0 59 110
0 33 34
5 13 152
2 29 129
0 45 10
4 37 92
2 10 166
650 8 63
0 19 124
0 17 199
0 16 117
0 1 70
0 21 87
0 22 142
0 35 139
48 42 94
2 26 116
0 38 53
3 52 60
1 30 65
1 24 160
1 4 168
0 46 143
12 2 167
11 13 46
9 58 158
12 52 132
0 21 17
1 44 76
2 26 188
0 58 67
0 55 21
6 28 200
12 32 142
1 11 130
121 28 55
3 48 46
10 22 181
0 41 57
0 7 49
16 17 168
55 19 99
0 56 34
0 18 156
1 17 146
3 30 9
18 33 162
1 0 108
3 24 194
28 31 181
1 58 200
21 4 156
0 7 197
0 2 146
0 24 154
10 0 188
0 18 50
7 54 83
1 13 156
0 55 20
0 26 38
3 11 68
63 37 111
0 44 107
11 48 63
1 34 14
0 49 81
10 43 21
36 17 136
0 3 32
8 3 85
1 2 2
3 36 56
1 54 152
32 22 47
20 41 177
0 0 118
2 11 122
0 36 174
2 55 32
267 20 138
101 9 63
34 53 20
1 10 184
1 36 60
0 42 83
0 58 43
23 9 102
432 22 77
0 48 167
62 34 34
6 26 155
0 20 3
123 44 126
22 45 75
0 16 163
26 13 127
77 33 121
1 39 142
0 2 129
1 39 195
0 5 67
0 40 196
438 52 12
2 42 81
314 29 131
2 33 172
0 10 7
2 18 198
1 31 189
101 15 10
0 3 150
3 59 27
9 33 84
1 15 139
75 43 173
0 45 132
361 3 20
0 54 30
0 54 100
0 2 57
2 24 190
38 0 114
4 3 3
19 14 153
0 22 99
1 13 134
0 31 161
1 5 29
7 38 194
0 32 174
13 20 10
1 25 40
9 57 100
3 50 199
2 45 138
0 20 27
50 33 35
24 23 24
0 48 123
1 43 85
0 29 115
2 41 170
0 49 108
1 2 63
2 6 97
0 25 123
0 38 67
0 34 167
2 17 91
34 36 175
112 50 168
50 3 145
73 48 42
1 28 134
508 17 97
10 1 138
9 14 76
765 55 167
163 32 56
0 31 81
2 10 12
6 26 115
225 43 22
28 37 110
3 16 10
4 34 5
5 47 15
0 23 200
0 10 177
11 50 120
17 33 22
1 16 31
9 30 34
11 31 101
6 57 145
0 6 176
0 11 19
0 29 109
56 26 9
0 58 176
0 22 137
0 35 31
28 11 192
0 52 58
6 35 155
4 22 37
0 0 61
51 59 160
1 14 158
0 11 140
25 44 72
43 23 15
0 46 42
0 49 59
0 56 87
13 54 158
6 24 198
1 12 142
74 9 187
139 38 147
82 25 43
15 2 96
0 45 153
1 0 123
1 22 162
0 30 101
1 50 106
0 51 167
0 23 83
0 58 72
9 53 25
58 47 78
4 54 16
7 52 27
2 41 75
0 57 71
1 22 42
0 33 160
13 14 121
6 24 130
16 28 126
38 12 63
0 13 123
6 45 195
3 31 22
8 12 6
0 22 130
480 13 148
8 53 10
20 57 108
1 54 155
116 5 195
24 53 131
0 36 149
0 28 131
0 50 29
1 11 114
0 11 61
11 30 134
4 45 50
21 53 121
1 20 67
1 34 197
1 48 78
69 14 30
258 4 155
0 28 156
9 43 53
27 58 169
0 40 2
0 28 10
0 58 75
10 24 95
3 22 176
116 38 93
0 7 200
0 3 136
29 31 62
0 44 129
0 9 135
3 31 182
274 57 199
2 50 63
4 9 52
150 29 177
1 43 31
3 15 178
3 5 190
10 52 5
6 14 163
0 30 19
0 35 85
5 14 172
1 50 148
4 35 130
229 3 94
0 11 81
2 3 88
0 34 105
0 23 73
2 23 55
5 6 133
368 6 54
0 17 67
4 22 196
3 53 91
0 26 178
19 39 120
1 36 198
2 33 65
0 22 145
1 17 161
7 30 162
0 10 64
139 58 200
0 3 39
0 26 157
0 53 42
1 57 37
0 59 168
0 3 197
5 23 200
9 38 85
0 52 155
0 55 146
5 46 77
0 10 42
0 31 138
3 56 139
1 31 168
0 39 92
93 20 8
0 56 76
0 10 10
17 24 68
2 16 54
0 33 108
10 20 78
8 27 61
0 28 10
5 3 153
2 13 54
4 22 190
101 13 73
15 38 180
0 1 56
5 0 112
3 45 151
0 12 135
0 10 63
317 55 45
2 2 60
55 42 196
9 33 170
0 23 38
2 31 75
0 18 132
1 28 38
0 44 101
1 21 13
1 48 24
0 17 54
0 5 145
0 49 120
0 3 163
6 13 92
4 4 73
13 41 77
477 11 165
7 3 87
3 34 184
0 39 119
0 4 171
2 11 94
26 59 35
1 2 64
1 33 80
0 12 183
4 1 190
1 20 49
0 11 49
40 26 146
6 29 121
1 47 111
1 14 150
4 43 115
2 36 61
0 29 189
0 48 135
37 9 77
2 5 153
52 34 96
1 30 56
0 1 144
5 50 4
10 3 113
0 32 96
8 1 130
0 28 178
0 51 68
2 19 65
16 33 158
0 3 119
0 55 5
3 25 85
0 45 47
16 54 64
0 36 69
1 50 77
7 13 93
24 4 145
84 54 65
0 44 191
1 26 97
3 22 191
47 12 29
0 24 51
4 50 159
11 44 68
297 51 152
9 17 47
0 59 114
28 32 109
0 20 165
510 18 14
3 42 199
0 50 36
5 21 179
1 26 200
0 39 15
5 28 50
0 26 193
9 12 6
7 41 172
0 43 11
1 23 185
9 1 118
1 58 86
3 3 76
1 30 57
1 37 141
5 44 161
3 27 54
33 39 80
556 43 91
4 21 174
2 1 16
1 4 183
5 10 8
2 13 43
372 19 104
1 45 55
102 50 90
83 36 52
2 0 86
36 53 14
0 28 170
1 0 23
0 48 131
0 38 10
0 56 195
1 31 84
1 1 142
0 3 105
2 44 170
0 31 102
15 29 93
13 27 157
0 31 22
0 2 168
1 5 55
59 25 145
407 49 40
396 32 193
0 52 56
1 15 47
0 42 171
0 29 51
5 23 83
59 30 66
10 5 102
14 16 8
0 47 50
3 5 154
1 40 31
0 26 55
0 0 96
4 30 103
29 21 97
0 47 170
1 56 26
10 36 114
33 24 4
0 59 33
2 21 88
11 10 159
3 45 99
5 34 195
0 56 3
245 16 126
0 4 74
21 15 173
14 59 55
1 46 76
0 41 130
0 27 125
2 7 192
0 29 103
1 56 98
3 54 173
0 16 141
774 6 191
1 47 19
0 38 197
0 38 12
0 13 156
2 27 117
45 54 12
6 21 170
0 55 60
286 25 182
49 34 59
2 56 46
5 56 85
1 8 200
0 27 131
0 39 139
2 7 154
20 50 128
0 3 76
0 36 84
0 15 148
0 5 158
0 25 133
1 41 66
0 43 41
0 42 66
6 27 15
5 52 19
0 6 108
0 32 81
2 13 117
13 18 200
1 58 135
9 41 190
5 12 72
0 22 138
2 19 8
24 59 56
6 40 5
58 29 99
0 42 184
1 13 147
1 26 157
3 52 146
1 56 113
2 50 24
3 25 141
0 3 33
15 20 89
0 10 101
1 44 22
6 43 52
0 18 89
0 32 115
8 7 177
0 26 4
37 1 130
1 8 167
0 19 192
12 46 22
0 11 44
2 51 174
213 40 105
1 23 125
0 0 4
171 31 132
18 40 171
0 15 72
1 2 95
0 6 70
0 10 187
1 25 73
0 32 16
253 20 140
2 40 69
7 14 18
5 14 29
5 4 60
0 2 21
24 44 65
0 17 79
0 46 4
0 23 27
26 33 63
102 48 132
4 13 23
0 53 155
0 20 90
1 44 36
9 40 11
0 39 35
88 51 78
3 23 66
1 23 70
21 12 92
1 41 55
0 36 117
66 36 45
0 28 99
0 17 172
0 41 196
2 46 6
7 37 136
0 7 106
6 47 199
11 49 57
1 26 36
0 11 140
7 17 48
0 47 197
7 33 66
12 5 138
599 50 194
5 9 30
14 3 129
385 36 76
15 9 62
7 2 143
2 42 106
118 12 21
0 35 132
9 10 58
0 13 110
2 10 81
6 2 9
8 12 113
1 35 158
5 59 159
0 2 107
0 30 140
21 45 169
0 1 73
0 5 77
52 42 126
0 20 90
0 52 103
0 43 143
279 35 71
68 55 65
4 45 121
0 19 106
4 42 167
1 15 161
0 16 98
6 25 32
2 36 62
0 58 21
9 23 13
2 5 78
2 12 19
0 15 6
0 12 18
1 16 12
2 15 174
0 56 162
18 51 5
1 56 173
1 13 66
8 9 177
135 40 129
0 22 154
0 52 111
2 53 157
13 0 53
9 5 7
1 29 22
50 1 172
0 35 141
37 30 21
0 34 23
4 47 16
0 51 104
0 29 164
4 56 154
35 2 127
3 37 186
34 57 58
7 9 185
3 31 194
0 13 81
682 8 100
2 7 186
125 51 111
0 14 180
43 15 105
0 6 23
0 36 44
0 7 191
0 15 17
291 4 56
0 21 82
0 7 81
0 34 17
0 49 98
256 40 86
5 25 2
3 51 149
0 51 47
8 0 174
398 46 131
420 45 115
1 13 64
0 30 170
0 24 62
0 54 1
3 47 87
0 16 86
0 9 30
0 12 179
46 39 139
16 4 127
0 21 178
2 36 184
4 21 136
1 1 181
1 47 137
176 3 9
0 18 192
3 40 189
25 23 130
0 57 157
2 18 12
7 22 148
1 47 25
15 5 47
6 24 100
438 3 53
4 36 21
125 14 66
40 34 149
0 44 128
1 53 25
0 8 162
6 27 71
0 46 177
445 17 129
1 21 23
2 41 72
57 6 87
0 1 109
0 9 93
6 11 67
0 55 88
16 23 64
0 3 125
1 0 150
0 20 102
1 27 75
1 45 142
13 39 54
0 37 161
0 24 102
10 33 121
81 23 25
4 4 119
6 49 156
2 10 101
7 1 42
7 53 163
16 57 21
0 29 146
0 55 96
1 11 149
0 2 71
4 37 9
0 33 66
7 28 19
0 16 117
0 30 20
7 40 134
0 53 144
0 48 40
26 57 142
0 30 20
0 57 187
8 7 173
22 14 102
30 11 15
3 48 172
0 10 58
2 44 78
0 56 15
61 16 15
0 37 97
3 58 36
13 36 96
0 8 109
10 45 195
0 15 103
4 26 155
25 11 127
24 6 74
305 50 189
0 43 81
15 17 157
163 58 134
3 45 171
0 13 6
134 54 28
4 49 98
0 9 161
1 34 56
4 49 98
0 37 192
28 39 182
37 28 165
79 11 16
0 38 107
2 55 132
0 51 9
0 32 93
65 58 142
0 34 193
0 32 87
0 7 78
63 16 184
0 55 2
0 32 188
0 52 186
0 49 16
1 19 150
0 45 16
7 35 161
1 52 159
0 25 167
7 8 91
1 24 38
0 58 167
251 43 154
0 36 28
8 33 190
34 36 162
0 22 188
0 7 53
9 49 165
1 9 172
6 2 45
1 52 131
0 37 71
131 18 53
0 5 47
1 6 190
7 8 26
0 47 149
1 56 56
1 33 76
0 40 106
3 14 163
2 44 134
2 10 140
7 8 81
0 14 188
2 27 51
0 41 12
234 55 108
367 26 20
1 38 122
1 2 174
18 3 118
5 47 33
7 41 151
0 0 176
45 27 149
0 2 101
6 26 23
8 21 49
1 48 5
13 30 166
448 25 14
1 17 52
0 42 188
0 32 192
73 10 69
0 7 46
1 12 109
0 28 29
35 35 156
0 4 107
0 58 162
3 24 18
0 56 125
0 10 168
1 40 107
34 49 163
82 41 46
1 41 132
0 25 108
18 1 90
0 13 47
0 0 174
1 15 3
759 17 200
0 31 179
0 23 12
0 24 134
3 30 37
0 41 96
1 20 100
2 17 21
0 20 124
0 41 145
1 22 94
30 15 71
1 59 136
0 0 171
0 22 56
30 19 1
11 9 183
0 20 189
5 35 39
0 4 91
0 18 192
2 31 58
0 28 131
10 18 83
0 46 29
225 46 164
0 42 100
11 50 72
17 43 44
14 3 188
6 32 104
9 6 116
1 13 136
0 2 184
4 42 62
0 20 159
0 20 28
369 55 150
0 28 11
0 2 131
0 45 3
3 21 102
1 57 93
2 54 44
1 30 103
0 29 190
0 39 176
22 24 62
0 10 6
5 21 64
29 59 128
1 38 200
0 41 95
111 9 195
18 8 2
3 23 147
0 15 37
547 3 110
1 6 89
0 12 64
27 29 172
0 48 178
98 31 118
106 34 78
15 5 33
0 4 145
64 17 122
12 20 157
2 44 6
0 59 105
7 28 109
2 31 150
2 26 27
1 3 55
1 7 100
79 45 145
9 42 186
406 26 155
0 51 66
2 13 98
0 21 58
2 34 17
0 55 117
0 14 109
0 38 147
10 52 108
0 29 72
3 36 195
40 13 6
3 42 37
1 28 43
0 39 83
2 39 104
0 19 51
3 26 26
16 32 109
0 34 50
0 1 150
1 36 186
2 3 159
6 24 121
131 43 86
0 21 194
1 38 101
21 19 200
0 57 170
0 20 35
438 54 59
8 8 67
1 51 135
1 14 94
0 59 106
0 33 191
26 48 176
29 37 23
11 32 176
2 35 186
7 47 56
0 30 25
0 47 98
2 6 169
0 31 172
0 2 28
1 18 87
2 6 83
0 2 164
32 26 133
0 19 4
8 32 105
5 8 110
3 45 1
0 13 195
25 33 77
2 28 50
0 35 84
2 48 56
4 15 21
3 21 38
5 24 118
1 23 47
0 2 103
5 8 88
0 8 115
5 8 66
105 42 71
0 12 109
1 52 70
31 38 179
3 14 36
1 57 85
2 52 160
4 40 154
12 7 51
36 8 92
3 58 162
0 29 4
3 41 154
1 44 5
0 0 38
0 13 105
68 0 157
0 50 80
4 37 13
0 51 102
2 13 184
4 16 43
1 40 125
11 19 86
1 52 94
0 25 122
2 39 24
0 6 105
0 52 66
3 22 177
0 59 130
0 18 39
0 6 37
1 34 52
2 48 102
2 49 116
5 18 66
0 31 41
0 26 165
0 11 167
4 19 151
0 54 146
0 52 3
1 39 110
8 39 45
1 10 199
466 27 162
3 46 58
329 9 54
2 22 84
264 44 192
0 55 95
0 55 72
0 1 39
2 26 108
108 6 8
18 29 130
0 16 91
7 54 172
0 21 188
0 21 168
10 20 182
0 37 84
0 1 5
1 42 129
3 21 103
4 11 175
0 27 65
0 19 29
1 14 64
1 11 38
0 18 112
1 43 45
0 44 38
19 50 66
0 48 51
1 39 18
1 55 37
1 44 53
504 12 74
7 7 76
470 3 145
509 37 144
320 6 186
0 4 174
2 47 186
2 25 175
0 32 107
0 16 98
0 8 173
0 54 28
0 18 135
158 58 8
0 12 52
48 2 53
410 43 74
1 10 13
5 31 44
1 28 164
30 39 22
0 40 116
0 31 54
3 2 62
1 59 72
51 52 127
3 7 31
4 13 33
649 44 138
40 20 53
2 0 76
0 39 95
26 12 7
1 6 50
1 17 98
0 28 46
279 13 94
0 33 84
5 48 61
8 46 45
5 20 100
0 27 43
23 59 152
121 33 38
5 6 88
0 56 162
17 24 61
5 28 184
107 37 101
175 55 97
22 42 75
9 4 106
4 2 50
3 56 3
523 16 166
0 58 90
0 11 30
7 14 72
0 5 160
7 42 174
3 56 95
0 51 62
0 43 89
213 23 79
0 5 120
8 32 165
6 25 37
0 47 92
3 17 61
1 48 133
14 17 138
0 21 131
1 32 179
0 35 63
0 10 124
0 34 20
2 1 124
13 56 131
0 33 192
16 44 128
37 55 19
0 28 176
0 3 145
0 34 183
4 50 50
21 34 9
0 44 43
218 42 167
0 57 173
0 55 7
24 51 74
1 11 75
0 39 68
0 17 38
0 4 63
0 47 183
743 51 93
1 51 44
9 49 133
0 40 66
265 4 62
333 24 181
12 29 66
0 22 72
0 1 51
8 54 1
0 17 149
27 4 69
19 3 188
0 35 168
2 28 95
1 41 101
0 15 183
164 54 49
76 10 116
84 43 3
3 35 26
1 6 37
0 28 38
0 22 163
119 22 35
2 0 27
1 55 165
18 21 159
31 20 100
16 26 29
0 32 102
0 3 96
8 23 18
471 39 160
0 40 156
1 12 92
0 24 198
358 55 196
374 1 85
0 48 191
4 19 124
0 32 131
582 35 74
1 42 6
0 17 101
39 46 194
12 4 184
1 1 50
3 46 89
0 25 157
3 42 154
0 50 70
12 38 91
41 32 10
0 25 144
33 17 91
346 40 183
0 45 145
11 27 51
0 2 180
1 19 133
9 37 134
3 40 85
0 17 134
0 42 150
9 40 184
0 43 198
2 6 150
0 7 40
2 3 80
2 23 49
6 22 141
5 4 127
10 29 4
478 41 104
3 11 63
2 46 13
102 55 54
0 26 12
0 59 80
0 34 12
91 46 108
4 0 32
3 35 52
1 51 76
2 46 10
3 16 55
43 19 53
0 28 122
29 56 39
1 34 158
11 59 131
38 41 35
2 15 52
13 47 83
1 44 81
0 39 144
0 55 106
0 44 131
0 5 110
1 32 105
34 27 119
0 42 133
13 40 186
4 8 184
0 26 57
16 49 85
0 48 91
8 16 176
1 31 33
0 11 43
3 47 128
1 32 57
5 57 10
9 49 56
1 10 95
91 54 109
48 11 122
61 5 144
34 32 158
0 42 150
0 7 85
1 58 154
62 28 194
0 37 133
4 7 80
168 17 18
8 27 193
0 33 186
23 15 10
8 30 198
0 13 118
615 10 107
14 31 80
0 58 58
37 32 72
0 42 86
1 37 90
2 49 43
1 18 49
71 53 70
0 44 65
28 9 190
0 18 132
0 51 110
0 0 172
0 47 16
1 32 18
0 17 66
1 48 81
0 25 139
1 37 120
0 53 148
5 25 157
0 33 164
39 52 85
15 3 174
5 25 81
1 6 98
11 36 198
3 35 130
3 54 25
0 24 184
8 18 61
0 18 184
6 53 61
2 36 106
96 24 10
0 38 48
167 49 83
0 29 98
0 1 47
3 18 149
13 32 18
36 50 189
19 42 108
0 51 141
57 5 182
12 22 175
4 1 73
41 12 172
1 57 72
11 22 112
1 34 110
3 52 52
0 34 129
0 7 163
0 12 94
178 14 199
0 9 44
214 51 11
10 20 175
1 1 4
140 53 168
0 32 52
0 15 27
360 58 198
0 16 134
1 5 72
1 39 150
1 10 1
0 37 93
66 14 84
1 55 191
32 49 74
2 25 158
4 16 9
4 51 152
101 19 133
0 32 2
20 1 154
0 36 147
1 43 23
0 33 116
139 43 134
0 5 24
2 30 196
16 55 120
9 45 128
0 24 127
0 14 120
1 6 113
1 3 59
0 2 74
0 25 154
35 17 123
45 27 105
1 7 47
45 12 158
6 10 159
0 42 62
262 14 183
0 42 84
0 11 172
3 50 130
1 6 16
0 30 59
0 45 168
1 43 27
46 45 125
0 53 22
2 39 188
1 19 11
2 3 94
2 24 153
4 0 119
0 58 8
0 6 41
2 33 27
142 49 12
0 42 138
54 0 2
0 23 188
1 20 79
16 19 79
2 31 80
16 6 160
1 4 118
8 44 138
10 52 166
1 25 174
1 45 93
21 24 195
111 34 160
0 56 13
0 9 93
2 43 100
0 58 185
37 57 129
2 42 101
2 50 115
0 42 198
82 24 36
0 52 75
1 52 21
2 45 83
199 57 116
2 15 101
0 4 140
2 28 122
2 6 117
1 57 132
0 34 164
1 16 14
0 0 62
0 19 19
1 38 126
0 29 141
3 45 134
0 31 70
0 27 70
37 52 110
1 53 198
3 29 166
4 10 169
0 30 60
0 24 105
0 13 160
1 6 192
0 18 195
2 0 149
0 23 56
0 12 199
1 40 87
10 55 39
4 0 194
1 51 153
1 15 124
0 28 93
8 50 169
2 32 73
5 19 82
86 25 71
11 41 3
6 32 122
57 55 81
0 42 73
2 54 122
0 3 169
1 21 50
0 54 176
3 28 32
0 3 133
3 53 103
0 9 171
40 50 145
1 4 24
0 50 10
0 20 19
0 6 70
0 41 98
0 6 66
0 55 142
0 53 64
2 49 97
16 52 74
18 6 25
0 32 119
0 39 11
0 45 74
0 12 90
1 51 25
62 7 74
9 54 166
2 0 2
527 32 41
129 5 135
45 43 167
0 41 75
15 29 62
1 40 197
1 53 77
4 28 29
0 4 186
11 6 36
32 58 102
0 23 21
0 58 183
4 24 125
12 42 26
17 57 52
0 46 53
0 18 159
291 7 12
0 34 144
0 21 151
1 53 74
0 51 95
4 33 82
0 18 47
0 32 3
2 27 42
517 49 3
0 13 39
0 16 140
2 55 137
0 55 43
304 25 117
19 45 56
0 8 156
2 20 3
3 3 22
22 32 140
1 58 148
1 58 131
3 18 119
0 31 117
0 10 71
1 9 76
3 35 64
1 56 6
5 57 78
1 43 108
0 17 185
208 46 184
0 12 134
40 12 126
61 56 46
3 28 99
14 59 118
0 59 137
9 7 8
7 49 138
7 45 120
0 15 115
2 22 135
0 49 75
0 34 189
5 6 104
0 21 9
1 36 56
2 4 192
38 39 152
34 18 131
8 50 41
0 43 103
0 40 119
0 59 4
2 20 167
0 23 138
2 47 158
0 43 10
10 32 51
6 26 103
0 25 184
0 50 139
2 49 183
1 14 45
35 32 74
98 22 11
0 27 143
7 49 125
6 3 112
5 7 86
8 5 96
18 25 174
4 1 125
2 46 188
1 51 117
0 49 69
299 10 50
12 31 129
0 45 8
1 29 92
0 58 179
37 47 111
1 17 109
31 25 185
8 22 112
5 16 153
3 56 70
5 50 143
21 57 142
58 24 115
0 17 151
112 16 193
0 15 121
0 58 94
2 13 176
0 14 140
26 17 146
6 28 165
1 2 127
4 15 160
0 59 67
0 57 17
4 1 79
0 25 25
392 29 196
35 53 123
14 32 99
1 20 126
0 30 87
12 25 24
74 50 139
130 6 83
28 24 156
1 8 95
0 13 59
0 39 132
4 12 128
2 51 176
1 43 101
0 8 46
14 14 34
608 5 28
108 51 67
4 3 52
0 3 140
1 20 132
509 37 21
0 4 110
7 9 167
1 13 158
0 13 42
4 45 13
0 12 128
0 50 75
9 22 199
26 24 107
1 8 12
379 48 88
5 49 150
1 29 161
7 28 105
82 21 199
5 18 78
1 10 97
20 57 39
0 6 47
7 30 171
0 51 152
0 34 198
15 7 118
180 13 35
0 34 58
14 56 152
12 6 38
627 29 39
1 15 100
0 35 21
1 42 186
7 46 124
7 18 44
0 34 112
1 31 167
0 36 104
0 41 91
0 24 21
4 23 106
1 28 190
1 14 33
29 37 92
87 6 161
0 33 114
0 43 112
27 11 122
50 21 52
0 46 178
15 12 134
0 48 34
1 12 38
0 47 145
62 7 195
117 8 151
11 34 84
9 6 153
588 53 72
8 36 95
0 45 163
1 39 131
0 20 145
0 40 157
0 52 80
328 52 197
2 34 79
0 25 172
1 1 92
0 8 161
8 28 109
0 37 65
2 27 37
102 17 132
41 42 137
0 52 149
19 15 87
80 39 126
2 37 100
0 45 144
1 28 174
0 33 182
3 54 144
2 40 165
0 13 158
13 59 63
7 4 60
1 6 35
0 56 1
0 8 145
2 33 71
2 32 27
0 6 68
76 16 96
0 40 124
0 17 185
32 59 169
3 32 189
5 9 142
2 33 195
28 58 185
1 38 28
2 6 133
7 16 127
7 48 149
39 58 67
1 3 92
2 43 97
9 57 187
0 31 131
0 31 48
0 17 124
8 36 186
88 14 8
4 38 114
15 10 35
121 10 69
0 18 149
26 55 28
0 44 66
0 57 118
0 25 194
2 31 1
71 20 55
0 54 87
0 1 98
204 28 98
1 9 168
0 43 4
0 52 168
0 11 120
1 40 65
0 32 194
0 11 15
1 58 56
3 59 199
2 3 84
33 26 23
2 8 129
26 6 36
1 1 171
8 9 29
4 56 53
0 48 122
24 40 61
73 59 73
7 51 45
47 57 8
436 43 177
0 4 165
52 24 114
40 22 159
6 10 143
1 30 109
3 3 160
95 19 187
90 15 90
611 18 113
2 22 60
10 28 102
8 32 40
1 53 192
58 30 140
6 8 23
11 16 57
0 23 112
12 2 119
0 15 122
1 18 189
0 46 164
60 25 162
0 26 149
469 54 187
2 58 58
19 40 83
0 49 5
0 1 10
7 1 195
2 14 22
1 48 124
5 17 179
0 51 101
1 54 6
4 58 114
12 49 13
2 52 10
0 25 182
3 15 65
2 41 131
0 23 134
0 34 198
60 10 74
2 25 181
0 37 142
117 0 142
1 58 55
2 53 41
88 41 14
0 8 60
194 41 191
3 58 74
9 36 48
618 26 158
21 57 49
2 38 120
4 55 84
331 52 156
9 40 136
0 9 76
2 19 129
0 26 56
2 25 3
12 23 17
3 55 132
89 3 163
20 49 169
0 30 69
0 31 81
187 21 96
2 46 38
0 31 121
0 7 119
0 56 99
3 18 177
7 52 160
0 9 54
2 58 15
1 12 175
0 11 168
0 45 167
6 48 137
0 11 65
1 50 9
12 5 187
0 41 194
16 15 26
5 36 180
0 56 71
10 14 1
229 55 27
29 41 107
3 32 142
0 41 126
0 2 84
0 19 126
0 50 178
58 39 192
0 46 36
4 30 93
0 51 58
1 35 96
0 29 176
44 52 193
0 25 3
0 44 16
2 40 147
22 1 91
0 42 112
8 9 21
0 18 51
6 18 157
2 40 123
315 19 95
1 15 112
19 56 173
0 16 2
1 11 33
1 34 156
1 29 69
0 12 111
0 58 111
112 43 196
0 0 176
8 30 4
1 33 120
8 6 89
0 4 152
23 15 117
0 6 111
169 29 135
11 32 110
5 22 77
1 21 29
0 42 200
282 25 147
0 11 154
1 56 139
1 44 157
2 48 58
0 38 124
5 14 164
7 46 71
7 48 73
0 34 165
7 2 5
10 3 106
0 35 134
0 47 33
1 23 189
1 9 134
1 19 68
8 25 34
1 2 8
0 11 1
0 2 26
2 12 102
2 28 107
3 59 95
0 39 188
2 12 73
1 9 71
0 3 125
1 58 173
3 3 44
1 7 97
1 55 124
0 0 2
0 51 103
5 27 133
3 41 72
0 38 156
78 4 160
1 26 24
0 6 33
0 58 85
70 26 65
0 6 166
2 58 61
349 41 173
26 4 162
115 42 57
12 47 58
16 32 144
5 51 70
2 17 131
330 2 95
7 33 99
0 10 153
4 13 53
77 18 140
40 36 5
0 59 155
21 2 145
0 41 125
3 31 94
2 6 112
0 25 138
1 55 157
0 39 134
4 21 53
1 13 25
5 38 114
11 12 33
0 38 29
0 50 165
3 13 14
3 11 169
13 2 86
0 38 129
0 3 153
0 23 34
0 7 194
0 49 104
25 54 101
2 51 95
4 58 130
0 45 156
2 38 96
0 37 102
30 48 87
0 4 180
2 45 168
3 58 49
3 7 132
8 58 34
397 35 37
0 54 175
13 48 16
0 54 142
4 55 185
0 53 169
7 9 4
0 49 39
1 32 131
0 50 103
0 19 90
1 41 127
2 7 139
4 40 97
0 30 34
0 27 177
0 27 61
35 29 116
1 14 197
10 4 166
2 55 88
0 22 85
0 23 138
0 58 190
1 31 91
0 23 176
0 17 101
1 15 2
8 29 62
17 34 130
2 31 43
10 41 120
0 16 128
0 11 71
3 50 156
4 22 5
0 32 43
0 54 59
19 35 90
0 40 90
11 47 65
77 9 18
0 58 151
1 35 124
4 15 127
4 42 84
1 44 171
8 21 15
19 19 180
0 53 67
3 15 80
4 36 11
8 52 109
0 15 158
0 34 2
0 30 176
5 7 107
0 29 22
1 16 177
0 49 101
0 2 174
2 11 61
0 8 110
0 29 73
0 3 5
0 17 91
0 58 77
9 27 79
0 39 189
10 22 77
4 50 182
0 18 74
0 0 33
0 12 24
30 18 41
5 21 42
16 51 177
25 48 105
2 21 1
5 59 186
7 28 42
1 59 133
6 51 12
0 7 1
3 26 155
13 29 53
82 23 108
0 0 152
0 41 184
0 14 123
243 31 135
5 22 103
5 23 86
7 57 156
517 54 40
2 53 102
0 7 81
0 38 60
1 10 123
0 40 38
4 44 180
0 28 130
1 40 87
1 4 128
0 12 169
0 22 48
6 46 25
262 36 138
11 52 151
433 20 142
13 58 176
0 55 71
0 13 140
1 51 51
0 24 54
1 44 199
1 57 86
25 8 18
3 24 90
0 42 56
10 21 14
0 40 87
2 40 50
0 7 83
3 50 128
19 42 44
203 10 45
10 22 54
0 35 112
0 41 50
0 2 130
0 47 81
2 0 64
0 19 150
0 32 69
1 42 105
2 41 152
2 46 60
12 4 75
1 41 37
0 24 30
1 17 12
90 46 124
215 12 83
9 54 50
4 12 125
6 28 19
212 50 199
1 57 40
3 19 44
0 15 152
1 51 176
198 24 117
36 58 129
37 41 160
37 8 112
2 37 124
9 43 107
1 46 100
10 58 25
0 21 169
14 9 45
0 29 172
0 39 26
104 21 156
1 2 170
0 52 195
49 12 175
79 2 127
455 4 148
0 44 164
2 33 109
0 2 195
1 12 47
0 12 76
218 41 137
1 35 157
28 20 114
0 22 63
0 47 41
0 36 77
0 38 177
2 24 37
21 17 166
0 4 73
1 20 178
6 59 30
0 4 76
3 26 158
0 17 36
0 18 105
0 37 19
16 14 176
0 25 108
0 54 87
4 36 154
66 12 125
0 55 192
4 39 86
0 47 131
652 43 150
0 45 56
0 32 192
3 13 94
0 42 196
2 53 22
0 47 186
4 18 161
0 36 113
2 55 179
12 20 114
0 57 191
0 43 22
1 58 174
0 7 112
0 11 16
0 51 71
0 12 81
1 39 44
6 17 147
3 29 158
0 31 150
0 48 2
33 56 176
0 48 6
0 7 90
8 45 182
0 5 78
599 32 137
2 13 44
0 45 103
10 34 50
4 17 178
0 52 188
1 41 24
34 27 162
8 4 118
0 29 112
0 59 6
82 18 98
23 19 90
39 5 131
202 8 126
1 30 3
0 16 24
42 29 142
4 30 142
3 10 177
20 40 182
42 57 78
1 2 156
1 34 27
66 34 55
5 11 74
3 36 23
3 30 141
0 47 85
0 20 128
8 26 186
3 24 47
268 31 86
36 3 149
5 45 96
0 1 38
4 57 34
1 45 38
1 44 56
10 14 186
35 27 71
3 43 91
1 10 59
2 23 90
0 1 144
1 0 179
0 12 54
38 23 186
16 53 46
1 27 160
0 17 101
12 46 49
3 50 156
6 45 107
0 12 134
0 22 91
2 12 130
0 35 13
9 23 199
628 0 15
0 47 93
2 2 189
21 37 15
152 40 35
11 17 172
0 17 36
0 0 200
24 36 177
3 38 133
5 8 185
0 42 188
3 50 119
1 56 25
2 55 198
338 42 125
111 23 115
4 34 176
8 14 50
53 34 12
10 47 31
398 55 162
2 22 16
0 35 8
7 49 2
89 27 84
37 39 86
0 21 43
1 37 18
5 59 140
1 1 46
19 19 82
3 19 154
3 19 78
1 54 71
20 12 143
45 3 197
11 31 107
0 32 79
1 31 14
1 15 162
0 36 45
3 29 56
501 49 86
0 9 183
3 56 28
1 18 194
0 1 84
11 33 126
4 22 46
14 40 195
1 54 114
5 0 139
2 50 7
72 5 186
24 44 149
12 50 130
3 18 41
0 30 134
0 48 134
31 8 19
22 47 40
0 45 107
52 3 174
0 13 107
2 22 64
1 22 141
0 33 138
36 54 119
4 28 48
0 18 142
4 47 90
1 12 146
0 24 19
1 8 159
0 35 2
3 49 194
2 43 31
0 39 121
0 1 66
2 21 120
9 58 107
0 47 43
3 56 54
0 17 10
0 20 112
0 18 106
1 14 79
35 25 42
0 54 1
0 36 12
5 46 47
23 53 115
0 26 46
0 58 200
21 44 91
1 43 37
21 59 173
27 38 59
1 18 33
0 11 76
6 33 49
19 46 53
0 5 95
0 29 182
8 39 62
0 58 110
0 59 131
1 56 146
1 47 139
13 5 200
14 5 138
3 43 38
20 27 146
5 56 64
0 3 132
1 21 173
0 27 44
0 55 65
11 43 52
13 42 30
1 23 95
3 17 112
2 53 111
0 36 164
10 42 40
15 42 51
5 14 109
3 19 173
13 53 87
0 16 101
110 35 178
0 15 137
1 3 181
1 23 76
5 56 61
133 23 54
3 38 199
44 41 27
6 23 55
1 39 2
2 3 153
3 16 20
8 4 17
3 53 63
7 40 169
0 3 169
0 13 140
0 12 187
3 5 43
8 34 146
670 59 199
1 9 87
2 4 161
8 23 167
1 19 15
22 18 70
1 17 48
1 49 22
133 51 60
0 3 73
0 18 13
109 18 109
700 2 12
1 41 40
3 13 191
53 16 126
24 12 171
0 6 132
0 52 170
0 49 38
0 24 83
4 11 193
0 47 89
130 11 165
1 14 144
2 37 166
0 10 63
1 44 162
0 44 143
1 52 11
12 42 19
0 31 30
0 22 192
0 16 12
0 27 11
9 1 123
1 40 9
18 6 43
36 0 4
23 17 70
4 51 182
0 16 123
13 34 44
1 35 151
0 3 53
0 22 41
0 59 82
5 14 38
9 32 82
3 12 63
1 41 162
1 14 109
1 44 7
4 29 59
7 35 59
7 56 23
1 56 16
0 48 5
238 5 179
0 20 149
0 57 2
11 56 45
0 54 157
1 28 184
2 49 144
17 12 74
8 58 134
0 21 169
0 1 142
4 27 151
2 41 46
4 54 137
55 53 185
138 41 141
2 0 143
2 42 168
16 59 182
0 9 108
7 49 135
19 52 57
1 8 83
41 59 61
4 6 66
6 33 37
1 17 21
0 43 3
2 49 21
51 6 129
9 20 193
156 39 161
2 28 114
0 58 194
150 21 62
0 8 80
0 23 122
0 25 14
0 40 74
1 33 24
2 21 97
1 4 137
0 29 125
426 58 123
75 8 50
0 31 67
0 14 160
5 35 122
0 55 11
0 41 31
0 37 131
1 28 53
8 6 113
0 46 96
6 59 9
0 9 71
59 20 138
2 40 130
2 2 167
13 34 104
0 29 42
1 38 124
13 57 33
58 47 111
0 46 92
0 19 49
145 19 68
0 18 49
0 35 102
9 54 11
2 56 150
0 30 143
0 9 196
0 50 43
0 16 109
7 3 170
0 15 97
0 24 168
1 35 62
0 27 181
1 59 196
39 7 119
0 55 56
2 2 193
9 48 12
1 18 140
18 13 129
6 28 154
1 45 143
1 53 160
3 46 73
8 41 129
22 24 38
42 50 142
0 27 118
3 26 20
0 25 196
661 54 189
1 48 103
0 18 70
0 0 99
0 25 24
29 10 139
0 43 17
2 22 21
0 41 178
77 36 103
15 4 52
51 23 1
0 20 139
1 0 81
1 33 79
0 45 89
1 13 59
1 59 160
2 6 88
2 28 26
134 51 18
4 26 131
2 34 195
0 58 169
9 14 107
379 56 65
1 10 163
0 41 60
0 42 120
0 15 141
0 34 82
5 44 155
0 49 87
73 37 4
3 9 164
0 55 68
2 16 127
0 53 132
3 56 156
0 46 184
0 37 120
36 5 182
0 17 44
3 13 121
30 51 161
0 41 40
0 56 52
1 12 30
48 1 195
1 23 33
3 20 52
106 54 119
2 12 95
0 13 145
0 30 96
8 0 183
4 16 109
0 12 163
4 46 73
1 20 126
366 35 20
3 1 90
83 50 200
459 58 174
3 2 194
1 40 136
0 15 155
2 1 170
3 44 74
128 13 30
2 27 155
37 1 96
5 54 185
28 27 70
2 12 107
2 4 134
19 38 85
0 51 57
0 50 39
0 23 181
21 45 189
0 5 190
1 19 81
20 10 161
405 20 51
0 3 66
3 10 93
20 56 39
5 20 71
5 40 19
0 3 142
1 19 95
115 28 55
0 17 169
21 12 115
4 48 100
180 10 121
3 45 89
20 17 78
397 50 44
0 10 170
0 41 129
2 30 130
0 7 34
1 35 51
6 0 80
127 7 3
0 38 3
1 4 109
4 4 85
1 32 115
0 26 178
11 58 103
0 22 167
5 27 176
6 38 50
13 5 1
0 34 77
0 16 35
1 14 6
47 40 101
1 32 130
5 33 8
1 32 77
18 54 52
1 52 75
2 45 116
0 48 72
1 14 52
1 55 109
92 56 67
41 47 160
171 59 32
8 34 14
0 35 38
0 15 160
0 48 139
10 20 33
3 49 154
84 24 42
0 2 99
0 41 49
537 28 67
19 7 92
16 29 131
3 27 174
0 17 177
25 52 195
25 57 195
6 56 153
2 22 123
72 55 96
1 7 188
77 26 86
0 20 149
3 16 100
0 27 173
0 32 188
0 36 29
0 29 106
4 13 29
24 46 190
241 28 61
15 21 72
14 9 119
1 59 113
1 32 92
2 10 133
0 40 109
2 12 156
0 36 4
23 31 85
31 34 109
113 55 175
64 50 107
2 52 87
61 30 140
3 16 137
14 0 107
0 37 115
21 12 45
3 7 53
0 45 69
0 36 157
17 29 61
0 37 155
0 42 79
11 14 152
396 50 154
0 34 163
0 35 155
1 3 66
64 37 84
3 25 86
52 18 178
0 10 118
166 25 106
0 15 162
4 0 75
0 48 180
0 33 141
1 27 157
2 23 100
0 8 176
3 17 83
0 15 3
0 14 78
2 39 44
9 30 46
21 5 23
9 3 154
4 25 125
0 1 163
63 43 162
3 57 41
5 27 120
0 12 30
101 42 115
1 41 48
1 24 104
1 35 183
51 41 173
1 0 100
6 59 21
0 18 175
1 46 32
139 33 30
9 8 48
0 50 172
138 12 114
1 10 172
0 21 167
5 7 115
76 28 14
0 56 5
0 50 191
2 14 86
3 46 46
1 37 113
2 25 97
0 7 131
3 9 21
18 8 122
0 33 50
9 15 135
136 0 194
392 30 23
1 52 118
6 30 2
0 51 144
9 8 8
0 30 44
0 36 176
158 36 70
0 43 146
0 31 33
0 42 16
20 53 114
0 58 125
2 47 52
0 16 17
11 53 146
0 37 117
10 11 148
0 0 165
1 48 131
0 27 152
1 38 162
6 55 160
24 13 146
0 29 103
3 1 77
0 34 46
1 46 181
1 53 37
0 27 136
33 57 55
5 55 100
0 54 110
19 41 115
99 7 187
2 25 135
15 38 1
0 55 102
15 9 92
3 6 36
0 47 148
0 7 19
21 56 71
1 23 191
13 54 148
5 30 75
2 33 29
0 42 92
109 3 19
0 48 167
0 7 184
338 40 10
0 54 23
0 5 112
0 49 104
0 54 178
26 40 58
9 29 7
0 10 16
5 49 130
2 25 16
0 28 198
0 40 113
33 17 167
0 15 85
0 46 127
10 1 89
1 17 114
3 51 41
0 10 135
9 38 64
44 4 4
4 27 146
348 4 159
68 2 177
54 23 128
2 46 32
1 57 109
71 19 181
7 53 148
46 13 53
1 34 132
0 14 109
5 18 70
0 19 93
0 41 169
2 2 142
0 10 17
46 20 97
0 23 102
0 32 52
0 24 89
1 51 15
0 42 170
58 53 189
1 33 189
0 22 196
71 2 25
0 13 130
0 32 56
4 12 95
3 11 157
0 12 73
0 26 52
0 29 76
455 33 83
18 2 196
2 15 104
1 57 84
1 33 103
12 17 138
0 46 150
14 49 38
2 58 148
7 49 147
2 9 110
0 36 162
0 13 177
3 1 20
3 59 175
11 3 113
15 35 46
0 28 175
169 6 199
0 11 157
0 29 154
4 36 11
198 51 81
31 45 85
0 25 35
32 1 83
2 39 196
326 30 16
0 30 167
167 5 182
0 5 49
2 45 20
0 23 5
1 8 21
156 41 128
0 53 95
6 13 192
0 6 135
1 14 198
4 18 196
6 28 132
1 21 78
0 21 26
0 27 99
463 28 90
0 8 196
1 53 23
1 1 186
0 12 163
0 7 86
0 44 152
416 35 50
1 50 121
0 39 62
0 40 81
0 55 54
1 36 22
12 8 120
0 37 46
2 28 187
3 37 99
1 26 14
0 42 36
1 59 154
43 42 6
0 18 66
1 55 160
0 26 136
11 36 109
2 6 38
0 53 85
22 15 23
19 53 52
1 35 97
0 2 102
75 12 68
8 58 169
2 9 44
3 25 176
0 20 182
2 57 61
16 50 14
169 41 131
1 34 9
1 21 12
0 58 152
5 50 108
2 30 5
8 52 125
6 15 71
145 19 173
0 52 38
0 6 3
0 27 85
20 47 40
12 6 77
2 51 103
72 15 78
0 1 120
0 21 127
0 44 196
5 28 97
2 26 113
1 18 56
1 55 28
24 11 74
31 39 63
0 41 189
74 19 101
7 47 123
0 44 12
67 12 133
2 33 95
8 27 153
0 18 123
40 51 50
0 41 179
0 50 14
2 45 64
0 57 33
4 28 161
0 19 149
22 37 182
0 47 184
68 55 126
216 5 76
5 59 107
0 38 80
0 57 168
1 15 122
11 31 146
0 29 20
49 0 175
25 47 49
0 8 30
1 26 198
6 15 52
0 31 74
4 14 63
34 17 185
100 28 66
12 34 18
0 14 39
0 59 103
84 45 129
0 17 20
469 7 100
1 48 9
1 44 65
86 17 72
2 50 51
0 25 16
0 55 36
9 3 184
512 57 49
0 8 72
0 18 120
105 44 18
14 25 182
87 25 191
58 50 162
0 14 2
0 43 52
13 44 166
2 53 19
59 32 148
34 9 8
0 57 56
2 19 190
1 50 31
0 49 98
0 57 88
0 2 116
2 32 126
1 23 40
161 57 28
0 58 36
1 27 54
2 35 132
2 41 171
0 48 29
18 5 141
4 38 127
108 23 68
1 12 157
72 45 43
0 1 170
0 7 42
1 57 152
0 30 59
0 37 13
1 1 38
0 6 140
3 31 98
1 43 174
1 45 119
0 46 45
1 11 195
1 20 21
0 25 174
0 5 66
16 0 72
16 46 5
106 46 142
1 55 159
23 16 176
0 46 38
0 34 101
0 18 179
0 13 173
0 43 94
164 0 64
47 48 62
30 34 140
5 11 115
3 50 196
1 56 28
2 25 156
0 53 196
0 38 152
699 53 173
1 33 4
10 39 163
5 41 153
0 43 142
243 12 179
12 47 93
3 1 195
260 17 55
0 52 137
37 44 193
43 27 94
4 6 39
0 28 98
6 15 133
4 14 71
0 49 65
1 5 131
1 46 5
2 54 82
13 27 190
0 13 10
11 43 193
0 53 145
203 21 34
0 59 151
9 20 178
0 59 127
2 34 134
0 57 111
74 25 98
4 37 71
169 17 143
4 2 39
0 28 188
12 41 74
6 52 85
0 43 123
20 58 40
5 42 1
0 13 102
4 58 49
0 6 132
0 51 184
0 37 130
2 52 181
4 13 22
5 44 5
20 5 165
44 49 28
5 53 185
0 3 55
0 17 154
89 22 181
6 49 34
12 15 17
5 41 54
3 45 2
0 17 28
10 57 16
8 44 181
0 32 70
0 45 140
0 58 88
0 55 148
37 16 183
4 2 196
1 35 4
40 31 120
0 25 96
0 29 120
0 30 129
27 26 150
1 49 60
3 7 131
0 10 75
2 11 137
1 56 171
4 44 161
10 33 4
0 8 16
0 50 76
1 22 121
0 42 28
1 55 41
1 40 32
13 8 97
0 24 167
7 21 194
0 20 60
1 18 1
2 30 107
8 10 89
38 38 63
6 42 85
11 29 192
1 12 19
0 51 56
1 18 60
19 49 133
5 5 123
0 27 186
28 56 3
6 1 44
9 24 189
1 50 128
0 21 54
5 27 112
13 23 72
0 39 48
0 47 60
0 52 167
0 6 41
0 4 155
35 28 69
0 22 73
0 44 77
1 12 12
18 48 135
1 19 42
0 14 41
1 11 17
12 59 166
107 32 87
93 45 16
0 1 168
3 26 177
0 41 8
1 24 79
1 31 49
2 23 72
1 46 95
0 28 51
4 51 22
61 8 159
12 2 104
7 9 126
0 36 156
0 9 43
5 18 38
10 20 183
2 12 62
0 2 104
0 30 6
182 3 5
0 41 70
0 36 68
21 55 96
4 7 61
0 49 92
0 55 76
8 44 156
0 40 66
89 30 109
0 29 74
0 40 115
2 13 29
204 15 3
9 8 6
0 47 50
3 14 82
0 37 2
52 21 74
42 0 94
24 9 17
6 58 38
1 13 148
0 29 193
0 38 16
14 29 28
512 52 5
2 10 110
60 20 19
1 12 182
161 26 184
0 24 88
0 7 184
63 46 111
14 55 128
83 13 83
3 27 119
25 47 86
1 5 41
2 52 114
0 54 63
1 35 118
53 40 92
0 58 135
0 49 145
3 30 180
9 14 28
0 16 142
0 58 139
0 19 7
1 50 29
0 46 102
0 7 28
6 16 58
0 12 76
3 59 57
0 58 115
0 1 175
10 33 25
1 59 128
68 40 39
10 18 134
1 25 198
0 3 177
0 43 141
2 58 190
2 58 73
0 55 94
0 22 67
138 36 9
531 56 12
0 19 142
29 52 189
0 40 2
0 52 192
0 1 5
1 14 60
39 17 12
1 13 95
0 6 155
0 20 104
5 7 176
0 6 48
0 47 164
10 17 167
0 4 10
1 32 45
45 53 194
37 40 88
432 59 94
0 57 26
0 59 186
0 3 121
49 29 103
104 15 75
2 53 113
85 15 50
175 18 178
0 0 59
0 26 169
1 15 128
0 28 12
1 7 126
0 22 168
16 53 125
0 6 163
1 41 156
0 22 22
0 49 149
2 42 138
7 30 119
5 29 57
20 26 189
0 49 114
8 51 40
2 3 77
0 38 45
3 2 159
0 50 150
1 50 84
11 58 74
0 50 112
17 22 173
0 29 159
0 31 77
1 47 169
15 5 84
486 9 125
4 34 81
54 20 185
0 18 53
0 21 195
0 19 191
241 3 189
4 36 75
3 28 44
0 1 38
11 19 60
51 56 82
11 12 102
1 53 116
23 26 32
39 30 28
499 18 186
5 43 65
0 10 174
592 2 114
0 15 51
315 57 43
12 23 156
5 54 46
0 53 56
1 35 10
1 24 183
17 15 55
0 6 94
4 9 148
0 1 126
49 4 138
0 37 143
5 18 64
0 56 53
6 29 63
0 2 31
58 51 14
5 19 83
3 46 17
0 20 28
0 49 45
113 16 37
1 31 164
0 27 21
0 31 82
78 33 168
1 52 200
0 37 135
33 48 70
0 46 124
0 57 72
5 17 43
1 8 9
660 17 20
1 10 50
0 51 3
0 57 94
0 34 169
25 31 165
8 49 20
1 48 140
3 52 4
0 34 45
87 4 69
0 51 82
4 19 70
0 0 50
0 19 190
9 13 150
1 8 15
0 33 58
8 26 197
1 55 137
0 37 112
2 3 73
5 7 100
9 43 171
1 37 154
2 57 22
0 47 106
11 25 88
0 25 176
1 14 95
10 23 21
0 55 125
59 9 171
1 3 137
20 10 184
0 22 188
9 47 11
0 3 13
44 53 9
4 50 1
0 1 12
0 12 199
1 29 139
0 18 54
0 49 45
0 39 42
85 40 106
9 51 169
1 10 191
0 42 95
0 52 119
0 56 3
6 16 180
2 55 195
0 50 55
0 25 72
0 50 187
40 40 124
1 49 89
54 19 110
32 18 134
6 29 17
6 17 133
0 9 175
0 14 138
0 39 91
42 17 79
0 30 174
0 17 82
57 24 42
40 32 7
0 37 129
1 23 58
1 45 152
191 13 108
3 6 93
2 54 170
6 7 139
18 54 157
0 23 13
5 52 155
0 35 40
4 12 149
4 23 8
29 20 40
232 19 178
22 25 50
111 2 47
11 18 152
0 50 34
2 19 189
3 51 61
0 10 174
27 56 198
2 58 17
8 18 200
75 32 54
1 27 165
10 4 20
0 4 196
10 16 108
44 16 7
6 0 84
25 18 76
0 58 116
0 21 55
12 25 153
0 41 197
10 45 26
1 37 39
1 55 38
8 28 31
10 14 11
85 0 162
1 25 176
3 54 23
0 48 26
18 23 200
8 42 171
15 28 142
7 9 38
609 26 162
1 39 182
4 59 82
1 20 191
0 32 139
0 12 39
481 23 23
0 15 148
1 11 36
0 58 185
0 55 138
66 27 96
24 34 108
7 1 98
1 43 189
0 1 20
0 59 11
67 42 192
0 37 171
1 39 80
266 9 157
102 41 39
1 45 94
40 24 57
3 1 133
11 28 23
0 39 164
23 31 181
5 31 104
3 34 140
3 8 109
9 23 38
57 55 13
0 2 154
30 39 178
12 43 111
0 13 168
9 28 134
2 21 61
4 12 65
0 15 2
0 35 184
0 2 192
100 25 166
13 53 74
138 4 142
0 12 29
0 57 128
9 47 7
61 12 23
10 47 19
0 7 140
3 49 87
24 5 104
1 53 101
22 16 46
1 59 120
4 49 60
4 38 99
0 21 50
0 20 173
4 41 55
0 23 3
75 18 142
0 21 162
40 41 37
24 37 86
74 52 124
81 27 18
78 17 101
8 5 31
36 42 44
6 44 111
9 26 114
2 23 72
2 37 169
2 29 111
0 41 14
14 6 3
3 18 3
0 14 117
0 15 93
0 38 158
57 7 60
8 37 182
12 34 168
25 45 188
0 43 75
26 37 121
158 23 69
0 19 51
2 6 41
8 43 127
0 15 3
0 42 12
0 47 23
1 35 104
50 46 134
10 9 182
0 39 129
2 45 156
0 18 21
43 45 4
0 11 104
1 15 36
18 18 105
35 19 168
0 20 13
10 41 195
103 55 56
1 45 31
0 4 18
46 48 110
30 15 74
2 26 79
0 34 45
0 57 43
1 26 29
2 14 29
2 25 162
31 40 130
3 17 197
0 27 153
1 29 18
0 18 126
34 3 151
11 18 161
15 4 135
3 53 191
90 1 171
0 13 101
0 4 142
0 56 188
0 23 178
1 7 140
1 21 2
1 34 19
4 59 152
0 53 152
0 35 79
1 36 150
0 45 64
23 7 196
0 52 153
15 12 54
0 4 2
0 11 63
2 20 101
70 11 77
17 18 179
1 14 9
95 49 112
7 56 37
3 6 19
1 19 73
0 32 162
1 59 106
13 34 17
0 4 146
0 36 42
0 38 48
3 47 153
4 50 115
1 7 76
3 48 82
0 30 64
1 20 191
3 13 93
10 39 66
10 16 194
17 25 137
0 15 171
6 40 36
0 6 27
1 57 146
76 45 108
0 58 110
0 38 77
0 22 28
0 51 93
217 15 14
72 31 126
175 55 177
166 0 30
0 43 156
2 43 2
0 13 18
2 45 147
132 10 128
7 38 200
7 49 159
2 46 169
1 5 17
2 20 24
76 34 172
0 34 115
1 11 160
15 42 81
3 0 95
265 2 30
13 40 107
2 58 10
2 15 26
0 24 71
0 56 12
1 10 12
0 1 27
0 37 136
716 42 139
23 52 127
0 36 62
2 18 99
89 44 120
0 41 111
15 56 26
0 10 7
49 51 167
8 50 55
0 51 53
74 55 119
3 49 136
0 45 59
0 13 184
0 6 9
3 28 162
4 11 41
0 31 26
0 3 68
0 17 45
0 52 134
1 17 179
0 17 10
3 17 38
26 31 192
0 5 23
1 28 46
0 55 4
6 28 52
15 6 36
0 42 87
5 2 59
0 45 112
3 26 44
23 34 139
5 56 116
31 23 59
2 10 39
2 27 153
2 24 156
1 17 80
0 1 26
0 3 126
103 47 186
63 4 25
4 18 73
4 13 34
4 21 195
18 39 59
0 32 130
0 23 189
0 47 101
7 46 167
5 27 10
1 0 195
409 2 65
18 45 4
0 36 184
388 43 85
4 44 41
101 24 119
153 8 27
0 56 112
715 23 118
0 2 18
0 55 138
0 47 180
1 35 39
0 39 85
1 44 108
0 58 193
12 42 64
1 1 20
9 21 154
1 8 88
131 36 41
185 1 37
0 58 67
0 45 199
0 41 180
1 27 20
6 22 109
2 15 187
37 29 175
129 19 166
0 13 74
0 48 75
0 20 162
48 59 41
0 17 181
3 19 171
0 23 35
1 56 80
1 42 114
170 8 41
0 8 140
0 15 45
133 33 144
81 54 191
1 32 79
34 17 167
2 36 36
1 50 167
68 7 71
45 36 189
17 20 82
33 11 98
2 10 189
0 38 156
0 52 198
0 0 89
0 59 140
1 46 200
0 19 80
27 29 56
0 16 158
70 5 158
215 44 101
43 42 40
3 37 115
0 57 70
0 14 157
4 12 22
0 2 151
0 40 101
0 11 139
0 22 46
1 6 72
0 53 49
0 29 130
0 20 48
3 16 128
5 25 42
15 41 26
0 5 32
12 11 19
1 49 181
4 27 148
0 46 170
510 1 194
0 3 191
44 33 62
15 56 88
0 49 119
65 25 64
124 38 51
14 52 170
2 43 180
4 30 121
0 36 123
1 37 149
18 15 21
0 2 94
4 4 64
20 6 52
3 27 52
285 40 182
22 33 5
0 37 162
2 13 25
1 3 67
0 45 119
0 15 14
0 28 169
53 48 106
9 20 116
37 2 152
19 58 70
2 4 63
0 3 41
1 9 116
33 34 81
2 1 71
9 38 49
0 17 42
585 11 154
61 0 2
0 52 18
27 25 109
1 14 31
1 49 45
1 45 86
3 28 38
3 45 15
7 27 3
5 9 36
1 56 183
1 50 3
0 11 75
0 49 165
240 57 112
0 32 5
0 26 195
0 39 161
3 38 9
0 27 171
2 1 75
5 2 40
2 10 154
38 14 63
1 55 144
7 34 165
0 16 88
344 55 161
6 55 177
2 47 143
0 24 119
19 25 101
2 59 158
105 8 128
64 4 165
0 13 105
175 57 75
10 36 4
0 4 27
12 32 59
21 49 91
30 6 24
37 42 46
0 49 166
1 53 42
182 18 76
10 14 86
95 22 91
0 37 33
0 45 48
0 42 34
6 22 70
0 35 47
0 49 186
3 10 38
9 59 141
0 33 160
0 21 188
0 43 68
6 29 14
0 20 19
1 17 147
0 55 66
35 1 74
0 34 196
17 58 117
9 6 141
0 2 62
25 3 44
3 39 144
265 48 183
0 21 118
2 22 164
5 17 120
1 29 172
0 56 129
3 55 72
1 10 135
6 31 153
0 28 116
17 23 145
4 39 80
3 55 58
126 57 83
1 40 64
0 53 190
1 46 137
1 21 65
0 48 193
115 45 65
13 21 93
4 51 19
17 30 127
4 30 55
0 13 88
4 49 199
16 57 88
0 48 42
3 15 162
5 51 72
0 9 112
6 16 129
222 39 69
13 49 148
0 56 133
0 7 69
29 42 169
0 51 100
1 23 80
0 2 35
17 29 142
0 6 136
0 51 92
1 29 195
0 54 101
1 46 144
18 5 135
12 58 84
188 5 132
0 59 38
0 36 179
0 59 33
1 13 139
3 52 7
45 22 36
1 56 1
1 21 189
2 12 108
3 48 74
0 50 49
2 12 126
4 43 193
0 30 16
0 13 168
0 18 14
796 9 53
0 21 21
133 29 89
24 18 46
9 25 196
0 32 41
0 4 44
0 25 73
16 4 165
0 56 46
0 41 166
2 55 191
0 22 43
4 50 178
91 6 14
0 55 134
74 49 57
13 33 47
0 33 67
0 3 162
0 50 59
0 7 18
0 10 192
1 48 178
4 12 54
13 7 155
0 53 56
10 1 97
0 17 130
1 44 76
1 20 81
22 55 93
0 21 164
8 9 159
0 7 77
0 28 165
4 45 184
0 54 99
0 24 38
5 19 149
0 59 70
0 8 29
1 13 127
65 55 22
0 5 153
1 57 123
4 2 109
1 11 68
6 51 13
234 30 124
1 3 90
1 43 98
1 58 166
21 28 63
10 27 106
1 47 147
0 4 35
6 18 70
0 37 130
54 17 40
180 11 189
0 58 160
0 53 170
1 45 43
3 39 119
0 21 46
0 29 190
0 40 178
6 43 9
6 1 190
0 44 139
0 50 172
0 28 37
4 37 106
4 43 52
0 38 52
1 57 145
3 37 50
6 2 67
1 47 62
1 51 135
0 11 163
18 31 184
0 49 36
0 1 16
2 0 175
0 1 36
0 54 58
0 49 191
8 4 111
8 27 67
6 47 19
21 18 164
13 51 25
125 15 132
1 10 146
1 27 127
0 55 45
2 19 19
2 0 28
0 38 11
0 48 171
3 15 49
1 14 88
10 7 23
2 28 97
0 36 31
72 13 59
182 14 172
2 12 91
29 58 186
3 53 86
0 31 140
0 52 27
0 58 2
4 50 74
2 38 190
1 37 151
0 34 127
114 47 140
0 33 62
40 46 139
224 42 38
0 45 126
4 50 29
115 36 83
0 53 182
7 48 52
14 11 62
18 23 85
50 33 134
0 55 168
0 36 28
97 2 52
1 46 16
9 4 192
0 43 136
0 7 67
148 34 37
352 51 47
2 57 51
12 44 101
2 36 84
6 15 163
0 50 159
5 56 1
1 21 178
0 58 79
0 40 145
0 28 100
36 3 143
80 42 186
0 16 169
9 38 115
2 27 121
2 40 130
2 33 34
0 14 46
23 12 50
0 23 37
1 43 180
15 46 10
87 50 152
6 33 51
0 20 81
1 43 2
184 53 163
18 27 131
101 1 102
0 18 102
1 53 117
3 3 5
685 43 132
1 24 35
2 56 153
1 31 17
0 52 93
0 13 8
11 5 167
1 4 9
2 56 75
4 1 48
24 35 148
0 27 63
0 1 64
2 0 157
26 14 144
0 31 92
0 33 131
1 33 124
0 35 48
47 10 195
11 46 146
0 36 98
0 1 186
1 9 32
32 57 184
0 6 29
0 59 117
1 3 43
0 55 115
2 9 120
111 39 185
12 36 199
4 16 126
0 58 191
1 3 49
11 11 179
14 46 15
0 50 66
18 32 123
698 42 49
125 13 179
0 59 14
1 15 81
0 36 54
0 9 158
10 50 12
0 30 33
15 41 145
13 22 195
19 40 64
5 3 175
0 34 76
0 45 37
0 21 15
0 55 142
0 58 180
0 58 106
0 15 50
1 24 188
114 14 13
14 2 156
23 2 125
0 29 149
35 48 138
4 25 44
0 11 58
1 46 101
0 41 122
0 40 55
0 16 72
3 41 3
0 55 5
1 35 62
22 15 106
0 44 152
38 8 30
5 0 78
2 20 26
2 4 37
0 42 163
0 52 119
15 34 58
1 36 182
0 23 79
0 43 113
2 26 90
64 44 51
321 14 200
0 59 139
1 33 89
129 0 118
4 13 69
20 9 177
0 55 90
1 23 110
32 42 105
1 53 70
0 34 179
2 24 158
1 31 104
0 7 154
2 38 64
3 7 5
0 3 5
41 23 158
3 43 129
10 20 45
0 22 138
0 57 50
15 20 190
0 48 125
146 34 157
80 21 5
0 50 40
14 9 18
20 1 113
0 15 60
1 36 83
61 55 176
2 47 6
2 8 19
0 39 129
63 0 198
2 22 86
1 42 9
0 12 154
0 36 65
0 52 72
0 0 30
0 45 133
639 23 183
0 11 150
1 15 153
4 15 58
44 42 3
2 5 198
0 9 37
40 44 107
1 13 62
131 19 67
0 42 165
15 20 77
0 50 98
3 28 92
94 57 64
4 44 83
4 48 164
7 48 8
0 54 138
37 5 123
0 27 129
1 41 6
0 37 106
4 8 93
4 17 197
17 41 137
1 26 105
0 12 139
0 47 16
0 6 56
0 37 191
35 40 153
2 35 31
4 28 175
0 25 48
0 41 114
0 2 195
6 35 200
0 35 92
3 22 114
5 36 105
10 43 62
27 29 131
5 18 148
23 14 60
0 4 196
29 18 65
16 15 56
0 7 140
0 15 149
0 41 92
5 27 104
0 31 130
0 29 102
8 15 139
36 45 199
0 33 177
1 5 20
6 54 117
0 53 35
33 1 81
0 43 177
3 21 75
3 59 192
0 50 86
4 53 122
7 51 169
66 21 133
6 24 111
0 39 114
18 7 137
8 54 96
1 50 69
98 5 145
122 9 176
0 31 133
1 24 188
1 38 38
3 7 148
6 49 94
2 10 54
95 31 85
0 22 22
1 46 131
0 53 172
63 19 194
0 30 26
2 8 35
2 26 117
3 41 160
34 0 18
11 8 43
1 36 162
1 18 50
1 45 26
14 33 141
0 46 79
143 37 36
31 29 53
0 24 131
0 27 20
0 9 107
4 0 26
10 54 68
0 33 155
0 35 164
18 36 186
20 40 195
243 22 50
1 36 116
2 28 76
67 46 155
70 17 158
5 34 60
3 20 73
0 47 158
1 9 110
1 58 17
0 24 40
22 4 82
48 6 8
2 1 72
6 52 68
9 36 8
0 12 47
0 35 4
18 7 130
87 40 52
7 6 105
4 37 58
0 35 108
18 37 155
0 30 29
0 43 81
5 19 152
5 57 154
0 51 178
2 24 5
0 29 147
1 14 28
89 58 139
1 27 172
0 6 123
7 28 132
0 14 58
0 12 2
456 57 154
5 2 116
2 10 137
1 29 91
66 35 90
3 57 168
40 22 31
0 13 10
0 19 21
2 2 108
0 18 13
1 26 3
38 20 34
0 59 168
0 45 126
2 41 38
2 42 113
72 37 80
0 45 17
25 17 11
0 2 57
0 8 128
0 59 174
8 53 23
62 29 135
4 16 54
0 8 123
0 4 64
0 20 34
1 43 149
22 52 71
1 2 75
0 17 112
44 19 165
0 15 41
2 41 95
0 28 173
26 7 146
2 39 57
2 59 95
0 42 91
9 31 144
0 49 29
1 42 165
0 21 131
2 52 24
1 59 31
5 51 132
6 9 165
0 15 76
31 28 82
0 17 51
0 28 41
3 4 39
1 45 75
0 1 73
0 8 68
106 10 7
2 33 181
0 15 187
105 3 160
0 13 166
2 46 161
5 58 29
1 15 167
7 53 192
0 38 96
1 43 172
15 22 110
1 51 200
0 12 87
14 25 136
4 12 159
19 22 160
0 59 64
0 39 76
0 56 159
0 33 199
7 41 185
0 55 149
57 16 185
11 45 94
1 33 87
613 50 1
17 50 21
0 8 111
225 32 56
11 51 83
2 8 129
2 57 59
2 18 63
4 15 167
0 20 192
2 21 28
4 22 104
0 8 163
0 1 81
0 34 77
111 29 38
0 48 106
0 58 194
53 21 63
42 52 156
2 42 42
9 17 100
0 4 70
23 9 197
4 36 58
5 41 88
4 40 197
2 8 122
0 55 196
1 47 151
240 57 89
5 52 86
24 16 88
21 15 36
2 3 132
0 23 127
12 19 179
50 43 148
0 42 95
1 30 130
2 15 22
4 10 52
0 6 55
423 43 9
4 36 84
0 30 161
0 10 76
1 37 105
10 27 102
46 16 107
2 4 37
1 39 25
0 46 35
10 50 172
1 43 73
0 37 160
59 7 103
61 58 186
1 18 131
67 22 78
26 14 133
3 10 114
7 6 170
1 4 140
31 49 94
1 37 1
2 22 79
0 40 76
0 16 133
1 20 69
0 18 190
0 35 183
49 25 56
0 53 88
0 30 58
13 8 130
11 28 65
28 11 74
0 3 113
6 56 110
64 32 35
0 45 8
0 19 35
21 54 115
1 42 191
0 57 199
3 54 181
0 6 82
0 28 61
64 50 139
789 22 36
2 49 159
138 58 183
2 38 37
1 56 49
1 48 6
11 7 35
4 25 34
0 45 178
51 21 101
0 52 125
0 52 9
1 50 132
51 26 137
0 47 143
4 8 7
26 46 58
1 27 39
2 23 127
2 24 163
5 21 56
3 48 92
10 3 80
261 30 87
113 11 143
0 4 192
4 41 165
22 43 115
3 12 74
0 38 174
0 56 43
1 10 135
3 57 156
0 56 3
26 35 183
2 50 61
1 22 144
7 18 95
2 8 83
0 23 87
24 54 51
0 51 14
0 38 66
177 54 185
0 6 141
0 30 101
16 47 14
5 23 170
19 7 173
1 16 88
0 28 8
1 43 158
0 59 126
0 52 128
1 36 5
781 29 47
1 59 30
4 51 21
4 27 157
1 51 194
1 49 160
40 4 154
3 16 176
1 12 199
394 34 8
4 6 5
220 30 64
2 10 93
42 27 49
3 16 180
0 9 73
41 40 125
0 8 197
42 27 125
1 0 105
0 48 141
7 5 82
0 9 181
6 6 152
8 18 114
0 24 15
12 19 11
0 28 196
16 28 19
110 39 60
0 4 162
6 4 165
26 5 21
31 41 100
33 1 3
74 43 3
0 3 135
2 12 34
63 21 181
0 34 82
0 11 75
0 31 9
3 8 181
0 22 178
1 33 180
3 35 148
143 40 28
0 50 72
34 49 150
1 43 192
0 38 28
13 47 176
0 26 114
19 23 127
36 15 42
5 57 175
0 13 169
3 32 125
0 29 46
22 3 141
2 12 118
1 44 169
0 4 26
0 14 142
46 17 157
15 45 135
6 5 144
2 51 10
2 24 74
2 14 112
2 20 67
8 22 146
0 15 154
1 3 92
2 14 126
4 5 183
17 9 146
0 3 136
1 13 108
0 45 65
589 41 55
0 11 63
0 8 72
6 32 192
10 55 178
116 11 173
8 4 50
2 50 163
0 50 191
9 37 13
15 44 97
32 6 112
0 14 42
0 57 189
1 39 183
42 21 174
2 3 90
0 0 135
0 14 188
10 59 95
1 30 160
163 11 5
8 33 40
4 9 196
0 32 199
0 6 198
48 22 8
0 43 134
0 49 48
3 6 60
0 57 28
0 47 142
0 20 185
15 53 34
0 29 148
11 3 123
259 27 127
0 8 166
0 47 185
0 26 23
0 7 91
6 48 151
1 40 46
0 57 122
1 9 100
43 34 93
2 43 87
1 1 31
0 5 199
2 0 132
0 33 162
0 22 115
22 15 64
0 7 163
2 30 46
1 41 41
0 16 73
0 54 166
3 43 150
43 47 197
6 5 44
3 7 81
0 59 179
4 30 105
0 9 100
0 9 159
0 39 184
0 4 141
24 38 80
0 20 96
98 58 182
3 39 62
0 32 26
0 11 146
0 9 155
650 1 56
3 18 187
31 31 137
8 20 89
3 31 151
239 1 33
1 33 84
0 17 56
1 17 175
0 6 126
14 20 144
11 53 91
0 55 28
0 3 178
0 4 180
0 53 73
20 0 100
213 34 92
18 19 37
0 48 40
3 51 196
130 45 106
13 5 3
0 59 124
1 48 135
2 6 139
0 44 190
10 7 60
0 28 163
12 27 27
0 10 190
33 37 157
1 35 179
8 23 8
2 26 56
1 24 139
17 27 129
0 21 41
61 19 187
0 33 166
0 15 61
0 57 76
0 39 83
12 26 189
9 35 97
2 53 175
276 37 148
181 26 52
2 28 8
95 18 182
0 54 30
0 28 186
7 11 118
113 51 82
6 7 61
64 32 89
45 33 104
0 24 46
31 18 131
0 19 41
0 56 81
43 26 127
0 15 87
0 27 164
10 21 162
7 31 61
32 45 62
2 40 139
2 22 60
2 15 46
85 53 84
21 45 191
0 17 57
0 54 195
0 21 103
5 2 175
1 46 119
224 19 168
31 22 72
0 48 153
1 1 43
7 20 194
7 27 132
0 18 120
3 17 56
1 40 72
17 23 191
5 31 58
0 15 125
2 4 112
4 5 72
19 12 35
0 3 113
16 1 188
0 15 6
3 2 187
7 39 177
4 41 25
1 46 18
1 29 180
26 42 30
0 56 142
1 39 49
104 51 56
2 40 15
1 17 2
9 14 179
0 24 166
3 43 85
0 19 175
13 4 157
38 29 25
0 1 72
15 58 78
0 28 162
0 51 113
31 43 181
1 27 86
11 5 113
0 25 146
0 46 74
0 20 192
0 35 164
1 54 175
542 54 59
8 11 108
25 24 74
2 18 65
1 14 122
170 34 4
0 30 1
0 25 90
0 44 66
0 31 186
0 35 95
310 3 24
50 35 172
2 39 7
0 21 136
198 54 178
36 59 112
0 50 29
4 33 127
153 18 164
10 26 8
13 25 91
0 51 170
0 21 190
0 7 17
1 2 132
194 27 31
5 41 158
1 34 10
2 11 194
4 8 138
3 3 149
0 31 160
8 48 141
0 54 141
7 5 188
38 32 88
2 9 125
23 25 19
8 16 142
638 7 127
1 14 42
1 35 181
0 46 170
40 23 191
2 18 98
0 35 180
1 12 112
6 2 75
0 55 44
1 47 93
13 41 6
0 4 32
0 38 171
5 20 150
10 3 55
52 12 25
15 38 59
0 19 78
25 23 101
0 7 1
0 5 12
0 17 164
5 33 190
4 8 134
0 15 196
31 22 90
3 50 170
30 31 75
1 24 1
117 13 11
0 1 82
2 40 138
0 5 179
0 45 7
0 17 57
0 40 14
0 5 144
77 29 186
4 59 156
0 7 141
0 44 107
33 56 46
8 35 98
1 7 160
42 8 176
2 56 181
47 3 78
0 32 188
0 41 61
2 6 138
17 35 105
10 15 180
11 5 10
0 58 185
49 28 44
0 44 200
1 5 101
417 41 66
0 16 178
190 15 91
7 36 136
0 58 157
124 54 131
0 58 97
0 50 130
2 9 99
0 6 120
0 56 112
5 24 136
2 21 7
0 44 183
11 4 102
613 14 46
1 0 71
5 32 88
11 4 81
5 18 96
18 0 142
1 49 28
39 21 108
3 56 12
6 59 137
2 22 200
1 26 158
1 35 180
0 9 186
0 19 106
206 59 180
4 48 32
10 8 101
25 50 78
55 33 50
3 37 123
17 3 190
0 47 168
0 50 128
0 56 110
32 59 52
0 50 136
1 51 56
7 22 46
1 12 31
1 56 170
0 48 17
28 50 99
191 12 139
1 3 102
213 37 136
4 28 94
3 21 24
0 37 8
1 2 197
6 57 91
1 55 189
59 11 87
1 24 6
44 32 189
0 33 134
0 33 26
0 5 191
0 50 38
1 14 167
7 56 137
2 39 66
24 4 122
2 49 123
3 20 27
15 41 67
460 29 139
1 0 112
0 42 59
0 48 195
0 28 185
1 56 134
0 3 98
5 25 63
0 45 151
0 33 197
0 43 192
1 31 189
13 18 143
1 23 103
8 18 30
1 11 158
0 27 130
0 24 98
0 54 151
0 5 185
3 45 12
435 36 65
24 47 182
7 0 42
0 25 70
1 13 167
17 40 101
8 0 115
75 24 148
5 6 90
1 45 123
8 28 126
0 49 44
4 11 179
3 32 100
10 24 175
5 11 85
0 50 46
0 51 80
0 43 78
172 47 4
0 29 198
0 0 30
1 19 190
10 35 73
3 14 95
2 31 92
0 56 137
2 2 151
0 58 196
0 13 13
0 59 67
200 36 170
6 28 44
39 34 10
2 57 180
0 13 84
5 46 56
0 27 119
93 48 4
25 14 141
1 44 21
262 32 66
2 24 197
79 54 183
25 41 91
36 24 136
0 40 105
23 24 184
5 59 119
1 35 66
15 10 155
3 43 119
1 21 24
5 24 167
2 51 173
0 9 53
0 38 44
0 35 104
179 31 49
80 0 146
2 44 175
1 30 117
3 59 9
5 39 174
5 8 170
57 30 148
433 13 47
32 43 107
12 58 190
1 3 62
1 13 37
21 3 50
43 22 199
42 42 196
16 24 5
2 49 1
1 1 128
7 20 39
1 48 119
0 33 40
5 22 55
6 28 36
2 8 62
17 26 126
167 56 196
0 0 136
17 46 153
0 1 2
55 8 179
3 39 43
0 26 192
0 42 117
1 48 124
0 20 112
0 49 118
4 55 139
0 22 30
47 26 187
13 38 142
3 56 68
1 15 45
12 24 10
353 32 146
99 37 2
6 10 172
0 47 198
7 45 41
0 24 59
4 10 54
6 45 187
19 0 52
7 36 164
24 47 45
1 11 182
0 37 57
90 49 146
2 23 85
1 35 183
0 24 182
18 2 168
1 12 51
0 9 15
22 37 23
0 31 151
0 32 176
0 14 80
2 22 67
2 7 113
579 11 111
102 3 40
0 46 97
1 59 162
5 16 90
0 5 31
0 6 123
0 37 39
21 50 45
0 46 70
1 26 183
25 8 11
0 39 48
332 15 84
1 27 122
47 23 134
1 38 73
0 23 104
0 35 56
6 3 56
17 23 48
33 55 99
20 3 35
2 57 38
0 4 6
0 44 39
65 2 136
52 46 164
0 20 144
1 27 55
29 43 18
0 28 59
0 52 155
0 38 43
1 4 152
13 52 185
1 45 31
6 33 162
0 51 24
1 59 96
5 0 63
25 55 66
25 34 58
0 23 37
1 22 131
0 40 155
1 54 19
1 32 32
90 52 141
67 22 83
1 1 86
3 6 44
2 14 12
0 26 102
1 57 91
43 12 124
60 41 94
3 51 58
0 36 107
2 50 133
5 56 195
0 45 63
2 20 14
0 5 91
0 48 24
13 0 170
0 28 80
1 46 158
10 1 84
0 24 188
29 53 3
0 49 10
14 4 166
3 47 168
1 28 99
1 31 101
0 35 182
0 44 40
1 33 57
0 38 132
0 42 43
0 48 72
560 42 64
0 19 49
0 13 6
324 32 48
0 43 103
8 6 140
0 49 125
8 37 190
32 58 10
0 45 24
11 49 154
2 48 50
0 11 143
5 56 9
0 11 112
3 45 83
18 58 34
3 36 147
1 36 128
3 33 8
1 51 96
33 14 69
1 29 154
505 7 171
0 42 7
1 38 66
29 31 129
0 52 157
2 43 15
0 2 20
0 37 81
6 44 86
0 22 35
6 45 181
0 55 169
0 40 195
8 29 169
425 3 48
99 49 163
5 43 88
0 51 108
0 43 174
0 9 103
12 28 122
21 7 200
2 22 56
1 17 99
0 43 66
726 33 164
16 37 174
21 42 147
0 5 63
4 9 131
1 38 116
10 52 138
0 14 110
0 29 162
2 14 73
14 18 14
0 58 132
0 33 4
6 6 186
1 32 195
60 43 14
0 16 76
313 20 81
2 59 148
0 58 22
2 8 139
0 54 75
7 10 111
24 56 51
0 3 116
155 26 51
0 12 136
0 5 194
5 1 80
0 59 184
0 38 7
221 52 47
0 48 42
9 50 84
2 29 13
0 55 184
0 59 163
2 57 150
5 47 34
0 53 44
3 32 192
6 31 83
218 48 150
0 53 18
724 47 34
67 21 177
0 40 168
218 5 132
14 54 167
10 27 117
6 10 120
96 39 91
0 29 112
3 47 86
0 8 167
10 29 166
2 7 142
14 6 128
0 2 90
9 28 187
1 19 106
0 32 71
1 55 49
2 21 129
91 28 113
2 7 26
3 32 163
31 25 187
50 45 171
13 37 198
30 19 49
6 36 160
0 53 186
6 57 75
4 34 8
0 53 131
0 34 103
2 28 1
2 58 151
1 49 109
11 41 103
27 7 182
1 50 161
1 22 187
1 13 171
0 2 68
3 40 17
10 18 62
139 20 136
3 27 85
5 9 162
2 24 108
0 47 90
0 53 13
4 20 181
0 47 40
0 8 184
1 12 109
2 22 199
8 23 36
0 28 66
0 32 135
2 24 29
0 24 73
1 5 4
2 34 158
0 8 142
0 57 173
0 44 25
2 19 96
3 48 16
13 16 101
65 8 59
14 35 135
19 2 38
0 3 164
0 13 9
7 32 55
30 4 164
0 7 33
0 5 184
0 32 140
0 59 9
1 3 180
1 48 180
2 27 123
11 22 14
0 21 79
4 40 158
5 33 173
0 54 63
0 2 46
0 34 20
0 54 27
5 52 94
9 47 122
0 6 158
11 38 59
14 16 114
0 4 76
6 16 111
0 40 115
0 17 86
5 46 108
0 12 8
5 25 155
3 5 160
0 25 36
0 23 175
8 22 195
2 5 90
1 16 58
13 19 123
0 24 106
0 47 8
1 33 85
86 39 172
0 54 123
3 2 90
3 54 31
1 39 195
10 32 82
0 40 48
8 47 177
2 40 87
3 58 69
33 14 144
9 2 89
1 46 12
0 59 44
0 39 116
22 54 182
5 51 88
5 45 127
1 37 5
0 9 113
0 8 186
4 51 159
20 24 94
0 18 184
4 9 80
15 27 76
3 48 64
0 50 2
5 17 156
1 48 161
12 9 170
17 55 43
15 57 92
0 56 26
229 11 157
221 28 153
1 17 159
10 19 107
0 44 177
0 0 19
1 28 117
18 54 64
2 2 120
88 34 47
170 10 67
0 53 174
42 19 156
1 7 134
12 10 12
1 3 48
167 42 76
0 50 3
2 6 40
3 52 47
0 2 10
0 47 139
2 29 53
1 40 42
9 37 127
9 41 138
3 23 55
0 55 92
0 6 44
0 50 175
0 4 193
0 34 143
0 6 177
1 18 70
1 30 66
2 43 147
8 19 137
10 23 101
6 42 22
0 16 37
2 53 102
5 11 107
0 48 197
4 9 158
0 52 119
28 35 185
4 53 20
33 56 161
19 7 197
553 38 190
2 41 173
0 9 73
0 43 54
22 15 112
1 56 119
0 43 171
0 38 40
0 9 45
49 20 55
0 32 24
0 12 200
0 30 99
58 9 112
0 20 127
4 15 47
0 3 67
0 26 152
5 10 25
6 2 38
12 58 61
0 48 154
1 34 131
16 15 81
1 9 152
10 16 144
16 44 83
1 24 177
0 8 170
0 47 19
15 22 141
20 40 30
3 43 171
47 22 131
91 49 196
4 57 26
1 47 193
1 41 111
1 19 156
45 32 12
1 23 133
14 29 4
0 46 93
14 35 1
0 45 36
1 51 195
0 13 42
0 32 141
0 15 25
4 40 69
0 19 190
2 3 155
106 58 20
0 18 5
6 22 25
0 7 138
4 25 19
0 13 84
2 34 77
61 35 151
34 23 193
0 50 159
0 11 32
23 46 39
0 11 63
555 13 93
2 58 113
3 15 24
27 5 184
2 48 22
0 1 176
8 1 73
0 40 6
0 45 130
15 34 46
3 42 155
4 7 3
6 43 147
42 49 128
0 35 130
0 49 180
1 24 70
6 22 168
0 15 89
0 48 68
0 50 144
11 0 8
0 54 4
6 42 169
488 15 200
0 17 157
0 11 29
1 53 16
1 24 116
0 0 130
0 42 43
0 21 143
6 37 11
0 23 14
4 5 158
1 24 58
1 9 195
5 31 195
107 40 84
0 23 21
8 8 99
0 44 74
11 3 155
3 2 50
1 29 9
30 40 72
6 48 84
0 50 135
8 3 111
0 16 3
4 2 16
5 50 47
6 18 30
0 33 61
479 57 125
0 19 51
11 16 29
3 39 71
6 9 71
20 7 125
0 22 64
45 5 100
4 24 130
328 41 139
1 38 160
386 33 73
0 33 5
1 38 9
1 0 199
9 56 107
0 19 162
180 11 194
1 47 58
0 35 84
0 33 130
3 13 10
6 31 167
8 31 45
3 30 57
9 53 8
2 12 115
0 52 18
9 2 172
1 14 23
0 22 162
2 19 55
0 21 159
0 20 90
8 42 162
1 19 135
9 23 169
1 57 130
0 34 130
4 34 159
189 1 72
124 18 176
1 38 96
457 35 122
10 7 189
1 29 140
3 40 73
29 35 88
22 41 169
0 46 34
0 10 67
145 49 31
9 7 200
0 55 120
0 1 39
1 50 164
12 30 47
3 25 118
1 23 14
19 21 57
1 28 35
10 13 68
0 33 111
6 33 191
1 23 65
1 40 188
0 29 9
4 35 99
3 33 164
0 58 32
3 10 32
398 13 94
0 35 7
3 44 100
3 48 171
174 49 198
386 17 130
0 18 140
0 32 53
16 32 100
0 39 65
0 19 100
0 43 75
0 15 167
2 13 163
0 45 111
1 48 84
0 54 159
0 55 44
0 4 79
14 12 20
5 33 120
4 52 46
412 43 162
2 11 193
0 21 49
1 5 27
0 39 124
0 46 64
0 47 34
0 18 43
16 57 127
28 34 194
0 49 8
28 44 29
20 34 40
30 15 123
2 48 127
0 39 43
10 43 98
7 52 29
13 5 112
2 34 116
7 40 47
0 34 64
1 40 74
292 39 169
1 24 189
13 55 113
0 43 173
7 33 85
0 7 179
0 14 138
16 58 88
0 2 154
8 39 79
190 16 73
2 57 127
56 58 22
1 14 52
3 51 108
1 51 65
0 26 114
29 17 192
0 41 68
9 42 82
138 3 84
1 54 68
1 6 153
0 18 175
1 47 78
139 13 72
1 53 155
0 39 1
0 0 151
0 53 136
2 22 161
0 26 44
773 56 182
0 45 105
0 13 126
1 2 192
0 27 146
4 19 127
0 53 61
0 23 113
27 16 196
12 52 23
0 5 105
2 6 176
0 5 6
0 13 58
10 38 196
9 44 122
22 57 97
0 0 172
9 21 112
8 8 72
0 26 69
231 53 138
2 25 61
7 42 193
42 3 73
1 57 67
0 26 2
0 32 172
20 33 179
0 3 168
2 25 128
3 31 50
0 27 7
48 31 91
3 49 1
0 1 110
98 31 148
1 56 56
3 42 162
18 55 125
59 21 40
5 43 107
2 54 77
28 13 63
1 30 86
29 59 158
204 39 183
0 51 89
28 19 36
12 22 134
0 21 180
44 48 5
0 27 199
0 26 25
13 40 153
706 18 38
109 29 87
51 53 198
0 15 175
0 35 144
3 34 145
0 25 13
32 46 150
0 41 16
2 55 119
7 14 197
2 41 24
6 6 94
7 55 134
1 8 28
2 21 172
0 30 183
3 51 17
15 9 3
4 49 188
5 12 111
74 28 104
2 42 15
0 14 81
0 47 146
1 12 90
31 15 162
71 33 168
1 56 185
74 15 200
2 23 28
461 14 154
0 48 31
0 5 123
0 57 24
0 54 176
0 35 131
0 2 171
3 50 35
0 23 4
0 48 66
1 35 78
0 34 140
12 14 30
3 30 9
8 25 94
2 37 72
15 52 82
25 13 122
0 47 88
11 9 99
5 57 130
8 19 193
0 31 16
58 48 187
0 9 29
0 30 59
3 7 158
3 31 122
479 54 82
3 40 163
38 52 141
0 42 37
0 7 67
27 15 93
0 29 46
0 54 111
0 4 149
13 23 6
0 8 182
2 49 5
1 13 187
0 16 97
0 22 156
0 17 6
3 58 121
0 31 171
5 16 101
8 6 156
1 52 156
0 56 67
1 4 163
0 7 161
15 33 151
7 19 87
60 12 52
45 20 166
2 43 32
0 17 82
0 43 96
0 47 55
73 47 76
0 16 25
0 56 185
16 34 87
1 47 36
78 45 80
22 49 16
7 22 83
1 32 2
0 37 156
0 55 5
2 54 116
2 11 18
90 18 33
0 55 75
1 49 78
8 40 108
2 16 199
76 37 43
1 2 81
7 0 88
34 5 85
3 20 42
0 25 56
15 11 48
725 39 50
0 6 156
6 12 58
9 13 163
2 1 28
4 41 135
0 58 63
25 21 88
0 10 169
1 44 8
0 51 173
2 45 44
19 17 125
34 36 84
84 36 149
1 43 29
35 9 199
28 0 131
2 55 91
0 9 148
2 16 163
0 51 128
1 17 39
3 12 108
19 10 76
13 50 35
1 45 109
5 49 126
2 53 73
4 37 79
51 35 171
25 54 160
242 3 25
1 15 140
4 37 59
1 42 187
17 13 186
0 42 102
1 37 155
2 59 11
1 0 12
34 21 61
0 33 144
84 11 9
0 44 89
0 54 92
0 21 121
47 51 174
0 23 194
21 19 183
26 59 158
0 9 187
2 1 34
3 59 142
3 42 155
156 34 87
31 56 162
604 58 107
6 11 177
28 38 69
16 46 186
68 15 109
0 57 141
0 5 61
2 48 45
54 16 41
7 44 184
10 6 22
6 5 78
16 28 22
0 21 76
0 7 118
7 1 173
22 12 187
2 55 197
1 5 30
0 12 67
2 13 71
0 17 146
4 14 151
238 34 137
1 22 45
0 46 90
230 9 153
0 6 77
3 56 174
95 47 105
0 50 54
3 16 38
0 14 96
209 46 75
7 59 185
0 41 165
0 51 102
266 41 196
1 39 1
292 23 198
11 39 96
7 11 10
3 29 132
11 56 163
10 18 49
0 43 1
0 44 196
37 26 111
0 22 24
0 53 191
3 9 37
0 10 131
278 2 35
6 27 73
1 18 47
19 33 61
41 55 33
0 23 26
4 33 108
0 56 48
0 28 48
96 58 100
6 50 142
3 44 70
0 13 2
0 54 87
64 4 200
1 28 180
1 17 118
204 58 80
1 8 12
119 55 58
0 45 129
9 56 11
0 5 142
25 49 125
15 36 146
0 49 46
0 37 132
1 10 50
28 6 87
1 15 24
0 27 84
0 53 198
7 54 63
4 10 49
42 21 69
21 34 79
2 0 63
9 27 10
2 15 128
0 37 83
0 45 160
0 5 147
33 13 170
0 8 191
5 57 198
0 47 179
5 45 130
4 26 193
0 52 137
106 21 44
606 59 192
0 23 31
0 34 149
0 42 32
0 55 25
19 43 190
8 36 199
0 0 79
0 45 65
4 31 38
28 2 31
0 3 6
1 35 175
5 45 6
11 38 113
13 8 84
0 12 107
358 37 1
111 15 85
7 34 71
1 18 128
2 26 146
3 7 2
12 32 128
0 41 85
8 47 33
17 21 1
0 15 64
0 19 129
4 17 60
32 58 154
0 8 134
9 53 43
0 16 27
1 58 176
2 30 169
0 54 149
489 6 130
4 21 102
1 24 32
1 13 82
14 21 156
36 0 63
0 3 123
0 56 105
4 5 69
0 11 166
0 58 105
0 24 171
0 14 148
21 2 46
0 11 137
0 40 163
0 5 189
0 43 73
17 27 164
30 21 122
0 46 149
248 23 165
2 9 129
0 15 30
2 34 74
46 49 24
0 54 167
1 29 147
118 55 129
3 42 165
405 24 198
38 56 138
0 52 163
2 18 22
4 31 101
7 48 94
18 17 188
0 21 101
0 9 87
1 44 25
0 25 129
0 55 114
0 36 189
11 47 145
0 37 168
5 54 188
0 48 162
0 56 10
0 10 19
13 21 97
0 6 172
560 5 59
11 30 153
1 4 65
47 50 59
3 44 110
0 9 151
54 8 20
6 15 170
2 46 58
0 26 176
21 35 37
0 1 2
94 20 197
1 11 77
61 25 81
0 53 141
217 58 115
0 42 188
518 29 177
13 13 1
0 25 87
0 2 64
14 48 153
214 56 5
4 11 159
0 32 118
13 9 16
3 16 143
0 38 123
16 35 37
0 12 67
0 37 75
0 4 121
5 31 61
2 45 142
0 33 165
59 11 172
124 19 101
0 9 6
2 3 16
1 30 90
0 9 92
4 33 102
0 39 73
402 11 119
0 55 14
6 9 133
5 48 46
0 6 123
0 52 97
121 1 155
17 19 90
459 14 52
8 17 131
2 26 24
2 39 168
12 44 15
7 18 186
80 37 126
8 40 134
3 30 166
3 40 146
0 59 200
2 25 2
0 0 113
1 8 137
0 53 8
28 55 187
0 30 85
80 35 52
2 29 87
0 27 115
1 12 55
0 3 189
6 36 112
0 59 6
11 9 111
0 21 4
56 20 56
5 16 37
4 58 173
1 47 159
9 51 171
0 16 197
1 26 143
46 25 75
28 23 125
431 44 188
8 30 32
0 49 162
344 50 165
14 38 22
0 5 143
31 34 55
0 12 47
0 54 180
0 21 84
6 34 161
22 19 127
3 8 166
1 17 91
5 19 36
13 22 200
15 48 13
261 37 82
0 32 57
5 34 122
3 13 46
0 4 58
1 0 103
3 33 86
0 54 132
0 37 193
0 50 116
3 25 103
0 6 139
0 33 78
1 5 186
0 56 10
8 30 1
0 45 64
0 10 140
1 36 18
9 41 42
1 18 114
0 16 182
0 36 131
725 32 99
2 29 199
5 23 12
1 47 43
19 51 112
1 47 189
0 20 186
0 24 59
32 37 129
5 15 97
0 50 165
289 24 175
9 9 161
8 59 41
10 14 44
0 51 85
0 5 25
16 9 136
2 36 200
0 40 152
7 0 149
25 47 126
6 12 11
0 41 145
219 19 171
2 51 155
14 17 40
0 38 42
0 25 197
0 32 79
4 19 70
0 48 199
64 31 185
16 47 6
4 22 70
12 39 176
0 24 135
282 15 96
18 57 197
0 11 61
60 52 112
3 33 6
2 20 33
112 59 190
0 5 57
1 13 25
0 8 18
0 29 72
3 25 41
0 4 98
42 24 48
108 39 182
4 54 138
4 16 64
1 52 166
0 50 57
22 37 59
3 41 54
0 13 172
0 18 78
3 33 57
9 32 176
0 6 143
3 1 143
39 56 141
32 9 116
107 44 68
730 45 105
0 28 18
0 30 136
49 57 195
7 53 123
0 0 16
1 57 129
1 32 165
1 49 192
0 33 98
1 10 147
13 50 186
0 55 6
4 28 198
42 37 102
18 26 84
4 27 174
0 37 87
21 15 22
1 22 102
81 20 108
635 47 152
0 9 45
1 14 160
1 16 108
3 49 43
0 23 190
3 3 82
1 36 32
125 12 151
33 11 168
11 1 25
2 49 74
0 8 108
11 15 7
3 35 61
0 42 193
12 39 189
0 16 42
2 56 112
1 43 64
0 25 120
1 59 73
10 11 19
172 15 25
0 34 89
4 35 111
66 44 92
180 42 75
4 56 101
0 9 165
0 58 15
768 6 18
368 6 196
13 51 163
1 7 109
0 8 29
2 13 22
4 51 106
0 21 160
4 52 172
0 20 153
38 29 125
3 46 187
4 54 6
19 38 99
0 24 114
76 58 135
0 38 151
0 51 194
56 29 195
6 56 2
274 39 52
101 54 85
2 54 51
0 36 200
1 59 24
0 32 59
0 7 103
16 14 1
0 59 27
92 48 126
5 58 98
19 6 1
104 39 63
1 58 108
2 7 35
6 23 61
0 56 163
8 13 84
0 13 18
0 56 43
1 43 108
46 15 173
24 1 25
0 5 123
0 13 50
0 0 158
10 45 100
1 58 24
3 15 78
16 30 149
6 23 159
0 3 100
5 3 63
37 18 173
8 10 126
10 32 81
2 42 67
1 58 143
0 20 48
0 38 57
0 39 64
20 43 117
0 18 163
1 16 72
0 44 77
1 5 136
15 28 16
1 24 27
0 15 67
2 47 82
1 28 44
13 2 132
29 40 185
45 58 194
15 21 38
0 50 53
14 9 27
0 31 63
0 0 133
0 53 166
5 0 83
1 34 128
0 1 187
2 5 124
11 12 73
0 38 192
29 43 132
80 56 139
0 6 180
87 20 144
169 43 174
14 14 45
1 27 38
1 5 181
22 19 60
0 45 63
5 9 70
5 40 48
1 31 60
4 57 91
10 2 65
54 48 87
7 30 174
1 5 161
0 20 78
6 40 32
116 12 158
0 41 86
56 26 139
3 3 106
2 50 189
32 25 43
2 46 171
7 20 152
9 20 1
104 45 53
257 26 109
1 3 62
6 27 94
1 31 188
125 42 157
1 33 133
0 41 34
0 50 31
0 51 152
2 32 139
1 21 102
4 0 38
41 53 34
0 50 96
2 14 80
0 40 124
1 20 76
0 28 134
4 49 96
12 7 17
551 42 145
7 49 115
0 38 130
0 46 38
14 10 63
0 35 45
0 48 49
3 51 26
0 29 26
38 35 165
7 29 105
1 0 130
0 40 185
48 18 175
46 4 76
6 5 142
427 55 174
16 17 70
3 15 101
48 54 18
0 45 147
0 16 88
0 6 121
0 19 79
14 44 51
0 58 107
4 14 139
49 50 32
3 2 62
0 20 149
15 32 65
15 47 107
6 40 168
0 17 169
4 59 89
11 40 80
0 9 10
1 27 175
3 5 134
26 55 196
4 54 108
13 12 85
3 8 121
6 26 183
31 19 4
4 15 162
15 58 50
0 45 131
0 31 45
3 29 127
9 38 2
0 18 127
0 55 68
3 54 37
13 17 91
19 28 139
0 34 189
1 47 2
2 39 77
0 15 198
82 59 87
4 8 136
4 21 7
3 4 14
77 12 2
0 47 8
1 32 139
10 0 91
1 58 144
1 20 150
231 32 124
130 13 52
0 53 179
109 16 128
0 34 200
0 15 122
2 48 165
0 5 195
0 15 27
0 12 16
97 51 37
0 11 42
0 45 172
3 23 4
0 19 102
4 4 120
1 32 41
1 25 141
63 2 165
1 13 33
0 23 19
18 58 40
34 10 197
9 54 146
0 5 103
7 52 30
91 45 100
1 56 156
0 55 20
8 27 103
0 47 93
90 39 144
0 31 108
0 55 4
199 17 28
0 1 200
2 51 141
47 44 35
0 40 32
0 47 62
4 34 59
2 57 121
60 30 3
0 6 165
2 42 120
1 45 171
3 40 146
0 8 99
4 27 187
0 32 46
0 27 138
3 37 48
0 15 20
1 48 98
0 16 48
71 6 73
2 20 83
138 58 111
7 26 99
2 44 21
7 28 86
0 19 96
3 56 177
0 34 173
0 51 3
75 47 72
143 12 44
0 45 2
0 0 29
28 42 38
0 35 186
38 20 32
66 30 24
2 51 105
0 27 139
7 40 126
1 1 34
0 25 85
0 22 148
14 35 116
0 13 2
7 0 142
3 15 80
9 23 177
11 0 119
36 3 150
0 33 36
1 28 43
1 59 185
3 16 18
9 28 7
0 15 85
0 17 133
4 4 15
4 25 163
27 57 29
9 55 112
96 36 44
6 19 14
1 46 87
0 10 68
3 38 5
2 15 58
0 31 52
8 38 105
13 21 139
24 22 87
0 29 177
0 34 146
3 17 115
0 37 101
12 13 136
2 36 24
54 21 182
0 44 102
4 57 135
0 33 152
0 14 139
0 27 131
0 1 151
0 23 151
5 51 26
2 32 175
11 48 29
0 31 194
1 32 32
0 15 50
85 51 160
1 14 36
6 10 110
376 37 147
4 7 124
1 19 55
0 50 40
0 43 106
0 43 170
1 59 100
0 43 12
3 44 13
2 18 163
14 28 56
5 33 191
508 9 12
0 48 197
0 23 57
28 17 30
24 5 156
15 42 110
6 23 150
0 49 21
0 45 12
2 49 158
4 43 8
13 53 182
0 29 44
14 50 49
2 13 151
105 34 43
19 1 37
14 25 50
104 56 99
0 14 73
3 57 113
53 4 174
0 9 191
312 16 157
8 55 147
43 5 109
0 14 127
0 41 140
0 55 141
0 23 112
6 6 175
0 13 46
1 14 191
32 5 183
1 39 1
0 57 168
0 34 83
0 11 32
1 50 27
66 18 7
1 27 199
2 45 6
214 34 3
1 38 25
2 34 51
0 41 197
0 37 43
0 57 43
2 21 39
16 44 179
3 28 105
6 32 109
0 19 174
0 58 128
8 9 48
1 49 182
29 37 101
1 11 47
2 24 188
1 4 75
0 35 189
10 33 92
0 35 15
0 2 181
14 45 197
494 32 195
3 35 191
68 21 169
19 1 69
2 40 107
0 35 67
5 29 177
353 44 46
190 27 127
1 43 41
6 8 69
5 12 104
0 12 126
22 38 2
0 39 53
12 27 34
3 11 106
2 16 23
0 8 156
0 13 184
25 55 113
1 36 93
5 56 3
2 30 108
2 7 18
0 40 37
0 48 130
33 38 22
28 58 94
1 18 63
312 27 73
1 55 196
6 3 139
0 9 2
5 15 158
1 12 52
13 45 103
0 0 154
0 44 110
2 59 18
1 22 171
13 11 46
1 17 85
0 28 162
73 47 178
0 40 62
1 12 195
16 41 187
6 12 125
0 44 178
5 48 124
1 35 140
8 20 60
0 11 78
3 37 43
25 45 167
306 1 122
39 35 81
0 22 94
2 54 102
231 4 57
2 42 153
0 26 76
0 29 33
7 54 101
4 53 34
0 0 83
1 16 101
0 34 153
0 42 41
0 41 121
0 13 122
0 34 115
12 39 156
6 6 135
0 49 161
0 46 174
0 10 62
0 44 151
11 53 2
20 3 144
10 15 81
0 56 194
14 12 62
0 31 198
116 43 174
0 23 47
0 0 52
0 15 136
1 51 151
59 29 54
217 18 66
7 55 139
0 42 19
13 33 102
13 22 190
1 32 180
0 1 180
16 3 49
1 21 35
14 24 196
4 20 177
0 30 6
27 56 72
0 16 24
0 0 193
0 46 195
4 15 189
10 28 63
0 10 48
2 2 27
439 55 101
0 18 27
4 32 5
3 44 76
3 29 81
315 14 60
0 37 20
0 53 195
13 48 70
9 2 150
2 49 91
0 46 184
235 51 113
0 6 61
0 4 48
0 44 128
1 46 94
10 58 60
0 7 2
3 11 118
0 44 156
4 56 172
0 48 190
0 14 145
0 13 90
0 37 67
0 40 41
27 30 83
0 40 86
9 21 168
71 17 147
2 45 121
10 48 3
3 24 24
5 28 24
621 18 159
0 20 135
6 8 170
2 0 28
0 34 133
0 31 71
0 10 72
9 28 158
42 45 94
0 8 59
0 45 177
8 3 134
21 17 28
0 46 154
3 10 19
323 17 112
0 53 35
2 29 61
3 28 150
213 29 124
0 3 62
1 12 124
72 57 87
3 4 1
0 3 117
0 44 62
3 18 30
1 0 3
79 59 116
3 41 189
1 24 62
0 40 102
28 12 24
244 20 192
4 59 81
26 50 123
0 41 61
11 1 134
3 11 179
0 28 192
0 19 198
0 55 134
2 55 171
1 1 86
0 48 49
3 11 54
26 41 128
0 9 119
1 12 11
3 11 108
1 32 70
25 0 100
202 41 167
2 46 153
19 7 65
0 39 25
8 52 44
10 58 35
15 45 19
8 0 32
0 18 152
2 36 99
0 54 33
47 45 28
420 9 183
2 6 160
9 46 21
2 34 93
0 40 95
1 2 133
3 58 50
15 35 37
2 29 92
151 22 150
0 37 30
46 19 135
0 49 33
22 25 139
1 39 150
0 50 14
6 44 178
3 30 188
0 17 143
0 20 152
1 53 180
1 8 104
62 50 48
0 57 99
0 22 106
647 5 52
1 57 59
14 46 121
72 24 77
1 32 160
0 2 39
2 8 59
9 58 58
0 7 156
13 8 113
0 58 47
3 55 66
0 42 1
9 13 55
0 5 30
13 26 42
0 12 10
0 1 148
13 18 158
90 3 4
0 16 62
17 53 143
3 17 59
0 37 126
0 13 94
614 4 8
80 3 54
0 5 152
1 36 71
1 28 199
30 4 41
3 28 98
0 28 134
16 46 152
0 9 65
0 20 164
0 40 94
4 24 159
4 6 90
0 21 25
0 32 52
0 16 144
1 16 40
0 19 30
10 30 173
0 27 163
0 47 192
2 43 59
0 54 179
139 11 6
4 1 199
0 44 146
0 34 189
0 13 144
1 22 19
8 4 16
1 0 125
5 18 127
118 18 20
0 26 23
1 37 54
0 41 140
1 57 51
3 27 14
0 50 52
0 57 121
23 12 12
30 20 40
9 16 155
4 12 127
1 7 41
2 33 134
36 42 180
8 56 138
0 0 187
1 38 23
0 9 22
50 24 152
4 45 53
2 11 91
10 51 34
3 52 62
0 3 35
0 57 27
0 20 183
101 7 187
0 57 66
1 20 187
24 24 14
0 12 37
0 24 153
103 11 194
31 4 98
1 21 137
59 19 151
17 11 89
0 25 17
0 14 36
0 22 52
0 49 89
8 47 136
230 19 81
2 22 117
10 35 45
0 44 104
0 32 60
1 35 39
57 31 31
84 38 64
20 16 173
182 28 148
3 27 61
82 31 190
10 5 35
3 8 176
3 46 192
638 26 165
0 53 101
1 32 97
0 33 31
1 40 41
0 16 151
0 29 154
0 59 126
6 45 155
0 28 11
112 12 183
1 36 182
0 21 182
1 11 1
94 3 109
0 48 151
0 44 120
0 53 166
0 35 158
0 23 86
0 22 146
0 5 9
23 13 1
7 38 156
2 3 96
175 33 61
2 44 63
0 53 96
4 25 75
2 19 57
5 26 23
289 0 50
0 52 1
0 6 152
3 57 120
4 32 92
0 15 103
0 21 99
2 50 149
8 20 2
7 17 16
0 17 92
76 55 194
3 38 11
1 14 95
26 8 7
5 47 75
0 57 124
132 49 17
0 31 62
0 38 18
0 44 119
1 10 175
10 20 156
5 15 124
32 38 81
2 4 182
14 4 14
0 19 46
18 40 55
3 48 90
0 58 16
4 23 150
0 21 52
2 49 181
0 18 193
0 12 146
0 48 62
81 53 16
1 47 75
0 47 48
0 38 19
7 25 54
84 26 28
4 59 182
0 14 4
0 54 103
0 28 84
24 33 54
0 30 90
65 28 148
1 57 186
1 30 56
5 1 175
10 26 194
7 11 154
0 57 192
1 19 103
34 40 2
3 27 30
3 7 26
0 38 131
3 30 62
5 56 149
0 7 73
0 17 161
0 43 138
84 51 54
1 20 161
3 45 61
3 44 145
1 41 193
0 39 77
0 37 144
1 13 115
0 20 34
0 27 134
139 55 96
22 5 18
5 3 158
0 32 46
1 20 32
127 44 3
0 29 72
0 58 111
2 24 23
3 7 99
2 46 58
37 47 197
1 24 160
0 14 11
87 11 112
15 55 33
39 59 121
2 30 148
2 56 115
0 36 52
398 9 177
8 49 33
0 24 173
6 47 107
1 6 51
5 37 130
9 11 168
2 54 96
9 24 200
5 39 125
1 59 36
2 53 37
154 59 25
0 36 16
221 8 3
19 58 41
45 37 175
1 59 53
26 14 33
1 25 1
325 38 117
0 13 129
0 12 184
1 25 167
42 53 104
56 20 85
3 52 144
0 50 161
0 19 50
3 51 14
7 12 27
1 21 71
0 23 17
1 30 115
51 14 51
0 4 57
25 10 76
0 2 114
0 0 22
0 26 171
18 10 141
189 14 74
0 18 76
2 8 145
1 31 92
0 3 30
0 38 110
0 41 48
2 39 113
0 42 95
1 24 5
40 9 27
18 47 22
5 2 122
1 28 66
7 44 194
2 1 77
2 9 112
5 18 99
461 55 20
4 59 117
3 31 195
0 8 83
12 39 183
2 35 169
2 36 99
0 7 75
0 29 33
75 47 2
1 29 159
0 49 116
2 11 121
9 59 72
10 54 178
19 31 19
0 18 10
0 52 75
0 28 13
10 51 181
1 9 55
6 43 56
86 59 85
23 16 77
41 22 55
1 43 198
1 27 86
0 35 88
22 6 63
1 45 108
0 18 43
29 50 165
1 24 105
5 52 27
134 20 97
0 50 4
72 41 160
0 49 105
3 36 164
0 50 171
1 12 119
0 46 28
3 24 19
2 39 139
1 25 69
1 42 131
0 31 190
10 35 13
0 39 91
3 26 31
0 31 46
27 17 16
0 22 154
20 7 17
0 24 96
17 0 139
2 56 117
5 54 122
0 23 159
6 31 116
0 22 109
0 48 193
1 59 177
1 27 157
19 29 86
4 20 21
34 20 156
0 30 161
17 19 113
10 16 28
1 19 102
30 5 176
1 4 170
6 54 135
0 39 115
0 35 172
0 33 200
363 53 138
16 46 172
0 40 24
13 0 30
1 22 172
0 20 53
3 10 70
4 24 196
30 2 197
1 35 114
253 57 77
1 37 76
152 56 34
0 59 3
2 3 106
157 22 157
1 43 117
1 52 36
8 38 25
2 43 191
12 26 16
6 7 117
53 56 107
5 19 66
1 49 186
3 10 123
1 19 80
0 11 52
5 6 141
1 21 38
0 7 46
26 6 139
628 6 129
1 56 188
0 12 134
1 31 34
0 45 32
0 2 125
332 28 37
20 35 67
0 50 78
0 15 176
14 21 191
0 29 16
0 3 52
20 17 156
153 0 30
278 49 5
13 16 77
0 20 56
5 4 50
3 27 27
0 40 50
41 21 97
73 11 192
366 45 149
8 24 170
0 33 116
20 23 123
1 34 77
0 53 128
2 27 108
4 48 31
1 10 133
0 44 165
6 7 17
1 47 105
64 0 21
26 51 87
1 42 107
0 51 64
143 37 158
452 39 63
21 56 123
12 21 167
11 45 75
9 53 56
36 40 107
96 37 149
1 2 171
0 13 7
0 28 169
10 27 38
3 37 77
2 58 88
0 0 105
26 39 200
466 12 122
8 20 47
5 21 137
0 5 9
0 31 144
0 47 151
7 14 1
6 32 173
2 2 96
21 24 122
8 15 148
110 55 122
12 42 141
0 13 16
27 15 31
1 53 170
2 17 129
2 0 187
59 2 77
8 55 196
0 28 42
124 16 70
458 10 12
1 40 57
0 40 116
2 48 127
0 53 56
5 37 45
472 4 191
2 24 83
2 25 119
114 37 173
2 31 47
85 57 100
1 33 7
1 11 190
121 57 102
3 4 194
0 8 74
22 49 127
0 23 87
26 4 200
0 54 12
0 27 35
0 39 92
24 42 58
0 15 58
9 59 153
104 31 104
0 46 44
0 4 194
2 11 188
0 51 3
6 33 192
2 47 90
51 58 16
66 59 198
5 35 184
74 43 136
63 1 189
0 7 186
2 39 175
34 48 124
6 15 158
5 19 114
2 53 49
0 9 33
5 4 53
0 50 179
87 2 117
117 29 88
4 20 180
3 35 26
0 7 105
0 2 130
0 40 144
3 28 17
0 16 35
0 17 169
0 10 76
0 31 181
3 50 36
0 40 67
46 9 109
1 47 59
0 4 93
69 46 141
1 59 108
0 42 99
53 29 164
1 25 51
444 28 120
0 52 110
14 36 151
195 59 73
0 41 149
15 59 185
3 6 3
0 2 39
1 0 58
1 11 80
0 6 88
0 50 174
1 31 84
23 50 167
0 18 17
67 11 68
2 27 123
47 11 33
2 19 181
67 55 42
25 54 32
27 21 10
0 35 192
3 2 166
7 39 158
1 17 101
6 55 184
0 56 125
2 52 73
0 18 25
0 10 159
0 55 170
1 7 53
17 11 195
53 56 164
2 53 194
623 47 63
17 33 114
197 21 124
21 30 156
0 39 37
472 39 115
3 57 105
0 53 129
2 53 4
2 42 55
55 5 125
0 41 117
18 6 114
69 59 92
148 23 117
0 3 187
0 31 127
3 39 144
7 46 81
0 41 90
0 28 39
336 0 66
8 13 74
204 39 14
7 9 88
0 5 191
0 54 63
1 23 191
14 34 9
0 35 199
0 29 5
0 49 53
90 41 174
54 45 135
24 20 187
24 54 61
34 51 98
4 21 140
0 33 159
34 15 164
18 38 58
0 3 162
0 35 164
2 35 55
0 34 175
5 28 69
0 23 98
45 59 152
2 30 76
7 36 115
0 8 159
2 0 170
71 15 183
776 21 147
32 56 106
2 43 38
0 2 149
0 45 46
22 5 130
18 18 90
2 0 101
5 19 184
16 25 146
19 37 89
0 12 165
19 31 176
5 53 3
0 17 74
11 11 42
0 52 36
0 8 184
0 47 169
0 6 194
0 9 167
0 24 16
1 31 141
68 40 193
143 54 95
18 50 10
0 20 136
4 42 109
346 54 127
219 1 123
39 48 21
0 59 165
17 6 161
0 0 89
0 2 98
53 55 6
0 1 79
0 23 150
10 49 9
66 48 169
0 52 108
0 25 125
0 20 117
1 24 141
0 22 149
0 3 90
0 58 150
29 57 105
0 41 162
6 37 198
16 52 141
9 2 187
3 11 174
3 33 131
11 10 172
747 22 176
10 53 100
31 49 7
241 22 82
0 16 187
1 31 182
7 17 38
0 56 112
45 7 148
83 39 76
0 10 162
18 32 86
0 4 20
7 0 48
0 15 8
1 58 167
3 4 32
0 9 142
5 59 101
48 45 63
0 45 85
8 1 96
0 53 17
1 21 157
3 37 108
0 9 173
2 32 16
0 1 10
26 18 78
1 2 133
1 18 139
339 51 113
0 0 37
0 0 120
6 8 24
0 6 115
4 1 46
755 24 150
16 30 95
16 26 148
0 7 75
1 59 34
1 36 23
11 53 199
6 16 35
36 28 100
5 55 94
0 29 171
0 31 157
3 47 46
0 45 140
63 49 59
0 27 114
9 3 97
0 8 67
0 40 158
4 29 180
79 29 12
2 23 118
0 52 158
2 32 166
4 37 57
543 59 14
1 22 182
140 13 144
0 29 33
2 50 130
102 43 57
4 30 194
15 20 153
1 52 132
0 32 93
2 37 56
0 6 175
0 30 148
1 53 129
2 50 76
0 21 68
0 7 137
1 40 38
6 17 112
2 49 26
0 30 92
0 57 123
3 4 58
403 49 85
0 7 200
176 28 174
2 38 182
0 57 95
26 55 1
6 15 16
0 40 174
48 2 129
0 26 61
28 57 137
779 51 25
0 16 129
10 11 24
45 7 47
0 43 23
98 32 26
5 24 120
31 27 118
0 1 64
1 6 6
70 29 31
589 23 4
0 56 41
0 43 83
0 0 18
10 36 143
269 5 147
0 44 136
31 39 64
18 59 176
0 9 145
94 1 13
0 49 169
14 3 177
2 13 76
5 39 55
6 50 152
2 30 11
49 33 198
6 13 128
0 6 169
2 41 134
0 43 61
0 13 139
9 24 112
0 42 20
0 21 87
0 2 132
37 3 187
95 52 53
12 39 151
2 52 167
46 41 169
61 0 22
0 40 140
0 8 124
15 47 60
0 56 13
5 56 87
0 5 99
0 24 153
2 13 109
27 19 189
5 8 14
1 41 112
1 29 36
9 52 178
4 59 52
0 27 41
42 37 81
87 15 90
52 32 101
0 13 88
0 6 169
2 32 144
43 26 153
362 9 163
0 53 97
0 1 97
0 58 180
103 48 110
1 21 110
0 25 18
1 14 179
0 4 19
0 21 174
1 40 74
0 47 176
13 51 29
18 44 50
3 48 31
0 19 107
148 3 156
0 51 72
4 18 160
0 15 172
2 46 63
5 41 113
26 49 155
89 6 115
1 57 38
17 50 7
0 14 102
0 4 121
0 31 55
4 46 171
18 23 133
185 9 162
0 15 173
4 31 78
0 35 121
50 1 69
0 31 39
1 19 155
113 19 15
1 0 29
1 17 137
9 52 12
0 8 173
210 38 102
0 43 82
394 38 41
1 43 124
8 49 27
9 3 184
0 14 3
72 55 27
0 20 177
1 56 7
7 48 162
0 59 112
22 25 18
1 8 22
4 40 114
0 52 186
7 54 132
8 23 58
0 38 77
3 28 144
17 27 60
1 13 85
3 14 139
9 38 13
188 19 66
2 28 115
4 6 157
4 21 165
0 30 49
0 25 183
35 36 137
216 41 114
3 50 191
0 3 15
0 36 139
2 28 31
0 23 60
4 14 65
0 24 52
0 23 198
3 28 80
0 51 177
22 38 111
16 29 174
4 36 47
0 52 59
0 37 139
11 33 107
0 3 33
0 29 141
3 40 139
751 51 23
25 23 115
9 3 144
0 51 120
0 26 199
0 20 30
0 42 141
1 15 122
31 46 146
0 1 77
0 19 9
22 29 149
1 52 82
568 35 77
0 4 138
0 3 22
1 35 177
1 49 54
0 52 28
136 17 72
24 12 166
34 34 124
260 2 99
0 30 144
1 0 18
0 59 105
1 6 18
1 19 85
9 12 80
0 29 114
16 18 196
1 10 107
0 12 81
0 50 179
0 6 135
4 48 22
539 56 141
0 42 36
50 17 66
19 10 121
0 50 93
0 35 86
0 8 165
19 12 141
0 15 174
12 54 11
0 9 106
0 42 135
5 53 98
1 29 96
17 6 143
58 2 7
0 41 120
8 10 73
0 49 130
416 25 191
2 31 129
0 11 135
0 47 99
0 17 93
0 29 18
0 57 60
2 50 11
131 39 194
0 9 8
13 57 194
0 34 163
8 36 80
2 34 164
0 19 129
2 32 35
1 59 91
3 32 109
55 46 183
0 43 90
0 50 101
0 53 114
267 6 7
66 43 42
597 19 145
7 41 29
6 18 40
0 7 178
0 1 121
1 53 157
1 19 142
0 35 7
8 2 171
0 25 116
1 6 175
0 8 13
2 52 98
1 45 110
0 4 120
10 33 139
0 37 97
8 18 146
1 17 42
0 42 62
52 50 181
5 42 110
0 40 91
1 8 60
1 42 99
1 13 10
1 2 13
8 58 28
0 17 85
1 42 67
9 38 197
0 14 106
50 30 30
8 47 55
9 46 168
3 3 141
49 16 20
2 0 167
143 5 74
0 4 189
8 50 167
2 2 71
0 59 9
286 53 163
0 22 152
310 56 187
19 9 7
129 22 164
0 12 154
1 59 162
2 42 176
622 39 63
1 5 191
2 5 52
15 33 178
15 8 78
0 48 163
0 38 17
12 21 57
6 30 149
0 32 64
2 6 115
43 25 166
470 43 195
27 6 8
1 34 134
20 8 120
566 10 176
1 21 37
1 33 170
23 36 12
6 16 139
15 57 144
148 30 31
1 58 83
0 38 38
16 17 49
3 55 28
24 1 4
1 2 145
0 56 71
0 42 38
11 30 109
6 19 105
4 59 60
0 47 118
39 30 78
0 11 123
9 15 37
2 37 170
5 50 146
11 17 107
39 10 49
61 11 151
60 15 172
0 57 15
0 58 138
4 33 181
5 33 183
4 20 11
0 15 77
5 28 46
2 44 51
0 42 168
0 18 171
2 54 79
35 48 119
2 14 132
2 2 163
99 56 39
4 21 195
186 21 16
10 44 191
0 16 23
1 17 3
2 54 26
9 18 78
7 8 160
5 2 131
4 25 141
13 8 90
0 52 162
5 56 108
0 23 19
4 30 190
0 57 21
62 55 100
123 34 99
7 22 60
0 43 77
25 24 198
8 58 30
0 1 8
2 28 97
101 27 178
0 53 147
0 53 62
2 22 94
14 25 10
452 20 32
2 43 169
8 48 153
0 17 188
0 18 91
6 45 165
79 55 156
7 16 43
0 14 37
2 55 39
2 17 169
0 36 197
10 48 37
1 48 25
2 40 182
10 45 180
0 4 160
1 2 93
0 3 54
38 6 134
2 10 34
0 13 86
32 32 138
1 37 13
0 34 196
139 31 99
303 52 118
3 23 61
9 50 6
0 36 25
0 13 112
0 25 159
67 40 151
19 26 106
1 26 61
3 25 84
478 11 176
28 40 137
0 6 47
0 11 192
376 3 182
2 2 6
0 1 23
1 22 74
0 23 19
244 34 57
0 48 71
0 49 28
338 25 94
352 13 158
1 39 192
1 49 92
0 4 184
1 22 92
43 10 54
14 59 86
1 30 61
1 3 12
612 54 51
19 5 143
0 30 44
0 46 146
1 26 72
1 51 37
3 57 164
0 43 70
4 32 34
6 34 173
11 15 45
21 50 166
7 55 13
107 4 57
43 59 90
151 44 180
53 28 97
5 21 196
102 56 42
0 9 198
6 18 4
1 29 37
0 43 165
1 27 88
10 53 140
523 36 1
0 15 147
498 47 146
9 35 170
0 26 22
2 51 6
1 19 140
0 19 23
0 54 129
2 38 106
0 50 172
1 28 171
0 9 196
13 6 63
0 53 22
1 18 59
1 42 18
10 8 81
523 44 176
6 32 131
29 3 2
28 50 137
0 45 141
2 12 63
24 50 157
2 37 81
1 7 8
0 31 158
2 58 121
1 35 120
0 36 69
0 47 43
6 12 163
0 17 152
56 54 64
2 47 184
0 1 85
7 17 8
2 33 131
10 51 167
0 39 63
0 49 124
6 30 168
0 46 148
52 54 164
37 15 188
0 25 73
1 14 118
57 2 65
40 2 196
43 43 190
1 35 195
5 0 167
0 37 155
0 49 17
3 22 117
8 48 153
4 23 48
146 43 139
133 9 92
1 8 6
4 40 131
4 41 55
26 9 17
65 12 111
11 38 148
48 46 185
4 39 44
7 42 92
2 8 169
32 25 19
0 59 57
0 47 55
155 24 159
3 19 159
0 41 18
6 24 87
0 15 154
0 23 194
0 23 144
22 4 3
0 3 20
0 58 189
0 21 68
109 13 77
2 1 193
1 33 114
1 19 40
0 26 76
0 52 127
3 20 150
0 6 30
1 36 100
58 6 169
0 38 18
0 16 153
0 40 112
1 44 196
0 53 196
0 35 85
40 31 107
0 22 197
177 36 17
1 9 117
2 21 159
13 59 26
0 2 124
35 36 160
21 5 182
0 59 161
759 31 176
0 19 102
0 32 46
182 49 171
5 25 66
0 43 188
6 56 99
0 49 32
56 56 178
0 23 23
0 14 97
1 25 142
1 38 110
29 46 84
6 19 93
0 59 102
5 33 192
0 0 119
2 54 138
2 31 35
3 6 84
1 3 91
7 38 51
0 36 183
0 1 188
0 11 41
2 8 159
2 53 6
0 26 42
29 58 168
0 21 81
1 46 35
5 53 144
7 14 68
21 49 132
0 25 47
6 29 148
0 2 116
0 53 180
1 27 42
0 4 51
0 18 40
0 48 186
2 35 101
1 40 94
2 8 93
16 28 66
37 8 192
0 49 104
0 10 50
2 42 136
54 38 51
0 28 49
0 44 80
4 46 58
1 8 95
0 44 47
75 15 38
1 15 135
413 2 23
6 48 16
23 16 99
0 11 174
1 0 4
4 53 97
6 2 171
41 21 31
0 4 178
1 51 28
98 50 5
2 35 188
0 7 77
0 12 174
3 8 20
0 34 181
0 53 55
2 18 169
4 24 160
0 34 196
287 35 77
4 45 121
0 25 135
3 15 92
0 43 75
11 38 170
7 16 96
3 44 60
2 54 171
3 37 19
13 11 198
2 54 26
1 6 109
0 38 187
17 44 188
19 16 70
69 36 56
0 49 110
24 0 181
0 56 93
0 11 121
9 15 100
1 7 123
0 18 182
2 47 111
4 43 4
0 20 15
35 27 9
6 12 90
77 20 29
0 48 91
0 59 30
28 57 104
2 36 185
39 45 158
3 45 131
80 24 169
0 26 123
1 18 104
4 18 118
4 37 148
1 18 200
3 48 116
0 3 137
6 31 74
37 35 51
10 59 194
0 58 67
28 51 52
0 49 170
0 34 16
0 36 164
29 20 103
3 20 106
0 32 113
10 26 6
0 56 67
1 7 179
1 22 18
0 3 85
0 18 128
0 26 105
0 1 90
0 44 124
0 8 139
0 30 188
0 36 20
0 40 141
1 46 135
1 7 23
0 26 175
88 42 13
106 3 71
0 43 96
0 9 119
77 2 73
2 41 104
2 25 167
0 0 4
1 34 144
0 29 126
4 20 174
0 3 34
0 28 178
1 8 85
2 42 104
2 2 10
0 13 161
8 53 109
3 32 91
18 45 119
1 36 99
22 11 26
39 58 192
1 39 83
222 38 84
12 0 139
0 30 78
0 6 173
2 7 176
1 23 115
35 25 53
292 47 90
0 8 147
0 14 81
7 26 33
10 55 90
1 34 108
3 5 91
4 34 36
576 26 165
5 20 52
225 56 158
0 55 113
1 5 137
0 13 197
112 16 35
2 4 72
1 11 161
4 35 79
2 24 83
2 50 182
0 37 23
18 39 94
7 46 85
0 9 19
1 50 181
0 26 76
0 10 155
34 56 140
0 52 109
1 31 43
9 34 78
5 47 27
0 54 154
0 16 135
22 44 185
0 43 33
0 34 142
0 40 72
0 8 27
1 12 199
8 46 88
0 7 153
0 42 162
71 21 38
7 29 99
0 22 27
9 49 79
1 37 12
2 7 188
4 51 57
0 47 121
1 32 94
436 58 27
33 32 137
3 3 170
2 12 18
1 12 27
0 43 15
2 50 12
1 57 146
0 50 192
0 10 162
0 15 73
0 33 11
2 5 2
6 32 155
684 5 143
0 40 83
1 25 78
1 41 159
4 42 42
1 22 33
26 55 101
9 18 130
15 30 83
0 29 163
2 8 72
1 16 31
1 0 80
296 50 49
1 5 163
23 11 95
2 8 45
23 54 149
11 44 57
0 57 73
2 19 147
670 4 197
0 33 131
0 39 59
0 40 164
3 5 135
2 14 86
5 44 131
23 8 54
13 59 46
1 38 23
0 1 162
4 12 67
30 21 4
0 24 76
1 58 33
243 13 153
1 43 149
1 16 157
0 4 84
1 8 154
16 22 158
0 38 98
2 19 52
18 2 113
36 16 21
160 29 106
0 24 198
1 9 146
146 41 185
1 33 177
4 24 23
0 57 47
0 31 94
0 10 139
0 34 138
1 48 62
91 41 150
0 41 146
9 43 199
7 13 151
0 8 50
1 12 19
0 23 172
1 56 156
1 33 181
0 48 103
0 41 60
0 2 168
0 25 179
67 49 156
29 13 4
3 43 131
39 20 56
10 7 130
40 10 25
0 22 71
0 28 116
22 23 6
1 3 86
37 25 178
0 57 112
0 12 25
1 29 99
0 26 146
36 39 65
3 21 177
14 35 44
2 34 163
135 22 190
2 20 186
0 26 96
0 12 12
2 8 106
6 49 29
0 31 69
0 7 159
3 42 32
2 19 154
3 23 172
0 33 25
16 31 156
22 38 61
0 33 163
103 27 93
8 46 12
134 25 200
1 2 52
9 17 35
2 5 90
82 42 24
0 52 194
0 14 122
0 10 195
0 42 14
54 24 149
14 53 95
0 47 126
0 45 118
0 12 51
4 46 200
0 43 171
0 29 103
63 28 57
48 7 41
15 21 78
145 9 56
4 57 136
0 15 165
58 57 162
1 53 58
2 37 43
20 57 172
6 48 191
2 56 129
2 53 173
32 12 86
0 7 33
0 59 198
0 7 93
7 42 37
12 8 90
0 51 168
7 27 17
0 5 42
1 37 66
175 46 155
2 15 25
1 3 142
0 51 83
0 23 125
2 56 118
10 27 46
0 18 9
1 10 147
0 32 30
2 50 138
0 25 7
1 7 158
18 24 99
15 21 22
1 34 158
38 48 136
1 2 137
0 58 40
0 37 184
3 5 173
2 3 199
2 43 124
4 32 19
0 59 90
16 46 20
0 15 17
5 17 25
2 6 143
0 37 93
34 30 188
0 20 107
15 1 54
0 8 18
0 22 91
6 6 112
0 10 158
0 46 79
3 52 55
0 30 40
3 10 130
58 1 134
0 10 157
91 23 98
8 0 192
1 2 8
4 57 56
0 33 15
169 34 6
1 3 66
0 44 16
1 26 193
252 0 51
5 17 29
0 32 45
0 49 187
2 52 187
2 40 146
0 14 94
1 17 42
4 46 71
0 43 194
74 49 101
0 18 179
0 6 50
10 17 64
0 22 20
4 45 144
0 30 2
0 12 124
0 33 117
13 25 96
13 52 25
2 36 26
0 56 28
3 4 22
1 11 105
1 2 165
0 36 194
0 26 46
16 48 143
4 17 136
1 30 145
133 6 75
0 22 116
1 18 8
0 20 182
0 24 121
5 1 86
1 59 131
3 50 191
1 28 6
0 48 75
53 26 27
0 26 198
67 37 88
55 8 130
15 46 97
25 13 60
0 47 28
0 32 81
1 20 61
0 10 17
1 5 141
1 39 34
79 55 33
2 11 162
30 49 45
0 28 106
98 42 104
0 17 95
0 35 26
5 19 116
0 9 164
18 32 58
7 9 88
1 57 60
185 59 125
16 47 8
2 19 80
0 1 47
0 10 73
0 34 126
0 7 20
0 55 185
39 18 101
79 0 49
1 6 192
26 7 96
4 0 193
4 54 74
0 55 145
15 57 82
0 42 68
4 15 50
0 15 75
3 58 128
0 31 180
3 21 190
2 25 8
130 34 135
0 0 1
6 0 160
3 6 85
0 3 175
283 43 172
1 53 82
0 51 72
3 10 48
9 23 49
1 14 108
0 34 148
135 28 92
11 23 198
1 37 153
21 24 58
2 14 73
29 0 87
6 29 110
1 58 94
1 20 142
0 48 31
65 15 174
0 9 86
1 27 158
1 13 191
97 33 3
10 49 5
549 5 132
4 9 161
16 18 134
1 57 125
0 36 179
0 50 16
0 3 16
0 19 72
0 13 114
3 37 180
5 4 46
38 8 58
0 0 113
0 43 87
377 48 21
0 15 153
603 35 67
0 10 56
0 52 177
2 36 7
8 15 23
20 37 151
4 56 173
4 18 190
0 33 182
26 16 1
149 8 94
1 38 187
23 52 5
0 12 114
3 47 124
5 39 23
2 48 52
2 49 70
5 27 78
1 14 49
12 11 17
1 25 92
236 5 90
33 23 133
0 50 10
0 21 19
0 43 137
2 11 38
0 8 65
12 40 95
1 8 58
7 14 115
41 51 141
0 7 137
0 42 11
100 37 39
1 23 181
21 23 103
2 14 159
0 12 171
236 48 105
2 41 163
9 23 92
1 30 29
0 56 19
6 42 119
0 22 156
0 9 93
2 25 86
3 1 7
10 5 115
607 41 108
2 38 47
8 18 182
1 35 20
161 10 156
8 15 74
0 7 118
1 51 127
2 40 188
3 45 166
2 12 153
1 43 19
6 41 93
0 16 138
33 51 134
0 5 165
58 33 165
134 29 73
0 36 52
11 21 195
107 51 136
0 3 181
28 25 135
2 42 68
2 21 97
15 18 68
0 39 179
218 54 69
10 45 8
12 3 116
0 44 89
2 26 177
13 6 185
0 50 107
1 46 60
0 41 162
0 20 99
6 8 114
574 52 2
0 37 51
60 3 136
5 41 133
3 39 45
159 18 34
6 35 12
0 4 130
0 29 118
1 52 188
146 34 125
24 18 96
0 55 120
0 16 180
3 32 101
0 34 92
0 31 176
0 20 29
0 42 98
136 19 157
11 17 106
20 31 189
5 4 134
0 31 15
0 41 97
10 47 32
1 7 110
1 41 139
1 44 138
0 41 51
1 54 48
26 50 39
0 40 10
1 45 193
0 58 100
0 17 133
1 25 76
0 17 141
13 38 179
1 51 40
218 20 13
0 20 193
12 22 43
3 20 140
8 38 175
0 12 113
4 38 180
7 23 71
1 27 35
0 40 50
17 46 187
7 45 167
0 53 37
0 56 171
1 33 164
5 16 49
0 48 175
0 42 123
180 24 136
0 29 128
5 25 47
21 5 89
4 3 72
26 41 192
0 54 18
6 18 161
85 53 43
0 48 171
5 37 124
11 54 93
0 21 182
17 19 11
4 9 85
6 49 4
0 50 10
14 42 37
0 22 22
13 46 17
0 35 37
3 29 100
1 59 77
0 9 90
0 36 116
1 22 193
1 49 129
26 52 120
5 0 29
0 16 113
0 37 191
2 44 69
5 59 21
1 14 156
8 34 48
7 47 161
0 48 197
4 28 171
8 35 198
8 58 191
11 19 16
0 44 171
21 40 127
3 7 32
42 2 5
0 1 190
0 29 32
0 6 172
65 46 8
3 45 67
0 48 66
0 24 182
0 24 117
0 1 184
1 20 77
0 15 109
0 29 84
0 7 167
129 40 83
0 47 1
0 7 43
18 39 138
72 14 185
1 12 187
0 17 56
19 58 99
56 6 26
6 45 171
4 49 162
2 49 104
0 54 169
35 59 39
89 48 115
19 44 85
118 8 5
3 5 161
0 45 167
0 33 49
1 31 187
0 55 95
1 35 173
0 57 39
1 45 156
1 28 177
12 34 126
1 3 149
0 22 129
2 12 86
139 41 113
0 8 36
1 20 174
3 2 84
0 18 121
4 54 76
0 49 175
104 21 47
3 11 137
2 12 4
0 32 148
0 14 126
1 40 80
81 46 37
1 42 18
52 36 168
6 41 68
1 46 65
0 22 38
0 27 19
6 33 122
0 18 45
0 20 193
1 8 3
0 44 198
1 50 86
24 37 31
1 6 68
2 22 52
0 45 83
97 27 59
0 42 117
66 19 137
20 19 140
88 4 29
139 47 19
15 8 191
1 36 6
25 2 14
4 35 200
2 49 62
15 15 132
14 10 15
765 50 180
0 27 142
11 41 87
6 13 113
0 9 164
185 9 117
5 37 72
6 30 125
1 29 101
0 0 173
1 55 50
7 40 197
2 56 183
1 19 19
4 52 4
2 45 164
15 15 117
3 15 51
0 11 59
5 25 192
0 57 15
0 25 83
2 42 168
14 16 171
0 22 138
2 5 183
700 28 159
179 13 66
50 0 103
0 15 90
0 23 100
49 49 12
1 40 104
33 17 181
0 36 141
3 7 40
129 42 89
12 32 196
0 7 53
0 2 63
110 26 174
28 20 139
0 59 90
365 43 104
34 18 146
85 53 57
139 38 25
4 7 162
7 44 38
52 35 113
1 50 149
3 28 25
8 28 30
1 7 144
3 9 19
9 10 133
38 52 146
2 1 193
4 26 53
2 50 53
622 56 182
0 29 171
14 32 124
0 49 75
0 14 180
1 2 68
7 20 57
34 9 112
2 56 182
5 4 25
0 4 58
0 3 188
2 7 133
0 22 183
0 30 63
43 24 169
0 32 80
15 26 22
191 46 154
0 15 129
0 49 105
59 24 59
3 56 149
2 29 121
0 38 116
34 42 27
0 3 75
256 21 182
9 51 152
1 38 193
124 10 157
26 52 114
0 52 16
43 20 151
0 7 200
9 53 141
1 31 125
2 0 70
35 36 38
0 4 46
13 29 37
1 26 164
10 32 47
81 54 18
0 46 186
10 38 92
1 43 165
1 2 161
98 58 31
36 25 83
10 36 90
0 27 154
113 50 36
2 22 29
16 14 9
17 15 190
1 31 26
1 27 110
0 0 145
0 25 15
796 39 140
0 48 88
0 18 123
0 31 44
655 34 136
28 28 194
1 43 42
24 38 27
0 52 23
3 4 81
1 26 24
13 21 13
0 24 42
0 15 97
0 42 22
72 18 17
15 16 167
3 2 70
0 40 114
0 24 191
0 13 8
0 28 110
1 40 64
5 8 70
3 41 113
0 19 14
0 1 121
82 12 31
4 5 149
0 7 131
448 51 90
0 19 65
2 57 118
1 32 12
22 14 195
2 26 154
1 11 180
1 57 5
24 3 112
0 32 149
295 49 45
20 2 105
0 21 49
0 39 133
0 10 162
1 39 137
0 26 134
0 22 115
1 31 130
12 42 145
0 39 161
120 24 130
0 38 90
35 4 142
0 37 27
13 58 88
1 9 61
10 37 12
0 48 89
311 46 69
1 33 5
6 39 35
2 57 68
43 39 199
1 9 102
6 2 197
1 32 121
14 2 134
32 56 145
18 55 55
382 0 62
1 29 106
0 16 22
0 1 150
3 59 90
0 29 152
8 54 171
5 13 35
73 14 33
13 30 98
1 43 40
5 12 12
1 33 187
17 32 65
15 26 29
0 20 33
360 27 133
1 37 55
0 13 12
5 8 45
3 20 21
0 18 26
4 5 29
0 28 3
3 1 88
404 29 65
0 9 89
4 36 30
267 39 112
1 19 53
186 9 200
4 36 23
0 20 196
5 37 196
12 54 34
1 1 75
0 49 57
3 12 20
29 6 17
0 44 85
2 35 195
372 55 86
23 40 77
119 33 30
0 5 47
0 18 163
0 52 161
0 22 193
0 23 76
1 39 112
1 8 196
0 1 142
35 56 137
0 37 69
2 36 43
2 1 159
1 37 128
113 51 109
4 29 40
0 38 61
1 3 148
1 28 136
13 27 16
0 37 44
5 10 107
0 42 49
0 49 107
5 48 124
0 48 100
0 22 177
77 25 38
0 29 125
50 34 161
7 12 68
16 23 102
1 44 81
28 26 34
4 8 194
1 16 18
0 40 191
0 23 90
0 22 42
12 12 143
315 34 145
529 48 138
0 59 191
2 26 186
0 28 87
1 35 123
1 15 28
97 1 101
3 43 4
35 28 146
1 15 27
3 34 119
0 15 172
0 10 110
0 6 162
66 31 197
62 26 4
1 49 200
2 7 79
590 47 48
0 51 147
4 59 74
0 11 189
5 36 128
0 34 133
2 36 2
3 35 75
0 30 45
699 0 110
0 32 158
1 14 93
0 47 145
2 40 90
0 54 140
0 35 88
3 28 191
2 11 19
2 13 61
0 4 95
0 7 135
2 57 38
1 4 126
0 59 120
1 44 113
12 32 163
12 7 164
1 45 46
526 49 47
624 8 22
7 43 183
28 41 168
0 32 190
1 48 88
0 48 151
0 56 77
0 36 8
0 27 15
1 59 65
8 22 116
0 42 174
35 38 173
2 35 35
3 32 32
2 12 62
615 41 30
0 5 10
6 26 37
0 13 54
361 22 14
7 29 54
2 25 5
3 25 114
3 17 158
0 1 101
0 14 58
1 11 103
116 8 181
0 58 138
1 10 82
1 12 102
0 53 50
8 27 199
0 52 200
0 17 181
597 30 83
204 1 143
0 2 17
21 3 98
46 47 123
68 50 83
10 20 151
68 51 143
0 0 55
10 18 47
2 57 31
2 4 69
5 55 38
140 40 119
0 27 117
0 57 12
51 2 193
22 28 129
10 55 96
0 21 3
1 2 4
3 6 20
0 7 37
2 4 176
3 49 34
202 44 35
1 39 54
0 18 5
347 44 75
0 59 150
2 22 196
3 53 50
8 56 36
0 58 132
109 58 167
0 21 97
1 13 154
124 1 36
0 41 20
94 8 172
1 35 176
2 19 146
6 25 23
0 58 184
2 16 50
0 17 117
2 14 147
0 46 18
1 47 141
342 47 138
0 54 55
0 27 56
1 19 113
0 32 112
4 41 16
1 3 155
1 12 24
5 46 80
0 19 176
0 18 111
256 12 157
14 53 183
149 16 149
6 39 16
11 1 56
2 16 158
2 57 196
0 33 92
3 56 42
2 4 199
0 34 89
0 29 155
0 0 187
0 49 120
0 35 111
6 37 190
0 36 38
7 24 98
0 45 4
82 51 163
0 41 119
4 40 59
0 0 118
62 53 94
26 44 158
106 5 155
1 52 94
2 45 35
4 35 141
7 40 2
6 36 198
11 15 135
1 55 165
2 50 177
1 40 84
1 34 86
0 52 146
0 40 82
5 59 175
12 1 200
0 59 185
45 15 127
16 27 75
15 9 89
3 40 165
1 44 151
1 12 40
8 15 167
1 52 85
47 27 90
72 59 158
0 13 152
0 4 93
0 16 66
0 1 14
0 43 187
0 20 165
0 38 156
0 18 131
0 7 114
46 37 147
0 46 4
4 26 15
0 23 29
1 46 186
1 43 37
2 42 111
77 25 6
0 56 31
3 10 48
0 32 99
0 43 196
1 50 183
0 0 50
122 20 101
1 28 54
0 27 55
4 20 110
1 13 5
0 56 147
2 30 9
3 59 25
0 2 113
41 14 30
0 40 18
1 3 164
1 22 132
1 52 57
2 42 154
0 33 27
2 26 129
1 34 71
69 6 180
12 20 3
11 25 125
5 32 24
5 20 164
0 9 112
139 3 164
2 21 165
0 19 152
4 30 37
1 19 44
25 35 27
125 9 20
0 40 31
11 57 44
0 8 152
1 11 151
5 18 152
0 12 194
83 57 135
4 38 181
0 24 166
1 56 27
5 25 4
0 44 187
0 6 105
0 14 27
12 25 30
101 9 57
0 30 184
135 7 98
4 48 142
19 50 193
0 30 34
0 35 56
7 43 36
0 13 101
1 33 40
0 40 196
2 22 195
0 8 113
83 46 190
11 2 111
0 4 6
7 5 4
0 48 172
0 4 164
189 3 122
1 23 138
0 41 125
0 9 132
9 14 145
16 25 72
3 31 21
0 35 40
0 7 162
6 4 150
42 25 101
0 49 84
14 11 167
22 29 193
0 20 140
1 37 187
3 58 151
69 55 103
6 35 192
9 53 9
62 1 75
0 40 186
0 29 62
12 27 39
0 39 62
3 2 75
181 47 37
9 39 32
15 35 195
15 49 10
15 19 112
0 20 164
0 58 43
48 30 68
16 15 129
8 1 21
0 26 10
293 58 172
11 42 139
9 8 64
6 31 86
2 48 167
17 48 172
128 23 187
0 3 145
14 53 146
6 10 132
0 2 122
6 56 103
9 41 32
674 55 71
0 28 42
1 1 199
0 33 105
286 56 76
0 52 169
37 19 98
13 26 43
1 16 56
0 54 27
8 11 187
0 12 5
9 11 133
6 24 20
440 44 162
15 20 39
8 44 96
2 37 194
0 8 59
7 15 47
5 9 51
0 42 192
1 21 47
1 5 114
1 31 143
0 21 55
2 15 82
0 36 34
0 32 164
0 16 134
0 2 96
0 9 152
0 56 173
0 15 167
0 25 127
0 40 72
1 48 132
36 35 190
3 52 70
1 0 4
9 14 93
9 16 94
0 21 58
21 57 149
0 5 136
0 32 114
0 5 158
0 58 53
18 7 11
0 47 55
2 35 18
10 27 89
57 2 99
0 54 149
2 43 64
26 46 94
240 11 6
4 7 66
0 17 104
148 47 112
0 41 22
0 13 84
4 9 73
153 42 24
0 15 55
2 55 15
0 11 154
15 51 79
422 49 116
273 41 79
1 56 174
77 58 116
6 36 110
1 41 130
20 29 74
26 49 6
0 19 180
2 8 171
0 49 105
0 10 160
1 3 27
0 52 121
4 20 16
3 34 122
0 48 14
1 1 183
10 22 28
5 46 167
0 9 155
6 29 100
120 54 35
1 48 90
0 32 171
40 26 51
5 10 97
0 15 167
1 6 126
5 59 173
11 58 175
19 26 192
0 20 57
0 49 28
50 53 190
0 45 186
0 13 186
1 50 83
0 59 78
1 7 17
2 55 107
0 10 34
6 23 6
0 25 101
372 39 154
242 53 21
13 47 113
1 57 14
3 5 58
0 15 164
6 7 146
3 43 168
0 40 178
0 16 89
0 2 77
0 53 82
286 4 15
0 26 22
115 14 16
0 29 176
598 41 158
0 1 159
14 28 56
2 14 181
0 23 168
0 52 157
9 32 178
0 17 132
0 0 149
35 43 137
7 17 194
58 8 139
125 23 146
60 40 184
6 29 24
9 26 144
1 51 192
0 51 128
3 54 20
25 49 15
2 15 140
443 28 131
0 55 12
4 35 75
12 48 12
8 39 138
2 45 168
5 45 85
0 23 22
1 23 155
11 45 13
38 53 92
0 20 54
0 8 115
4 27 156
0 26 161
16 12 51
0 53 198
14 41 166
24 34 189
0 55 77
1 25 16
0 32 194
0 19 74
21 4 93
0 15 54
2 14 192
2 9 93
211 55 78
71 9 180
37 31 118
0 56 95
36 50 14
0 20 175
105 56 19
424 57 156
0 58 78
4 13 182
1 50 142
1 29 69
0 45 11
0 59 163
80 4 165
8 37 90
378 17 162
0 7 193
4 8 140
460 24 136
428 5 70
0 26 67
502 33 139
0 23 114
2 36 126
0 20 170
0 5 32
0 51 53
0 13 126
0 0 101
3 4 61
45 18 32
36 48 127
0 41 69
9 52 191
1 25 81
1 19 86
1 35 40
0 10 126
0 16 88
0 53 147
1 18 77
39 44 139
0 13 166
0 26 144
2 21 93
0 12 166
10 44 127
0 56 53
140 35 149
0 34 49
0 48 87
11 7 175
1 7 49
26 32 93
0 26 71
0 45 104
5 8 65
92 51 134
2 53 93
194 22 125
28 10 101
0 4 8
0 43 182
26 39 185
0 45 127
146 42 15
180 31 95
56 41 187
5 31 114
0 31 102
0 6 146
34 58 39
0 1 151
1 44 55
5 39 167
2 49 69
271 54 136
0 22 95
4 21 59
0 24 105
0 29 29
8 3 145
0 44 148
2 7 60
3 49 129
1 14 110
14 24 99
27 8 78
3 19 33
0 49 64
0 16 166
0 41 71
3 50 89
0 27 85
0 28 121
443 30 140
0 41 119
4 7 52
0 42 57
5 35 104
7 23 103
3 21 128
27 20 115
0 17 96
0 19 25
16 48 187
502 32 127
2 41 161
8 6 135
91 34 62
0 37 13
0 37 43
94 37 38
9 1 52
3 1 151
0 11 155
0 0 60
10 26 45
15 12 46
4 44 167
5 59 30
0 22 168
18 24 118
151 33 186
20 51 148
1 7 100
0 52 113
0 5 90
1 4 172
0 8 181
5 32 173
1 42 155
15 41 17
0 24 88
0 59 142
3 26 79
2 48 47
0 57 121
58 11 67
29 16 41
0 22 39
32 35 109
1 22 45
1 20 32
1 28 184
7 19 190
0 58 119
1 21 95
0 40 176
3 27 71
4 38 191
0 40 120
37 40 150
5 55 53
0 3 138
1 28 1
15 41 103
1 58 190
5 13 107
2 45 31
24 32 170
2 53 1
1 56 127
0 8 156
0 54 106
12 8 38
2 19 98
8 37 147
96 18 180
0 54 146
0 3 135
0 55 71
0 49 119
61 10 137
0 26 106
0 12 191
1 52 166
122 26 11
6 10 59
3 38 162
1 32 188
1 20 170
6 32 8
36 2 161
1 32 77
0 26 187
0 31 24
13 35 27
3 44 161
1 50 7
0 55 89
4 30 72
4 36 121
0 11 12
0 37 160
0 37 138
12 0 40
1 56 84
2 13 129
1 49 46
0 3 195
4 54 147
0 26 109
0 52 118
0 54 106
0 42 45
233 1 141
0 11 132
3 57 193
23 13 100
21 29 135
1 39 81
1 4 139
0 18 167
1 47 177
0 15 198
0 25 111
0 52 152
0 40 121
1 31 43
0 19 168
0 16 12
0 7 120
13 24 155
1 22 133
69 1 27
6 1 106
1 24 71
0 44 193
2 28 1
86 46 73
0 13 180
0 5 133
0 53 121
0 18 64
106 28 57
24 9 128
0 13 40
21 24 89
199 19 112
1 41 101
5 49 115
0 24 55
0 35 151
0 47 2
25 8 96
1 51 9
3 28 59
69 56 148
22 35 75
1 16 195
0 20 118
2 22 1
0 29 196
1 38 71
3 49 63
1 22 197
0 29 163
3 31 74
2 41 53
0 21 189
84 31 185
5 17 96
5 51 187
1 41 119
8 22 78
0 27 63
19 41 77
0 8 55
0 45 68
1 13 64
0 52 97
28 26 69
0 15 76
17 43 79
0 52 14
2 24 33
1 5 85
5 3 9
24 35 198
1 1 66
2 37 80
7 49 181
0 47 83
6 30 56
1 53 2
1 33 105
0 17 99
92 40 148
0 36 183
0 3 42
0 1 157
3 38 45
1 48 117
0 29 52
6 46 65
34 7 11
2 38 116
14 56 86
0 4 142
3 7 15
1 32 140
4 58 133
17 21 74
27 21 86
5 30 10
0 19 116
4 2 127
0 26 9
0 10 195
6 7 172
13 50 195
506 13 181
54 28 8
0 5 61
0 6 127
31 17 41
13 54 196
0 31 63
0 6 23
0 30 128
0 47 48
4 4 156
0 8 25
294 35 153
0 5 173
2 27 54
0 2 197
0 56 96
12 18 154
0 18 106
0 18 75
0 41 156
8 25 123
44 32 146
0 44 21
62 4 200
0 10 156
2 55 36
2 6 46
18 53 56
0 12 193
3 22 103
4 28 94
0 31 127
3 23 111
0 50 112
0 18 171
0 18 8
0 29 46
0 5 177
5 46 79
1 4 144
0 33 67
0 52 69
4 58 95
2 19 93
2 42 63
0 17 10
2 56 124
1 45 196
11 23 190
0 10 115
0 0 123
0 37 163
0 36 85
40 12 64
0 24 1
2 0 133
16 44 182
0 1 199
1 9 41
0 1 146
4 27 156
22 55 154
1 41 46
16 10 53
1 3 55
0 46 17
25 33 34
3 34 56
0 58 176
2 20 54
3 35 69
0 45 27
1 22 8
87 56 86
2 50 33
0 12 127
0 18 10
26 51 189
23 36 41
48 31 138
0 42 78
2 16 12
3 28 87
0 32 59
8 39 27
10 48 200
13 58 160
3 15 130
0 8 126
1 14 4
0 24 115
16 54 139
3 39 138
0 1 59
28 0 133
3 46 5
2 54 28
62 53 180
47 33 27
41 9 175
0 51 19
27 23 196
0 16 117
1 14 16
3 46 1
14 57 27
4 23 37
158 16 183
247 35 69
1 50 142
12 14 105
4 15 31
0 36 146
2 7 71
0 58 102
640 45 165
0 27 124
0 2 152
2 15 189
88 27 172
0 33 196
0 39 121
36 11 192
1 52 11
4 18 174
6 40 18
0 13 22
2 38 139
0 45 76
2 33 155
623 13 122
2 0 134
0 2 173
1 40 104
45 18 122
4 8 159
5 12 195
0 51 133
1 45 154
16 47 8
1 33 183
1 30 96
0 26 55
77 39 18
0 34 39
0 5 62
12 22 9
1 37 45
15 51 114
0 47 127
0 52 53
7 38 191
0 59 17
1 21 142
9 12 9
0 14 148
2 59 40
0 8 92
1 7 3
13 59 81
29 55 171
15 51 20
0 17 165
126 7 156
26 34 111
0 22 129
2 40 162
6 47 103
6 23 73
1 6 82
23 18 82
0 42 98
0 39 14
0 38 35
178 53 130
0 27 122
0 18 149
58 36 22
0 30 180
1 17 37
12 2 99
6 39 51
6 21 44
12 27 196
0 31 126
2 8 27
0 42 180
0 24 62
1 57 164
0 38 53
0 38 58
3 19 147
4 55 22
2 9 110
9 18 89
0 18 43
4 55 125
0 38 84
0 31 162
3 8 104
2 22 52
0 27 122
16 40 77
0 53 131
0 42 148
13 14 10
6 44 176
16 26 116
3 7 186
3 3 98
3 42 54
749 54 18
2 36 192
1 40 115
0 51 63
0 47 110
6 7 3
0 50 6
0 11 9
3 3 96
10 28 167
1 17 70
1 36 172
62 12 154
3 57 124
10 8 28
36 42 45
69 51 53
1 54 82
2 37 189
0 10 19
25 47 130
0 58 142
0 19 106
24 2 186
59 46 144
174 39 167
0 10 51
0 49 56
108 59 55
7 42 65
13 39 127
0 48 186
3 28 28
0 6 48
0 14 188
13 1 169
22 0 187
0 46 123
1 17 190
17 16 111
0 2 37
0 44 82
17 16 74
1 40 138
2 40 132
0 43 128
7 59 137
5 48 119
7 40 167
9 23 107
640 32 49
37 25 89
5 40 98
89 11 20
6 9 102
51 19 154
7 36 183
1 26 59
0 2 164
2 48 188
0 41 142
0 49 121
7 12 132
26 12 30
170 27 60
100 36 109
0 34 108
439 10 127
389 53 195
0 24 195
0 54 69
0 57 196
1 17 38
2 37 61
1 10 162
0 38 193
0 7 37
0 23 152
0 38 36
86 3 79
4 22 20
0 54 49
15 9 88
0 13 136
0 8 8
0 32 62
0 8 73
0 54 144
0 18 85
86 55 120
1 55 47
1 50 152
0 3 39
1 41 24
0 56 14
3 40 40
4 14 157
176 45 86
12 19 75
172 6 104
58 48 57
140 27 102
4 24 63
0 28 49
43 1 129
4 16 44
1 49 26
1 20 55
68 59 106
1 30 4
3 2 164
7 37 110
0 47 163
0 42 132
17 50 168
2 5 4
0 35 89
0 46 105
489 52 21
11 47 152
0 15 104
3 50 70
38 36 168
58 37 74
42 31 136
3 11 115
0 57 147
1 20 49
15 59 130
1 55 12
21 16 39
99 57 177
328 52 89
0 57 22
155 48 147
10 21 16
23 34 19
0 38 107
1 19 128
483 55 177
0 48 65
0 33 20
1 31 39
224 56 159
0 34 175
2 11 114
0 58 94
8 20 162
0 37 157
0 48 149
0 30 83
1 48 122
0 47 185
0 38 11
0 20 149
9 46 145
2 18 45
0 3 165
0 24 152
1 27 1
54 55 117
0 34 176
0 20 79
10 37 169
54 3 80
1 3 97
0 44 86
6 31 124
1 16 37
0 24 42
2 54 189
9 23 176
0 41 173
335 55 87
0 32 151
27 32 123
14 26 24
6 14 96
77 36 94
587 20 174
24 46 179
2 38 144
0 25 129
0 22 14
352 32 186
31 53 158
3 28 144
37 44 4
51 29 75
2 45 97
0 11 78
4 4 181
0 26 13
52 3 176
0 47 98
0 36 13
269 16 187
1 50 140
0 38 81
0 5 27
3 54 101
0 34 93
0 34 112
2 51 76
0 17 189
1 41 56
0 13 158
25 18 144
0 52 174
20 52 92
4 4 100
0 32 199
64 48 66
0 57 5
3 32 13
6 44 96
0 29 126
7 10 161
14 24 106
0 46 101
95 37 126
1 58 104
0 31 149
7 29 185
17 18 194
1 9 121
0 52 135
0 30 55
1 56 151
0 33 173
0 1 107
2 40 102
44 30 160
1 9 58
135 58 135
0 20 164
1 55 141
2 36 38
122 9 166
0 4 15
0 30 122
0 11 33
0 50 9
0 52 170
0 49 123
179 13 121
0 30 95
0 42 74
0 46 159
12 51 50
0 54 122
8 26 176
0 37 175
2 56 25
0 22 23
1 45 29
0 19 122
3 50 160
3 25 22
22 5 26
255 11 79
12 10 52
9 43 25
0 35 66
1 55 12
3 0 104
0 9 129
0 31 66
2 29 21
0 41 125
0 18 139
5 58 78
58 55 79
274 35 181
6 38 22
0 53 134
0 11 183
30 42 44
2 25 80
0 31 109
34 43 63
237 21 64
26 48 65
32 44 161
0 42 165
6 56 97
1 11 148
6 41 153
1 39 101
1 34 63
0 47 31
5 24 180
0 0 173
2 26 27
0 24 189
28 6 1
1 13 179
121 32 145
4 29 95
542 48 190
0 32 57
2 28 92
0 14 147
8 33 147
64 9 137
2 18 113
226 31 75
34 21 142
3 26 54
1 27 55
0 59 11
409 30 199
1 55 85
0 19 93
5 12 71
19 49 199
6 5 67
1 8 17
2 23 186
10 50 7
0 8 194
6 43 183
27 41 158
0 48 10
5 32 145
1 56 149
0 2 80
0 0 173
5 50 102
10 20 107
20 41 191
3 8 101
0 49 13
14 55 193
45 17 45
18 3 64
4 32 137
17 18 15
1 23 83
8 25 57
0 39 194
123 10 119
11 43 168
2 49 143
285 31 149
289 30 180
414 58 199
0 25 112
22 49 162
628 49 53
4 26 105
6 48 73
32 18 4
7 51 197
0 11 42
2 1 59
0 41 95
0 55 162
36 35 61
27 34 22
7 30 183
0 59 127
1 32 24
1 51 44
0 0 78
70 38 125
42 32 59
1 7 193
0 46 173
0 26 111
11 15 29
34 16 43
0 36 191
1 43 48
0 44 162
2 42 77
0 21 178
2 6 121
4 15 17
1 24 171
0 35 10
0 56 24
13 29 29
0 55 67
2 48 88
40 12 81
1 30 194
2 19 78
0 42 174
0 18 192
5 1 172
1 32 40
0 44 149
9 33 34
0 52 117
0 9 51
0 24 24
10 40 82
0 40 126
0 12 138
0 26 28
3 13 49
1 5 80
28 41 46
3 2 65
2 18 19
120 50 199
24 35 52
1 31 93
1 45 109
1 23 34
3 22 95
0 2 18
0 57 125
0 16 76
1 30 139
2 14 156
0 24 67
4 2 75
0 48 191
3 11 91
0 41 54
6 21 161
4 43 190
23 37 34
269 16 112
23 11 144
3 18 105
1 51 170
1 16 180
1 30 180
66 26 87
32 16 7
0 34 99
1 37 39
0 4 111
0 58 152
0 58 119
27 12 47
14 35 36
0 31 107
4 29 40
2 29 130
12 49 22
46 2 181
441 31 57
2 50 197
0 5 72
0 35 82
213 58 67
0 41 73
3 51 30
0 18 113
0 58 65
0 11 120
1 58 68
76 39 188
9 49 122
0 7 173
0 51 120
0 7 188
2 33 120
0 45 154
1 26 26
0 28 105
7 25 148
0 21 100
1 41 12
6 15 170
1 53 11
0 3 8
666 59 36
37 11 35
22 31 19
41 40 21
5 1 137
0 1 148
0 8 189
12 40 32
313 23 38
0 10 165
1 43 118
320 36 117
0 7 79
7 8 126
1 13 192
30 42 76
11 47 178
3 9 146
1 40 51
1 57 62
6 16 96
0 2 18
4 0 49
157 38 134
1 59 130
0 16 95
44 30 29
14 47 82
4 49 2
3 27 163
1 47 27
2 30 184
790 16 189
1 3 56
1 42 54
17 8 139
0 37 165
11 25 150
0 21 3
0 23 38
0 7 137
0 37 92
86 52 142
2 33 6
3 31 188
0 19 70
0 41 165
3 15 181
2 57 149
6 45 51
0 20 168
2 19 143
0 59 175
0 32 181
1 58 75
0 43 74
36 34 134
0 54 163
0 31 27
2 24 74
1 40 191
0 46 191
1 34 198
2 38 58
2 15 63
0 14 41
0 46 198
0 36 129
20 56 172
1 51 3
1 55 22
327 12 115
6 58 64
9 24 158
9 10 5
10 41 8
591 52 29
17 13 96
0 54 172
0 14 35
11 55 55
1 16 154
5 5 193
0 37 159
0 56 198
25 47 197
0 10 179
3 39 144
1 1 53
0 20 104
30 7 38
1 10 176
34 0 5
2 30 130
0 16 92
0 14 103
2 13 182
0 20 35
14 35 29
0 1 47
4 4 40
0 21 60
0 6 133
0 29 147
23 33 8
28 55 18
4 59 200
0 0 139
42 18 134
2 31 50
0 33 89
0 36 140
0 37 137
41 14 108
0 14 147
2 36 68
51 2 76
37 54 162
4 59 32
0 2 74
2 38 88
23 22 107
5 47 180
28 2 40
709 11 9
138 4 89
32 42 80
3 0 42
1 34 126
0 37 128
4 42 71
2 24 72
18 53 19
0 54 170
46 51 191
20 19 70
0 47 8
20 56 189
48 33 85
12 2 90
88 22 132
13 44 24
17 19 79
111 46 23
0 26 184
0 54 115
3 39 130
1 21 171
559 48 144
1 0 93
0 41 55
0 1 126
0 45 148
43 12 166
1 21 114
4 48 36
20 30 145
0 1 101
74 26 37
185 15 198
0 45 143
14 56 88
1 31 197
15 33 57
7 14 81
4 2 54
0 1 141
1 50 107
35 22 119
0 21 17
20 41 183
3 31 43
7 31 74
3 55 122
25 34 105
3 46 7
26 5 156
3 35 83
148 46 111
2 56 63
1 20 57
0 56 175
0 29 192
112 11 161
1 10 79
123 21 84
3 27 109
0 30 124
2 49 10
0 13 165
0 26 134
0 32 155
3 56 181
0 22 190
0 46 151
0 10 97
119 27 126
4 3 42
0 54 180
1 30 122
3 10 82
40 58 176
3 23 95
0 31 95
3 59 48
0 35 94
8 21 163
0 15 86
12 1 57
0 46 55
0 23 62
7 56 125
4 1 39
0 57 180
0 3 156
1 23 145
0 21 34
4 41 41
31 23 134
60 22 137
1 32 176
2 7 133
7 17 18
6 49 131
0 11 6
0 11 37
1 10 20
2 50 156
0 23 132
0 18 168
1 17 26
3 57 14
0 6 19
2 34 23
1 45 69
5 47 179
7 31 109
0 44 8
3 58 122
0 56 84
3 9 156
3 37 179
0 25 179
2 41 96
0 16 75
289 42 161
4 5 150
5 57 191
0 35 95
21 9 11
0 28 66
38 3 145
1 17 145
41 29 197
7 23 195
1 42 18
1 13 162
1 15 38
1 46 78
13 48 58
0 24 177
2 38 141
4 10 159
0 22 184
3 35 119
1 34 67
0 5 4
4 8 164
0 6 138
0 50 58
0 49 151
17 8 197
0 6 46
0 44 76
0 49 20
0 29 186
9 42 151
6 0 105
2 45 178
1 7 106
0 40 136
4 39 148
1 16 143
0 18 133
0 34 173
0 39 87
1 47 92
20 52 91
1 10 61
1 3 120
0 20 20
298 18 165
0 38 177
593 47 132
6 32 183
0 32 58
3 56 123
1 30 120
1 28 142
45 46 74
9 13 29
1 33 12
300 49 195
3 17 189
1 21 75
106 19 178
2 27 85
0 39 150
0 32 72
2 48 78
4 18 24
3 36 143
3 20 108
4 44 36
0 2 139
14 9 167
5 24 145
25 39 109
277 36 109
0 18 30
4 29 56
6 58 41
1 21 155
6 37 60
0 36 185
1 13 120
0 10 31
0 57 111
0 35 118
0 26 186
143 53 196
0 25 65
2 21 70
29 7 43
0 30 25
76 25 113
0 11 25
3 32 60
1 53 44
11 5 54
0 59 26
0 31 17
21 5 48
0 10 102
0 19 19
10 40 55
32 17 138
0 35 103
2 9 200
0 31 191
1 16 47
29 26 102
0 39 16
1 56 165
0 7 154
74 22 198
4 54 66
0 4 134
1 14 118
1 33 103
3 7 106
0 36 103
2 25 105
284 27 194
0 13 75
438 34 93
8 39 8
0 0 183
34 39 122
0 48 20
0 45 25
13 59 2
0 10 53
4 29 116
0 55 148
39 50 146
5 35 152
9 37 165
4 35 71
36 11 94
28 6 97
19 4 163
0 46 44
9 19 189
39 55 113
1 17 184
0 46 178
7 6 144
96 59 94
7 47 39
6 8 72
52 9 137
16 45 28
0 5 191
2 34 117
0 43 172
3 36 181
0 54 13
0 19 17
0 47 55
0 20 133
13 50 126
1 43 37
0 59 125
92 51 127
0 19 129
120 59 66
6 48 32
52 58 127
23 25 129
3 45 59
9 27 29
6 23 53
7 25 152
0 10 73
17 7 74
1 33 153
11 34 179
0 33 115
0 0 17
62 57 85
1 36 78
8 6 81
16 11 180
0 6 134
43 40 33
21 19 19
3 45 184
2 5 103
1 33 144
0 0 60
2 21 70
1 50 58
2 10 185
9 14 108
66 4 141
0 3 153
17 0 118
32 45 82
3 48 47
1 17 108
0 30 80
0 28 191
23 39 183
9 15 3
0 21 108
1 32 87
3 38 93
0 20 159
4 19 8
1 13 148
0 54 108
0 18 10
43 24 35
110 16 198
0 49 85
18 4 130
0 34 121
18 18 58
1 36 164
0 29 196
1 7 111
1 7 12
26 26 135
1 11 166
26 1 199
4 52 99
0 3 115
14 36 60
0 9 97
42 47 133
8 21 64
5 29 77
11 27 124
10 46 149
380 11 134
1 7 152
2 44 187
0 39 77
1 5 191
7 24 71
6 42 174
0 18 36
1 55 46
0 9 126
1 36 115
0 41 126
0 41 165
33 35 142
4 55 106
0 56 15
12 3 135
0 31 124
9 14 148
1 0 42
1 51 33
20 18 183
4 29 146
569 35 15
1 40 11
167 56 7
0 30 20
14 35 159
1 44 87
3 30 89
3 10 114
0 24 194
10 39 199
1 46 156
1 40 140
211 44 194
9 28 189
13 19 60
0 18 118
9 13 7
63 4 97
4 28 26
0 26 58
0 2 65
0 45 73
1 26 196
5 27 76
2 14 65
4 2 55
5 9 5
1 57 67
1 11 138
0 10 69
4 33 95
24 20 189
0 58 106
1 57 131
0 33 170
16 9 172
77 32 63
1 27 158
0 50 181
39 15 4
1 44 139
5 53 191
232 56 38
0 20 195
5 51 166
3 31 166
40 12 131
111 13 186
98 12 86
0 37 113
16 12 72
0 30 47
0 41 101
369 22 13
0 2 109
0 29 146
4 42 96
1 57 148
38 51 3
0 58 88
0 16 91
0 1 139
3 15 151
1 53 14
23 26 164
0 41 53
10 29 125
2 44 164
4 28 85
0 48 85
7 24 165
2 10 111
2 2 145
6 37 132
0 28 176
12 16 43
2 44 39
0 17 119
0 43 108
4 47 93
7 5 49
0 53 90
0 53 193
0 25 179
2 1 12
0 32 168
6 5 98
1 35 3
460 41 53
148 53 189
30 44 9
2 19 150
1 41 71
0 29 91
19 34 177
2 32 29
2 3 191
2 37 25
0 20 145
0 33 144
0 36 162
3 15 154
0 16 48
3 47 148
6 6 37
22 16 131
1 27 101
0 25 17
11 49 18
0 56 47
5 26 190
1 31 85
0 21 16
1 14 22
5 24 11
0 44 168
3 24 99
6 8 133
4 4 137
52 31 107
1 22 182
0 22 32
15 28 126
1 17 127
2 27 126
0 21 117
4 56 41
18 2 34
8 53 135
159 11 67
4 48 75
8 37 196
129 43 25
0 57 78
1 40 130
11 5 179
82 41 66
1 53 176
0 29 130
153 33 172
4 30 192
756 21 70
3 14 158
0 12 80
1 21 42
6 59 168
3 43 7
0 34 7
0 19 87
2 7 21
130 4 144
0 28 199
0 29 185
112 59 103
0 42 145
0 29 26
1 41 106
1 33 27
1 6 142
552 47 15
16 31 170
8 15 129
34 22 10
8 25 68
6 13 148
0 21 23
0 1 104
4 54 70
1 42 48
0 15 58
11 48 121
0 0 116
1 15 137
0 19 23
1 12 27
0 57 95
1 43 34
0 16 99
61 39 35
5 44 17
0 55 149
39 14 49
4 50 27
7 21 59
1 57 42
0 10 43
73 37 154
10 13 28
161 49 170
1 50 32
65 1 62
4 51 130
0 51 155
15 19 157
7 26 185
135 50 148
1 11 127
3 23 105
4 15 48
60 15 40
102 6 173
0 15 193
20 2 153
13 1 148
242 3 136
20 21 46
1 4 75
0 19 187
5 7 189
14 7 181
0 11 13
0 36 6
20 48 177
4 34 83
0 38 141
0 56 154
9 48 60
5 13 164
232 38 12
2 2 141
8 25 186
657 36 102
3 47 47
81 16 158
0 46 159
0 50 98
2 12 30
2 58 93
62 19 131
0 59 160
0 31 191
0 6 28
0 59 26
61 45 101
0 25 39
11 35 144
13 50 64
0 11 145
4 16 70
12 51 77
0 11 117
1 37 193
0 58 154
0 42 40
41 24 18
2 8 117
1 3 135
0 28 139
10 18 39
0 0 4
0 24 166
11 16 186
3 39 51
3 41 48
0 30 28
0 48 175
0 57 64
52 3 123
12 38 38
0 32 21
70 4 143
6 42 128
0 36 140
1 24 70
0 54 187
41 48 68
0 45 53
1 38 103
0 33 19
0 18 85
65 36 97
1 34 187
1 42 102
2 5 37
0 54 122
8 30 69
19 12 79
22 26 93
29 33 136
1 28 131
329 4 171
2 32 157
0 21 102
0 1 56
0 30 149
151 38 179
1 15 185
16 21 98
15 3 88
0 21 31
67 51 16
0 10 33
1 31 119
2 49 125
0 25 166
391 23 180
50 41 134
0 46 94
0 22 95
6 31 103
4 18 124
2 48 192
40 39 112
3 0 151
1 15 40
0 51 196
7 35 122
28 33 54
1 19 91
0 10 157
112 17 11
4 34 199
0 55 166
0 9 87
1 43 73
0 57 49
0 10 172
3 37 46
8 47 148
29 4 80
0 55 13
0 37 33
0 12 165
0 56 151
109 44 70
222 1 194
7 53 102
0 37 50
3 29 104
1 28 21
0 58 5
16 23 30
1 55 27
0 31 50
1 47 28
0 18 178
35 33 132
0 55 117
6 16 126
11 56 167
2 4 112
6 7 133
649 50 39
1 34 71
0 7 20
7 53 14
18 38 25
3 3 162
0 55 163
22 35 175
1 39 22
0 5 151
2 28 1
0 35 94
0 56 44
19 57 194
0 58 133
327 22 18
0 45 185
2 57 43
0 10 28
28 0 116
7 45 69
24 18 128
3 18 160
456 16 18
178 43 95
4 34 97
121 44 117
0 56 186
0 32 144
17 45 100
146 59 135
0 3 66
0 50 166
1 31 26
13 25 6
1 46 153
10 50 140
0 36 196
65 57 68
12 29 35
1 8 52
0 57 122
30 35 70
6 14 178
0 9 59
0 42 157
4 54 129
1 37 47
0 20 6
4 6 57
29 36 11
4 42 196
3 44 91
0 0 175
0 20 181
236 33 71
4 14 186
1 39 131
1 11 190
1 45 99
1 40 5
15 24 164
1 58 195
1 49 77
350 23 185
177 30 51
29 13 105
0 37 69
2 12 116
0 24 63
2 54 16
6 10 38
122 14 113
2 13 183
53 41 104
0 47 160
0 41 135
1 52 41
0 9 75
1 43 85
0 30 126
0 55 180
484 47 180
0 35 155
0 11 100
44 5 24
9 53 141
8 54 42
684 21 63
16 1 13
32 45 114
0 0 5
3 25 196
3 6 100
8 38 19
1 2 18
1 36 6
166 21 199
19 40 118
6 59 71
3 16 98
0 52 157
0 53 65
0 31 185
0 51 197
9 24 71
152 55 145
12 26 190
10 31 14
2 17 49
1 40 122
0 41 195
3 27 18
0 29 24
0 43 37
0 12 21
0 14 130
3 24 187
1 37 37
0 34 97
27 23 73
0 10 135
1 8 78
174 0 135
0 34 124
0 23 179
0 54 125
3 8 139
88 50 25
3 7 146
0 41 147
0 8 40
2 6 144
0 56 22
8 24 168
5 54 131
62 23 31
0 13 4
186 33 16
35 6 16
0 17 169
0 50 89
0 4 90
1 11 193
0 38 37
24 40 177
8 29 149
12 16 22
129 51 181
4 22 29
24 42 82
1 28 149
43 58 173
46 6 102
34 36 27
0 26 180
1 18 102
5 58 191
5 21 93
1 16 117
16 52 140
0 23 27
1 44 92
42 24 125
0 49 3
8 44 68
1 35 199
0 5 1
0 15 10
3 25 132
3 2 137
0 2 77
101 35 24
0 49 93
32 40 32
1 53 58
3 39 162
31 5 163
0 21 183
9 28 118
13 43 74
0 15 49
0 1 43
1 24 185
1 16 80
1 12 11
1 21 85
0 3 127
0 7 191
10 26 96
16 38 79
5 19 142
0 51 158
32 52 22
0 36 119
0 34 29
1 48 17
0 44 68
0 22 105
101 0 124
0 36 183
0 57 169
1 57 40
0 24 85
0 15 46
0 59 79
0 38 174
0 18 15
0 8 173
3 15 140
0 46 194
166 43 88
2 1 78
0 34 171
94 53 1
0 29 155
2 28 87
1 6 94
0 49 33
2 52 27
0 20 189
0 37 187
0 31 169
6 58 167
9 39 168
2 52 47
10 25 129
0 55 42
0 35 30
1 53 114
65 41 46
0 19 21
0 26 127
3 6 49
4 0 196
0 53 57
30 14 19
109 39 156
42 58 48
1 54 44
3 20 138
0 7 50
23 11 180
0 34 132
2 35 14
8 57 159
31 25 23
29 46 82
1 5 36
50 58 125
0 53 131
0 53 118
19 6 134
0 33 19
4 21 137
0 29 18
333 44 194
0 49 59
1 9 85
1 42 61
5 41 61
5 10 65
0 15 161
0 58 162
10 39 123
0 8 156
4 7 82
0 9 20
0 1 104
393 19 115
288 27 97
89 13 147
2 21 90
0 14 86
3 4 188
0 27 73
0 14 176
34 8 114
0 4 76
0 59 8
0 20 45
5 43 4
0 43 65
1 15 150
15 48 164
1 37 79
0 20 49
0 42 93
105 16 26
1 22 57
8 53 27
0 1 143
2 26 11
9 14 40
0 37 86
16 17 181
4 36 163
0 39 55
2 33 81
0 0 37
5 45 168
189 47 162
1 12 47
4 16 4
6 51 150
28 55 30
14 24 159
6 4 99
9 9 113
1 52 153
0 23 107
6 18 52
0 5 35
0 48 84
124 8 26
1 1 98
0 15 159
2 20 47
23 38 166
3 41 72
132 9 114
2 56 102
0 12 179
0 7 70
85 45 125
18 42 101
0 30 176
47 10 122
19 54 124
2 51 187
10 3 102
31 34 63
1 38 55
2 20 112
8 5 63
0 33 65
0 9 154
3 47 60
0 43 192
81 33 155
54 3 84
0 23 38
0 1 141
3 32 162
0 46 65
0 52 40
0 6 4
2 30 122
4 10 184
0 30 146
0 49 98
0 9 166
0 58 180
2 11 130
7 44 111
113 22 51
10 1 16
11 23 146
0 46 144
1 24 20
3 11 90
1 28 120
1 19 175
2 7 132
2 40 169
2 42 166
0 18 96
19 8 137
0 35 5
3 10 22
0 47 158
0 3 40
9 54 158
1 6 82
2 4 130
0 21 162
0 44 68
0 57 108
0 21 83
33 39 116
158 53 152
0 56 74
0 19 67
0 36 159
0 43 105
0 52 145
536 16 31
2 0 146
0 13 86
3 37 54
0 33 48
26 1 77
0 45 73
3 40 47
1 39 176
1 28 46
0 8 48
0 7 139
10 40 15
2 19 97
13 36 3
0 38 91
0 47 189
0 4 175
12 18 7
1 26 113
0 9 164
18 31 148
0 5 131
60 53 117
0 26 170
313 54 136
0 27 19
1 37 164
6 55 195
4 19 155
0 15 1
110 51 84
0 25 110
413 2 112
0 25 64
21 5 184
0 40 171
24 43 160
6 2 61
47 46 93
0 42 37
0 39 99
259 59 130
0 47 7
1 45 182
257 23 140
1 52 96
3 37 46
136 13 131
0 44 80
0 27 59
77 28 132
1 59 48
0 43 108
13 44 5
0 55 15
1 9 118
0 55 60
1 29 22
0 35 193
2 39 29
6 31 91
0 36 18
58 22 119
15 17 6
0 53 21
22 39 38
0 26 183
1 0 160
7 43 134
1 6 3
18 19 81
98 26 126
0 1 34
3 9 114
14 27 195
2 8 186
0 33 132
3 7 37
0 14 65
647 4 52
0 30 33
181 31 109
1 14 176
0 58 13
0 7 185
26 19 59
0 27 89
0 58 22
0 29 69
0 22 104
2 54 176
